Brand,Model,Also Known As,Device Type,URL,Scraped At,Announced,Release Year,Status,Length mm,Width mm,Height mm,Weight g,Display Size inches,Resolution Width px,Resolution Height px,PPI,Storage Options,RAM Options,Main Camera MP,Selfie Camera MP,Battery mAh,SAR US Head W/kg,SAR US Body W/kg,SAR EU Head W/kg,SAR EU Body W/kg,Price USD,Price EUR,Price GBP,Price INR,Price Raw,Battery_Charging,Battery_Stand-by,Battery_Talk time,Battery_Type,Body,Body_Dimensions,Body_SIM,Body_Weight,Camera,Comms_Bluetooth,Comms_NFC,Comms_Positioning,Comms_Radio,Comms_USB,Comms_WLAN,Display,Display_Protection,Display_Resolution,Display_Size,Display_Type,EU LABEL_Battery,EU LABEL_Energy,EU LABEL_Free fall,EU LABEL_Repairability,Features,Features_Alarm,Features_Browser,Features_Clock,Features_Games,Features_Java,Features_Languages,Features_Messaging,Features_Sensors,Launch_Announced,Launch_Status,Main Camera_Dual,Main Camera_Features,Main Camera_Single,Main Camera_Triple,Main Camera_Video,Memory,Memory_Call records,Memory_Card slot,Memory_Internal,Memory_Phonebook,Misc_Colors,Misc_Models,Misc_Price,Misc_SAR,Misc_SAR EU,Network,Network_2,Network_2G bands,Network_3G bands,Network_4G bands,Network_5G bands,Network_EDGE,Network_GPRS,Network_Speed,Network_Technology,Our Tests_Loudspeaker,Platform_CPU,Platform_Chipset,Platform_GPU,Platform_OS,Selfie camera,Selfie camera_Single,Selfie camera_Video,Sound_3.5mm jack,Sound_Alert types,Sound_Loudspeaker,Battery_Music play,Body_Keyboard,Comms_Infrared port,Our Tests_Audio quality,Our Tests_Camera,Sound,Body_Build,Main Camera_Quad,Our Tests_Battery (old),Our Tests_Display,Our Tests_Performance,Selfie camera_Dual,Selfie camera_Features,Main Camera,Network_3,Network_4,Network_5,Battery_Stand-by_2,Battery_Talk time_2,Our Tests_Battery,Selfie camera_Triple
Samsung,Samsung F330,,Phone,https://www.gsmarena.com/samsung_f330-2090.php,2026-06-03 05:17 UTC,"2007, August. Released 2007, December",2007.0,Discontinued,103.0,48.0,13.5,98.0,2.1,240.0,320.0,190.0,24MB,,2.0,,,0.99,0.6,0.76,,,,,,About 110 EUR,,Up to 300 h,Up to 3 h 20 min,Removable battery,,103 x 48 x 13.5 mm (4.06 x 1.89 x 0.53 in),Mini-SIM,98 g (3.46 oz),,"2.0, A2DP",,No,"Stereo FM radio, RDS",2.0,No,,,"240 x 320 pixels, 4:3 ratio (~190 ppi density)","2.1 inches, 13.7 cm 2 (~27.6% screen-to-body ratio)","TFT, 256K colors",,,,,MP3/eACC/WMA player MP4/H.263 player Photo editor Organizer Voice memo Predictive text input,,WAP 2.0/xHTML,,Yes + downloadable,"Yes, MIDP 2.0",,"SMS, EMS, MMS, Email",,"2007, August. Released 2007, December",Discontinued,,,2 MP,,Yes,,"30 dialed, 30 received, 30 missed calls",microSD (dedicated slot),24MB,"1000 entries, Photo call",Ice White,,About 110 EUR,0.99 W/kg (head)     0.60 W/kg (body),0.76 W/kg (head),,,GSM 900 / 1800 / 1900,HSDPA 2100,,,,,HSPA 3.6/0.384 Mbps,GSM / HSPA,,,,,,,VGA videocall camera,,No,"Vibration, MP3 ringtones",Yes,,,,,,,,,,,,,,,,,,,,,
Samsung,Samsung F250,Also known as Samsung Fame,Phone,https://www.gsmarena.com/samsung_f250-2186.php,2026-06-03 05:17 UTC,"2007, August. Released 2008, January",2007.0,Discontinued,94.0,46.0,17.5,96.0,2.0,128.0,160.0,102.0,20MB,,3.0,,800.0,0.25,0.15,0.53,,,,,,About 80 EUR,,Up to 290 h,Up to 6 h,Removable Li-Ion 800 mAh battery,,94 x 46 x 17.5 mm (3.70 x 1.81 x 0.69 in),Mini-SIM,96 g (3.39 oz),,"2.0, A2DP",,No,FM radio,2.0,No,,,128 x 160 pixels (~102 ppi density),"2.0 inches, 12.6 cm 2 (~29.1% screen-to-body ratio)","TFT, 65K colors",,,,,MP3/AAC/eACC/WMA player Predictive text input Photo editor Organizer Voice memo,,WAP 2.0/xHTML,,Yes + downloadable,"Yes, MIDP 2.0",,"SMS, MMS, Email",,"2007, August. Released 2008, January",Discontinued,,,1.3 MP,,Yes,,"30 dialed, 30 received, 30 missed calls",microSD (dedicated slot),20MB,"1000 entries, Photo call","Black, Ice Blue, Candy Red, Metallic Green, Caramel Orange",,About 80 EUR,0.25 W/kg (head)     0.15 W/kg (body),0.53 W/kg (head),,,GSM 900 / 1800 / 1900,,,,Class 10,Class 10,,GSM,,,,,,No,,,Yes,"Vibration; Downloadable polyphonic, MP3 ringtones",Yes,,,,,,,,,,,,,,,,,,,,,
Samsung,Samsung i450,,Phone,https://www.gsmarena.com/samsung_i450-2076.php,2026-06-03 05:17 UTC,"2007, August. Released 2008, February",2007.0,Discontinued,101.0,52.0,17.8,114.0,2.4,240.0,320.0,167.0,40MB,,2.0,,,,,0.83,,,,,,About 160 EUR,,Up to 500 h,Up to 5 h,Removable Li-Ion battery,,101 x 52 x 17.8 mm (3.98 x 2.05 x 0.70 in),Mini-SIM,114 g (4.02 oz),,"2.0, A2DP",,No,"Stereo FM radio, RDS",2.0,No,,,"240 x 320 pixels, 4:3 ratio (~167 ppi density)","2.4 inches, 17.8 cm 2 (~34.0% screen-to-body ratio)","TFT, 256K colors",,,,,"WMV/RV/MP4/3GP player MP3/WMA/WAV/RA/AAC/M4A player Organizer Document viewer (Word, Excel, PowerPoint, PDF)",,"WAP 2.0/xHTML, HTML",,,,,,,"2007, August. Released 2008, February",Discontinued,,LED flash,2 MP,,Yes,,,microSD (dedicated slot),40MB,,Dark Blue,,About 160 EUR,,0.83 W/kg (head),,,GSM 900 / 1800 / 1900,HSDPA 2100,,,,,HSPA 3.6/0.384 Mbps,GSM / HSPA,Voice 70dB / Noise 72dB / Ring 75dB,330 MHz ARM 1136,TI OMAP 2431,PowerVR MBX,"Symbian OS 9.2, Series 60 v3.1 UI",,VGA videocall camera,,Yes,"Vibration; Downloadable polyphonic, MP3 ringtones",Yes,,,,,,,,,,,,,,,,,,,,,
Samsung,Samsung Armani,Formerly known as Samsung P520,Phone,https://www.gsmarena.com/samsung_armani-2046.php,2026-06-03 05:17 UTC,"2007, September. Released 2007, December",2007.0,Discontinued,87.5,54.5,10.5,85.0,2.6,240.0,320.0,154.0,60MB,,15.0,,880.0,1.44,0.36,0.92,,,,,,About 290 EUR,,Up to 220 h,Up to 6 h,Removable Li-Ion 880 mAh battery,,87.5 x 54.5 x 10.5 mm (3.44 x 2.15 x 0.41 in),Mini-SIM,85 g (3.00 oz),,"2.0, A2DP",,No,No,2.0,No,,,"240 x 320 pixels, 4:3 ratio (~154 ppi density)","2.6 inches, 20.9 cm 2 (~43.9% screen-to-body ratio)","TFT resistive touchscreen, 256K colors",,,,,"MP3/ACC/ACC+ player Document viewer (Word, Excel, PowerPoint, PDF) Organizer Voice memo",,WAP 2.0/xHTML,,2 + downloadable,"Yes, MIDP 2.0",,"SMS, MMS, Email",,"2007, September. Released 2007, December",Discontinued,,,3.15 MP,,CIF,,"30 dialed, 30 received, 3 0 missed calls",microSD (dedicated slot),60MB,"1000 entries, Photo call",Black,,About 290 EUR,1.44 W/kg (head)     0.36 W/kg (body),0.92 W/kg (head),,,GSM 900 / 1800 / 1900,,,,Yes,Class 10,,GSM,Voice 69dB / Noise 64dB / Ring 71dB,,,,,No,,,No,"Vibration; Downloadable polyphonic, MP3 ringtones",No,,,,,,,,,,,,,,,,,,,,,
Samsung,Samsung J610,,Watch,https://www.gsmarena.com/samsung_j610-2164.php,2026-06-03 05:17 UTC,"2007, October. Released 2008, January",2007.0,Discontinued,98.5,48.2,15.9,81.0,1.9,176.0,220.0,148.0,15MB,,2.0,,800.0,0.27,0.14,0.85,,,,,,About 90 EUR,,Up to 250 h,Up to 2 h 30 min,Removable Li-Ion 800 mAh battery,,98.5 x 48.2 x 15.9 mm (3.88 x 1.90 x 0.63 in),Mini-SIM,81 g (2.86 oz),,2.0,,No,FM radio,2.0,No,,,176 x 220 pixels (~148 ppi density),"1.9 inches, 11.4 cm 2 (~23.9% screen-to-body ratio)","TFT, 65K colors",,,,,MP3/AAC/AAC+/WMA player MP4/3gp player Organizer Currency converter Voice memo Predictive text input,,"WAP 2.0/WAP Push, xHTML",,Yes,"Yes, MIDP 2.0",,"SMS, MMS, EMS",,"2007, October. Released 2008, January",Discontinued,,,2 MP,,Yes,,"20 dialed, 20 received, 20 missed calls",microSD (dedicated slot),15MB,"Yes, Photo call","Gray, White, Red, Blue",,About 90 EUR,0.27 W/kg (head)     0.14 W/kg (body),0.85 W/kg (head),,,GSM 900 / 1800 / 1900,,,,Class 10,Class 10,,GSM,,,,,,No,,,No,"Vibration; Downloadable polyphonic, MP3 ringtones",No,,,,,,,,,,,,,,,,,,,,,
Samsung,Samsung J400,,Phone,https://www.gsmarena.com/samsung_j400-2224.php,2026-06-03 05:17 UTC,"2008, January. Released 2008, October",2008.0,Discontinued,99.0,49.5,15.9,101.2,2.0,176.0,220.0,141.0,8MB,,3.0,,820.0,0.37,0.56,0.19,,,,,,About 80 EUR,,Up to 250 h,Up to 3 h,Removable Li-Ion 820 mAh battery,,99 x 49.5 x 15.9 mm (3.90 x 1.95 x 0.63 in),Mini-SIM,101.2 g (3.56 oz),,2.0,,No,No,2.0,No,"Second external, monochrome display (96 x 96 pixels)",,176 x 220 pixels (~141 ppi density),"2.0 inches, 12.6 cm 2 (~25.7% screen-to-body ratio)","TFT, 256K colors",,,,,MP3/AAC/AAC+/WMA player MP4/3gp player Organizer Currency converter Voice memo Predictive text input,,"WAP 2.0/xHTML, HTML (NetFront 3.4)",,Yes,"Yes, MIDP 2.0",,"SMS, EMS, MMS, Email",,"2008, January. Released 2008, October",Discontinued,,,1.3 MP,,QCIF,,"20 dialed, 20 received, 20 missed calls",microSD (dedicated slot),8MB,"1000 entries, Photocall",Black,,About 80 EUR,0.37 W/kg (head)     0.56 W/kg (body),0.19 W/kg (head),,,GSM 900 / 1800 / 1900,UMTS 2100,,,,,"Yes, 384 kbps",GSM / UMTS,,,,,,,VGA videocall camera,,No,"Vibration; Downloadable polyphonic, MP3 ringtones",No,,,,,,,,,,,,,,,,,,,,,
Siemens,Siemens S10,,Phone,https://www.gsmarena.com/siemens_s10-86.php,2026-06-03 05:17 UTC,1998,,Discontinued,147.0,46.0,25.0,185.0,,97.0,54.0,,,,,,1800.0,,,,,,,,,,,120 h,10 h,Removable Li-Ion 1800 mAh battery,,"147 x 46 x 25 mm, 160 cc (5.79 x 1.81 x 0.98 in)",Mini-SIM,185 g (6.53 oz),No,No,,No,No,,No,Dynamic font size Softkey,,"97 x 54 pixels, 6 lines, 16:9 ratio",,Color graphic,,,,,Voice memo (20 sec) Help function,Yes,,Yes,No,No,20.0,SMS,,1998,Discontinued,,,,,,,"10 dialed, 10 received, 10 missed calls",No,,50,Anthracite,,,,,,,GSM 900,,,,No,No,,GSM,,,,,,,,,No,Monophonic ringtones,No,,,,,,,,,,,,,,,,,,,,,
Siemens,Siemens S11,,Phone,https://www.gsmarena.com/siemens_s11-87.php,2026-06-03 05:17 UTC,1998,,Discontinued,147.0,46.0,25.0,185.0,,97.0,54.0,,,,,,1800.0,,,,,,,,,,,120 h,10 h,Removable Li-Ion 1800 mAh battery,,"147 x 46 x 25 mm, 160 cc (5.79 x 1.81 x 0.98 in)",Mini-SIM,185 g (6.53 oz),No,No,,No,No,,No,Dynamic font size Softkey,,"97 x 54 pixels, 6 lines, 16:9 ratio",,Color graphic,,,,,Voice memo (20 sec) Help function,Yes,,Yes,No,No,20.0,SMS,,1998,Discontinued,,,,,,,"10 dialed, 10 received, 10 missed calls",No,,50,Anthracite,,,,,,,GSM 1800,,,,No,No,,GSM,,,,,,,,,No,Monophonic ringtones,No,,,,,,,,,,,,,,,,,,,,,
Siemens,Siemens C10,,Phone,https://www.gsmarena.com/siemens_c10-84.php,2026-06-03 05:17 UTC,1998,,Discontinued,137.0,55.0,22.0,165.0,,,,,,,,,700.0,,,,,,,,,,,80 h,5 h,Removable NiMH 700 mAh battery,,"137 x 55 x 22 mm, 149 cc (5.39 x 2.17 x 0.87 in)",Mini-SIM,165 g (5.82 oz),No,No,,No,No,,No,Fixed icons Softkey,,3 x 12 chars,,Alphanumeric,,,,,,No,,No,No,No,20.0,SMS,,1998,Discontinued,,,,,,,"5 dialed, 4 received, 4 missed calls",No,,50,"3 - blue, red, grey",,,,,,,GSM 900,,,,No,No,,GSM,,,,,,,,,No,Monophonic ringtones,No,,,,,,,,,,,,,,,,,,,,,
Siemens,Siemens C11,,Phone,https://www.gsmarena.com/siemens_c11-85.php,2026-06-03 05:17 UTC,1998,,Discontinued,137.0,55.0,22.0,165.0,,,,,,,,,700.0,,,,,,,,,,,80 h,5 h,Removable NiMH 700 mAh battery,,"137 x 55 x 22 mm, 149 cc (5.39 x 2.17 x 0.87 in)",Mini-SIM,165 g (5.82 oz),No,No,,No,No,,No,Fixed icons Softkey,,3 x 12 chars,,Alphanumeric,,,,,,No,,No,No,No,20.0,SMS,,1998,Discontinued,,,,,,,"5 dialed, 4 received, 4 missed calls",No,,50,"3 - blue, red, grey",,,,,,,GSM 1800,,,,No,No,,GSM,,,,,,,,,No,Monophonic ringtones,No,,,,,,,,,,,,,,,,,,,,,
Sonim,Sonim XP Pro E,,Phone,https://www.gsmarena.com/sonim_xp_pro_e_5g-14273.php,2026-06-03 05:17 UTC,"2025, July 09",2025.0,"Available. Released 2025, October",171.5,80.0,11.5,267.0,6.58,1080.0,2408.0,401.0,256GB,8GB,50.0,16.0,5000.0,,,,,,,,,About 670 EUR,Wireless charging,,,5000 mAh,IP68/IP69K dust tight and water resistant (high pressure water jets; immersible up to 2m for 60 min) MIL-STD-810H compliant Drop resistant up to 2m,171.5 x 80 x 11.5 mm (6.75 x 3.15 x 0.45 in),Nano-SIM,267 g (9.42 oz),,"5.3, A2DP, LE",Yes,"GPS (L1+L5), GALILEO",Unspecified,"USB Type-C, magnetic connector pins","Wi-Fi 802.11 a/b/g/n/ac/6, tri-band",,"Corning Gorilla Glass Victus 2, Mohs level 5","1080 x 2408 pixels, 20:9 ratio (~401 ppi density)","6.58 inches, 104.3 cm 2 (~76.0% screen-to-body ratio)","IPS LCD, 90Hz","41:21h endurance, 1000 cycles",Class C,Class A (300 falls),Class C,Google AER Certified,,,,,,,,"Fingerprint (side-mounted), accelerometer, gyro, proximity, compass, barometer","2025, July 09","Available. Released 2025, October","50 MP, (wide), PDAF 13 MP, (ultrawide)",LED flash,,,"4K@30fps, 1080p@30fps",,,microSDXC (dedicated slot),256GB 8GB RAM,,Black,X802,About 670 EUR,,,,,GSM 850 / 900 / 1800 / 1900,HSDPA 850 / 900 / 1700(AWS) / 1900 / 2100,"1, 2, 3, 4, 5, 7, 8, 12, 13, 14, 18, 20, 25, 26, 28, 29, 30, 38, 39, 40, 41, 42, 43, 46, 48, 66, 68, 71","1, 2, 3, 5, 7, 14, 20, 25, 26, 28, 30, 38, 40, 41, 48, 66, 70, 71, 77, 78 SA/NSA/Sub6/mmWave",,,"HSPA, LTE, 5G",GSM / HSPA / LTE / 5G,,Octa-core (1x2.63 GHz Cortex-A715 & 3x2.4 GHz Cortex-A715 & 4x1.8 GHz Cortex-A510),Qualcomm SM7550-AB Snapdragon 7 Gen 3 (4 nm),Adreno 720,"Android 14, up to 2 major Android upgrades",,"16 MP, (wide)",1080p@30fps,No,,"Yes, with stereo speakers (100dB+)",,,,,,,,,,,,,,,,,,,,,
Sonim,Sonim XP Pro Thermal,,Phone,https://www.gsmarena.com/sonim_xp_pro_thermal_5g-14272.php,2026-06-03 05:17 UTC,"2025, February 27",2025.0,"Available. Released 2025, July 24",171.5,80.0,11.5,267.0,6.58,1080.0,2408.0,401.0,256GB,8GB,50.0,16.0,5000.0,,,,,,,,,About 770 EUR,Wireless charging,,,5000 mAh,IP68/IP69K dust tight and water resistant (high pressure water jets; immersible up to 2m for 60 min) MIL-STD-810H compliant Drop resistant up to 2m,171.5 x 80 x 11.5 mm (6.75 x 3.15 x 0.45 in),Nano-SIM,267 g (9.42 oz),,"5.3, A2DP, LE",Yes,"GPS (L1+L5), GALILEO",Unspecified,"USB Type-C, magnetic connector pins","Wi-Fi 802.11 a/b/g/n/ac/6, tri-band",,"Corning Gorilla Glass Victus 2, Mohs level 5","1080 x 2408 pixels, 20:9 ratio (~401 ppi density)","6.58 inches, 104.3 cm 2 (~76.0% screen-to-body ratio)","IPS LCD, 90Hz","41:21h endurance, 1000 cycles",Class C,Class A (300 falls),Class C,Google AER Certified,,,,,,,,"Fingerprint (side-mounted), accelerometer, gyro, proximity, compass, barometer","2025, February 27","Available. Released 2025, July 24","50 MP, (wide), PDAF FLIR thermal camera (Lepton 3.5 module)",LED flash,,,"4K@30fps, 1080p@30fps",,,microSDXC (dedicated slot),256GB 8GB RAM,,Black,X802,About 770 EUR,,,,,GSM 850 / 900 / 1800 / 1900,HSDPA 850 / 900 / 1700(AWS) / 1900 / 2100,"1, 2, 3, 4, 5, 7, 8, 12, 13, 14, 18, 20, 25, 26, 28, 29, 30, 38, 39, 40, 41, 42, 43, 46, 48, 66, 68, 71","1, 2, 3, 5, 7, 14, 20, 25, 26, 28, 30, 38, 40, 41, 48, 66, 70, 71, 77, 78 SA/NSA/Sub6/mmWave",,,"HSPA, LTE, 5G",GSM / HSPA / LTE / 5G,,Octa-core (1x2.63 GHz Cortex-A715 & 3x2.4 GHz Cortex-A715 & 4x1.8 GHz Cortex-A510),Qualcomm SM7550-AB Snapdragon 7 Gen 3 (4 nm),Adreno 720,"Android 14, up to 2 major Android upgrades",,"16 MP, (wide)",1080p@30fps,No,,"Yes, with stereo speakers (100dB+)",,,,,,,,,,,,,,,,,,,,,
Sonim,Sonim XP400,,Phone,https://www.gsmarena.com/sonim_xp400-13650.php,2026-06-03 05:17 UTC,"2025, January 22",2025.0,"Available. Released 2025, January 22",170.0,78.0,10.2,230.0,6.5,720.0,1612.0,272.0,128GB,6GB,50.0,8.0,5000.0,,,,,,,,,About 250 EUR,,,,5000 mAh,IP68/IP69K dust tight and water resistant (high pressure water jets; immersible up to 1.5m for 30 min) MIL-STD-810H compliant,170 x 78 x 10.2 mm (6.69 x 3.07 x 0.40 in),Nano-SIM + Nano-SIM,230 g (8.11 oz),,"5.1, A2DP, LE",Yes,"GPS (L1+L5), GALILEO, GLONASS",FM radio,USB Type-C 3.1,"Wi-Fi 802.11 a/b/g/n/ac, dual-band",,Corning Gorilla Glass Victus 2,"720 x 1612 pixels, 20:9 ratio (~272 ppi density)","6.5 inches, 101.5 cm 2 (~76.5% screen-to-body ratio)",IPS LCD,,,,,,,,,,,,,"Fingerprint (side-mounted), accelerometer, gyro, proximity, compass, barometer","2025, January 22","Available. Released 2025, January 22","50 MP, (wide), PDAF 5 MP, (ultrawide)",LED flash,,,1080p@30fps,,,microSDXC (uses shared SIM slot),128GB 6GB RAM,,Black,,About 250 EUR,,,,,GSM 850 / 900 / 1800 / 1900,HSDPA 850 / 900 / 1700(AWS) / 1900 / 2100,"1, 3, 5, 7, 8, 20, 26, 28, 32, 38, 40, 41, 42, 68, 71","1, 3, 5, 7, 8, 20, 26, 28, 38, 40, 41, 71, 75, 77, 78 SA/NSA",,,"HSPA, LTE, 5G",GSM / HSPA / LTE / 5G,,Octa-core (2x2.2 GHz Cortex-A78 & 6x1.95 GHz Cortex-A55),Qualcomm SM4450 Snapdragon 4 Gen 2 (4 nm),Adreno 613,"Android 14, up to 2 major Android upgrades",,"8 MP, (wide)",1080p@30fps,No,,"Yes, with stereo speakers",,,,,,,,,,,,,,,,,,,,,
Sonim,Sonim XP Pro,,Phone,https://www.gsmarena.com/sonim_xp_pro-13651.php,2026-06-03 05:17 UTC,"2024, November 21",2024.0,"Available. Released 2024, November 21",171.0,80.0,12.0,277.0,6.58,1080.0,2408.0,401.0,256GB,8GB,50.0,16.0,5000.0,,,,,,,,,About 530 EUR,Wireless charging,,,5000 mAh,IP68/IP69K dust tight and water resistant (high pressure water jets; immersible up to 2m for 60 min) MIL-STD-810H compliant Drop resistant up to 2m,171 x 80 x 12 mm (6.73 x 3.15 x 0.47 in),Nano-SIM + eSIM,277 g (9.77 oz),,"5.3, A2DP, LE",Yes,"GPS (L1+L5), GALILEO",Unspecified,"USB Type-C, magnetic connector pins","Wi-Fi 802.11 a/b/g/n/ac/6, dual-band",,Corning Gorilla Glass Victus 2,"1080 x 2408 pixels, 20:9 ratio (~401 ppi density)","6.58 inches, 104.3 cm 2 (~76.2% screen-to-body ratio)","IPS LCD, 90Hz",,,,,,,,,,,,,"Fingerprint (side-mounted), accelerometer, gyro, proximity, compass, barometer","2024, November 21","Available. Released 2024, November 21",,LED flash,,"50 MP, (wide), PDAF 13 MP, (ultrawide) 2 MP (macro)","4K@30fps, 1080p@30fps",,,microSDXC (dedicated slot),256GB 8GB RAM,,Black,,About 530 EUR,,,,,GSM 850 / 900 / 1800 / 1900,HSDPA 850 / 900 / 1700(AWS) / 1900 / 2100,"1, 2, 3, 4, 5, 7, 8, 12, 13, 14, 18, 20, 25, 26, 28, 29, 30, 38, 39, 40, 41, 42, 43, 46, 48, 66, 71","1, 2, 3, 5, 7, 14, 20, 25, 26, 28, 30, 38, 40, 41, 48, 66, 70, 71, 77, 78, 257, 260, 261 SA/NSA/Sub6/mmWave",,,"HSPA, LTE, 5G",GSM / HSPA / LTE / 5G,,Octa-core (1x2.63 GHz Cortex-A715 & 3x2.4 GHz Cortex-A715 & 4x1.8 GHz Cortex-A510),Qualcomm SM7550-AB Snapdragon 7 Gen 3 (4 nm),Adreno 720,"Android 14, up to 2 major Android upgrades",,"16 MP, (wide)",1080p@30fps,No,,"Yes, with stereo speakers (100dB+)",,,,,,,,,,,,,,,,,,,,,
Sonim,Sonim XP10,,Phone,https://www.gsmarena.com/sonim_xp10-13673.php,2026-06-03 05:17 UTC,"2022, December 02",2023.0,"Available. Released 2023, Q1",161.0,77.5,16.4,320.0,5.5,1080.0,2160.0,439.0,128GB,6GB,50.0,8.0,5000.0,,,,,,,,,About 500 EUR,Wireless charging,,,"Li-Ion 5000 mAh, removable",IP68/IP69K dust tight and water resistant (high pressure water jets; immersible up to 2m for 60 min) MIL-STD-810H compliant Drop resistant up to 2m,161 x 77.5 x 16.4 mm (6.34 x 3.05 x 0.65 in),Nano-SIM + Nano-SIM,320 g (11.29 oz),,"5.1, A2DP, LE, aptX",Yes,"GPS (L1+L5), GALILEO, GLONASS, BDS",Unspecified,"USB Type-C, magnetic connector pins","Wi-Fi 802.11 a/b/g/n/ac/mc, dual-band",,Corning Gorilla Glass Victus,"1080 x 2160 pixels, 18:9 ratio (~439 ppi density)","5.5 inches, 78.1 cm 2 (~62.6% screen-to-body ratio)",IPS LCD,,,,,,,,,,,,,"Fingerprint (front-mounted), accelerometer, gyro, proximity, compass, barometer","2022, December 02","Available. Released 2023, Q1","50 MP, (wide), PDAF 8 MP, (ultrawide)",LED flash,,,1080p@30fps,UFS,,microSDXC,128GB 6GB RAM,,Black,,About 500 EUR,,,,,GSM 850 / 900 / 1800 / 1900,HSDPA 850 / 900 / 1700(AWS) / 1900 / 2100,"1, 2, 3, 4, 5, 7, 8, 12, 13, 14, 20, 25, 26, 29, 30, 38, 39, 40, 41, 42, 43, 46, 48, 66, 71","2, 5, 14, 25, 30, 41, 48, 66, 71, 77, 78 SA/NSA/Sub6",,,"HSPA, LTE, 5G",GSM / HSPA / LTE / 5G,,Octa-core (2x2.2 GHz Cortex-A76 & 6x1.9 GHz Cortex-A55),Qualcomm SM4350 Snapdragon 480 5G (8 nm),Adreno 619,"Android 12, upgradable to Android 13, up to 2 major Android upgrades",,"8 MP, (wide)",1080p@30fps,No,,"Yes, with stereo speakers (100dB+)",,,,,,,,,,,,,,,,,,,,,
Sonim,Sonim XP100,,Phone,https://www.gsmarena.com/sonim_xp100-13652.php,2026-06-03 05:17 UTC,"2024, October 24",2024.0,"Available. Released 2024, October 24",145.0,62.0,16.2,165.0,2.4,240.0,320.0,167.0,128MB,64MB,2.0,,1800.0,,,,,,,,,,,,,"Li-Ion 1800 mAh, removable",IP68/IP69K dust tight and water resistant (high pressure water jets; immersible up to 1.5m for 30 min) MIL-STD-810H compliant LED flashlight,145 x 62 x 16.2 mm (5.71 x 2.44 x 0.64 in),Nano-SIM + Nano-SIM,165 g (5.82 oz),,"5.0, A2DP, LE",No,No,FM radio,USB Type-C 2.0,No,,Corning Gorilla Glass,"240 x 320 pixels, 4:3 ratio (~167 ppi density)","2.4 inches, 17.8 cm 2 (~19.8% screen-to-body ratio)",TFT LCD,,,,,,,,,Downloadable,No,,"SMS(threaded view), MMS, Email, Push Email, IM",No,"2024, October 24","Available. Released 2024, October 24",,,2 MP,,Yes,,Yes,microSDXC,128MB 64MB RAM,Yes,Black,,,,,,,GSM 850 / 900 / 1800 / 1900,HSDPA 850 / 900 / 1900 / 2100,"1, 3, 7, 8, 20, 28, 38, 40, 41",,,,"HSPA, LTE",GSM / HSPA / LTE,,1.0 GHz,Unisoc T127,,,,,,Yes,,Yes,,,,,,,,,,,,,,,,,,,,,
Sonim,Sonim XP5plus,,Phone,https://www.gsmarena.com/sonim_xp5plus-11710.php,2026-06-03 05:17 UTC,"2022, July 15",2022.0,"Available. Released 2022, July 15",148.7,65.9,21.0,275.0,2.8,240.0,320.0,143.0,16GB,2GB,8.0,,3500.0,,,,,,,,,About 300 EUR,,,,"Li-Ion 3500 mAh, removable",IP68 dust tight and water resistant (immersible up to 1.5m for 30 min) IPX9K water ingress protection MIL-STD-810H,148.7 x 65.9 x 21 mm (5.85 x 2.59 x 0.83 in),Nano-SIM + Nano-SIM,275 g (9.70 oz),,"5.0, A2DP, LE",No,"GPS, GLONASS, GALILEO, BDS",FM radio,USB Type-C,"Wi-Fi 802.11 a/b/g/n/ac, dual-band",,Corning Gorilla Glass 3,"240 x 320 pixels, 4:3 ratio (~143 ppi density)","2.8 inches, 24.3 cm 2 (~24.8% screen-to-body ratio)",TFT LCD,,,,,Top-mount PTT control knobs (optional),,,,,,,,"Accelerometer, barometer","2022, July 15","Available. Released 2022, July 15",,LED flash,8 MP,,1080p@30fps,,,microSDXC,16GB 2GB RAM,,Black,,About 300 EUR,,,,,GSM 850 / 900 / 1800 / 1900,HSDPA 850 / 1700(AWS) / 1900 / 2100,"1, 2, 3, 4, 5, 7, 8, 12, 13, 14, 25, 26, 29, 30, 39, 40, 41, 66, 71",,,,"HSPA, LTE",GSM / HSPA / LTE,,Octa-core (4x2.0 GHz Kryo 260 Gold & 4x1.8 GHz Kryo 260 Silver),Qualcomm SM6115 Snapdragon 662 (11 nm),Adreno 610,Sonim OS (based on AOSP Android 11),,,,No,,"Yes, with dual speakers",,,,,,,,,,,,,,,,,,,,,
Sonim,Sonim XP3plus,,Phone,https://www.gsmarena.com/sonim_xp3plus-11707.php,2026-06-03 05:17 UTC,"2021, September",2021.0,"Available. Released 2021, September",116.0,60.0,28.0,220.0,2.8,240.0,320.0,143.0,16GB,2GB,8.0,,2300.0,,,,,,,,,About 240 EUR,,,,"Li-Ion 2300 mAh, removable",IP68 dust tight and water resistant (immersible up to 1.5m for 30 min) MIL-STD-810H,116 x 60 x 28 mm (4.57 x 2.36 x 1.10 in),Nano-SIM,220 g (7.76 oz),,"5.0, A2DP, LE",No,"GPS, GLONASS, GALILEO",FM Radio,USB Type-C,"Wi-Fi 802.11 a/b/g/n/ac, dual-band","Cover display: IPS LCD, 1.3 inches, 240 x 240 pixels",,"240 x 320 pixels, 4:3 ratio (~143 ppi density)","2.8 inches, 24.3 cm 2 (~34.9% screen-to-body ratio)",TFT LCD,,,,,,,,,,,,,"Accelerometer, barometer","2021, September","Available. Released 2021, September",,LED flash,8 MP,,,,,microSDXC (dedicated slot),16GB 2GB RAM,,Black,,About 240 EUR,,,,,GSM 850 / 900 / 1800 / 1900,HSDPA 850 / 1700(AWS) / 1900 / 2100,"1, 2, 3, 4, 5, 7, 12, 13, 14, 25, 26, 30, 39, 40, 41, 66, 71",,,,"HSPA, LTE",GSM / HSPA / LTE,,Octa-core (4x2.0 GHz Kryo 260 Gold & 4x1.8 GHz Kryo 260 Silver),Qualcomm SM6115 Snapdragon 662 (11 nm),Adreno 610,Sonim OS (based on AOSP Android 11),,,,Yes,,Yes,,,,,,,,,,,,,,,,,,,,,
Sonim,Sonim XP3,,Phone,https://www.gsmarena.com/sonim_xp3-11708.php,2026-06-03 05:17 UTC,"2019, March. Released 2019, March",2019.0,Discontinued,112.0,58.0,27.0,195.0,2.6,240.0,320.0,154.0,8GB,1GB,5.0,,1500.0,,,,,,,,,About 190 EUR,,,,"Li-Ion 1500 mAh, removable",IP68 dust tight and water resistant (immersible up to 1.5m for 30 min) MIL-STD-810G,112 x 58 x 27 mm (4.41 x 2.28 x 1.06 in),Nano-SIM,195 g (6.88 oz),,"4.2, A2DP, LE",No,"GPS, GLONASS, GALILEO",FM Radio,USB Type-C,"Wi-Fi 802.11 a/b/g/n/r, dual-band","Cover display: TN LCD, 1.08 inches, 96 x 96 pixels",,"240 x 320 pixels, 4:3 ratio (~154 ppi density)","2.6 inches, 20.9 cm 2 (~32.2% screen-to-body ratio)",TFT LCD,,,,,,,,,,,,,Barometer,"2019, March. Released 2019, March",Discontinued,,LED flash,5 MP,,,,,microSDXC (dedicated slot),8GB 1GB RAM,,Black,,About 190 EUR,,,CDMA 800 / 1900,CDMA2000 1xEV-DO,GSM 850 / 900 / 1800 / 1900,HSDPA 800 / 850 / 900 / 1700(AWS) / 2100,"1, 2, 3, 4, 5, 8, 12, 13, 14, 25, 26, 38, 41, 66",,,,"HSPA, LTE",GSM / CDMA / HSPA / EVDO / LTE,,Quad-core 1.1 GHz Cortex-A7,Qualcomm MSM8909 Snapdragon 210 (28 nm),Adreno 304,Sonim OS (based on AOSP Android 8.1),,,,Yes,,Yes,,,,,,,,,,,,,,,,,,,,,
Sonim,Sonim XP5s,,Phone,https://www.gsmarena.com/sonim_xp5s-11709.php,2026-06-03 05:17 UTC,"2018, December 21. Released 2018, December 21",2018.0,Discontinued,141.0,64.0,23.0,260.0,2.64,320.0,432.0,204.0,16GB,2GB,5.0,,3180.0,,,,,,,,,About 340 EUR,,,,"Li-Ion 3180 mAh, removable",IP68 dust tight and water resistant (immersible up to 1.5m for 30 min) MIL-STD-810G,141 x 64 x 23 mm (5.55 x 2.52 x 0.91 in),Nano-SIM + Nano-SIM,260 g (9.17 oz),,"4.2, A2DP, EDR, LE",No,"GPS, GLONASS",FM radio,USB Type-C,"Wi-Fi 802.11 a/b/g/n/ac/e/k/r/h, dual-band",,Corning Gorilla Glass 1,"320 x 432 pixels, 4:3 ratio (~204 ppi density)","2.64 inches, 21.5 cm 2 (~23.8% screen-to-body ratio)",TFT LCD,,,,,,,,,,,,,"Accelerometer, barometer","2018, December 21. Released 2018, December 21",Discontinued,,LED flash,5 MP,,720p@30fps,,,microSDXC,16GB 2GB RAM,,Black,XP5800,About 340 EUR,,,CDMA 800 / 1900,CDMA2000 1xEV-DO,GSM 850 / 900 / 1800 / 1900,HSDPA 850 / 900 / 1700(AWS) / 1900 / 2100,"1, 2, 3, 4, 5, 7, 8, 12, 13, 14, 25, 26, 28, 30, 38, 41, 66",,,,"HSPA, LTE",GSM / CDMA / HSPA / EVDO / LTE,,Quad-core 1.4 GHz Cortex-A53,Qualcomm MSM8920 Snapdragon 427 (28 nm),Adreno 308,Sonim OS (based on AOSP Android 8.1),,,,No,,Yes,,,,,,,,,,,,,,,,,,,,,
Sonim,XP8,,Phone,https://www.gsmarena.com/sonim_xp8-9147.php,2026-06-03 05:17 UTC,,,,,,,,,,,,,,,,,,,,,,,,,,,,,,,,,,,,,,,,,,,,,,,,,,,,,,,,,,,,,,,,,,,,,,,,,,,,,,,,,,,,,,,,,,,,,,,,,,,,,,,,,,,,,,,,,,,,,
Sony Ericsson,Sony Ericsson Xperia PLAY CDMA,For Verizon,Phone,https://www.gsmarena.com/sony_ericsson_xperia_play_cdma-3780.php,2026-06-03 05:18 UTC,"2011, February. Released 2011, May",2011.0,Discontinued,119.0,62.0,16.0,175.0,4.0,480.0,854.0,245.0,400MB,512MB,5.0,,1500.0,,,0.36,,,,,,About 70 EUR,,Up to 405 h,Up to 7 h 40 min,Removable Li-Ion 1500 mAh battery,,119 x 62 x 16 mm (4.69 x 2.44 x 0.63 in),Mini-SIM,175 g (6.17 oz),,"2.1, A2DP",,"GPS, A-GPS",No,microUSB 2.0,"Wi-Fi 802.11 b/g/n, DLNA, hotspot",Touch-sensitive gaming controls PSP like gaming buttons Timescape UI,,"480 x 854 pixels, 16:9 ratio (~245 ppi density)","4.0 inches, 44.1 cm 2 (~59.8% screen-to-body ratio)","LED-backlit LCD,",,,,,Dedicated game store MP4/H.264/WMV player MP3/eAAC+/WMA/WAV player Track ID Organizer Document viewer/editor Voice memo/dial/commands Predictive text input,,"WAP 2.0/xHTML, HTML, Adobe Flash Lite",,,,,,"Accelerometer, proximity, compass","2011, February. Released 2011, May",Discontinued,,LED flash,"5 MP, AF",,720p,,,"microSDHC (dedicated slot), 8 GB included",400MB 512MB RAM,,"Black, White",,About 70 EUR,,0.36 W/kg (head),,,CDMA 800 / 1900,CDMA2000 1xEV-DO,,,,,EV-DO Rev.A 3.1 Mbps,CDMA / EVDO,,1.0 GHz Scorpion,Qualcomm MSM8255 Snapdragon S2,Adreno 205,Android 2.3.4 (Gingerbread),,Yes,,Yes,,"Yes, with stereo speakers",,,,,,,,,,,,,,,,,,,,,
Sony Ericsson,Sony Ericsson A8i,For China,Phone,https://www.gsmarena.com/sony_ericsson_a8i-3497.php,2026-06-03 05:18 UTC,"2010, August. Released 2010, Q4",2010.0,Discontinued,117.0,59.0,14.0,136.0,3.5,480.0,854.0,280.0,200MB,,5.0,,,,,,,,,,,About 130 EUR,,Up to 260 h (2G) / Up to 260 h (3G),Up to 5 h (2G) / Up to 7 h 30 min (3G),Removable Li-Po battery,,117 x 59 x 14 mm (4.61 x 2.32 x 0.55 in),Mini-SIM,136 g (4.80 oz),,"2.1, A2DP",,"GPS, A-GPS","Stereo FM radio, RDS",microUSB 2.0,Wi-Fi 802.11 b/g,,Scratch-resistant glass,"480 x 854 pixels, 16:9 ratio (~280 ppi density)","3.5 inches, 33.8 cm 2 (~48.9% screen-to-body ratio)","TFT,  256K colors",,,,,CMMB mobile TV MP4/H.264/WMV player MP3/eAAC+/WMA/WAV player TrackID music recognition Predictive text input,,"WAP 2.0/xHTML, HTML",,,,,,"Accelerometer, proximity, compass","2010, August. Released 2010, Q4",Discontinued,,LED flash,"5 MP, AF",,Yes,,,microSDHC (dedicated slot),200MB,,"White, Black",,About 130 EUR,,,,,GSM 850 / 900 / 1800 / 1900,TD-SCDMA,,,Class 10,Class 10,TD-SCDMA,GSM,,,,,Android-based OPhone 2.0,No,,,Yes,,Yes,,,,,,,,,,,,,,,,,,,,,
Sony Ericsson,Sony Ericsson Xperia X8,Previously rumored as Sony Ericsson Shakira,Phone,https://www.gsmarena.com/sony_ericsson_xperia_x8-3403.php,2026-06-03 05:18 UTC,"2010, June. Released 2010, September",2010.0,Discontinued,99.0,54.0,15.0,104.0,3.0,320.0,480.0,192.0,128MB,168MB,15.0,,1200.0,0.76,0.68,0.84,,,,,,About 100 EUR,,Up to 446 h (2G) / Up to 476 h (3G),Up to 4 h 45 min (2G) / Up to 5 h 40 min (3G),Removable Li-Po 1200 mAh battery,,99 x 54 x 15 mm (3.90 x 2.13 x 0.59 in),Mini-SIM,104 g (3.67 oz),,"2.1, A2DP",,"GPS, A-GPS","Stereo FM radio, RDS",microUSB 2.0,Wi-Fi 802.11 b/g,Timescape UI,Scratch-resistant glass,"320 x 480 pixels, 3:2 ratio (~192 ppi density)","3.0 inches, 26.8 cm 2 (~50.1% screen-to-body ratio)",TFT,,,,,ANT+,,HTML,,,,,,"Accelerometer, proximity, compass","2010, June. Released 2010, September",Discontinued,,,3.15 MP,,480p@30fps,,,"microSDHC (dedicated slot), 2 GB included",128MB 168MB RAM,,"White, Dark Blue/ White, Aqua Blue/ White, Pink/ White, Silver/ White",,About 100 EUR,0.76 W/kg (head)     0.68 W/kg (body),0.84 W/kg (head),HSDPA 850 / 1900 / 2100,,GSM 850 / 900 / 1800 / 1900,HSDPA 900 / 2100,,,,,HSPA 7.2/2 Mbps,GSM / HSPA,Voice 66dB / Noise 66dB / Ring 69dB,600 MHz ARM 11,Qualcomm MSM7227 Snapdragon S1,Adreno 200,"Android 1.6 (Donut), upgradable to 2.1 (Eclair)",No,,,Yes,,Yes,Up to 23 h 40 min,,,Noise -75.6dB / Crosstalk -70.7dB,Photo,,,,,,,,,,,,,,,,
Sony Ericsson,Sony Ericsson Cedar,Also known as Sony Ericsson Cedar GreenHeart,Phone,https://www.gsmarena.com/sony_ericsson_cedar-3404.php,2026-06-03 05:18 UTC,"2010, June. Released 2010, September",2010.0,Discontinued,111.0,49.0,15.5,84.0,2.2,240.0,320.0,182.0,280MB,,2.0,,1000.0,1.08,0.56,1.16,,,,,,About 50 EUR,,Up to 420 h (2G) / Up to 475 h (3G),Up to 12 h 30 min (2G) / Up to 5 h (3G),Removable Li-Po 1000 mAh battery (BST-43),,111 x 49 x 15.5 mm (4.37 x 1.93 x 0.61 in),Mini-SIM,84 g (2.96 oz),,"2.1, A2DP",,No,"Stereo FM radio, RDS",microUSB 2.0,No,,,"240 x 320 pixels, 4:3 ratio (~182 ppi density)","2.2 inches, 15.0 cm 2 (~27.6% screen-to-body ratio)","TFT, 256K colors",,,,,"MP3/eAAC+/WAV player MP4/H.264 player YouTube, Facebook, MySpace, Twitter apps Organizer Widget manager Eco friendly materials Voice memo Predictive text input",,WAP 2.0/HTML,,Yes,"Yes, MIDP 2.0",,"SMS(threaded view), MMS, Email, Push Email, IM",,"2010, June. Released 2010, September",Discontinued,,,2 MP,,320p@15fps,,Yes,microSDHC (dedicated slot),280MB,"1000 entries, Photocall","Black/Silver, Black/Red",,About 50 EUR,1.08 W/kg (head)     0.56 W/kg (body),1.16 W/kg (head),HSDPA 850 / 1900 / 2100,,GSM 850 / 900 / 1800 / 1900,HSDPA 2100,,,,,HSPA 7.2/2 Mbps,GSM / HSPA,,,,,,No,,,Yes,,Yes,,,,,,,,,,,,,,,,,,,,,
Sony Ericsson,Sony Ericsson Yendo,Previously rumored as Sony Ericsson W150 TeaCakeAlso known as Sony Ericsson W150a Yizo,Phone,https://www.gsmarena.com/sony_ericsson_yendo-3374.php,2026-06-03 05:18 UTC,"2010, June. Released 2010, October",2010.0,Discontinued,93.5,52.0,15.5,81.0,2.6,240.0,320.0,154.0,5MB,,2.0,,970.0,,,1.07,,,,,,About 70 EUR,,Up to 312 h,Up to 3 h 30 min,Removable Li-Po 970 mAh battery (BST-38),,93.5 x 52 x 15.5 mm (3.68 x 2.05 x 0.61 in),Mini-SIM,81 g (2.86 oz),,"2.1, A2DP",,No,"Stereo FM radio, RDS",microUSB 2.0,No,,,"240 x 320 pixels, 4:3 ratio (~154 ppi density)","2.6 inches, 20.9 cm 2 (~43.1% screen-to-body ratio)","TFT, 256K colors",,,,,"TrackID music recognition MP4/H.263 player Walkman player Facebook, Twitter apps Voice memo Predictive text input",,HTML,,Yes,"Yes, MIDP 2.0",,"SMS, MMS, Email",,"2010, June. Released 2010, October",Discontinued,,,2 MP,,Yes,,Yes,microSDHC (dedicated slot),5MB,"1000 entries, Photocall","Black, Blue, Green, Orange, Pink, Purple, Red, Silver, White, Yellow",,About 70 EUR,,1.07 W/kg (head),GSM 850 / 1900,,GSM 900 / 1800,,,,Class 10,Class 10,,GSM,Voice 68dB / Noise 66dB / Ring 77dB,156 MHz,,,,No,,,Yes,,Yes,,,,,,,,,,,,,,,,,,,,,
Sony Ericsson,Sony Ericsson BRAVIA S004,For Japan,Phone,https://www.gsmarena.com/sony_ericsson_bravia_s004-3343.php,2026-06-03 05:18 UTC,"2010, May. Released 2010, Q3",2010.0,Discontinued,111.0,51.0,18.0,145.0,3.2,480.0,854.0,306.0,800MB,,8.0,,930.0,,,,,,,,,About 210 EUR,,Up to 260 h,Up to 3 h 30 min,Removable Li-Po 930 mAh battery,,111 x 51 x 18 mm (4.37 x 2.01 x 0.71 in),Mini-SIM,145 g (5.11 oz),,"2.0, A2DP",,No,"Stereo FM radio, RDS",microUSB 2.0,Wi-Fi 802.11 b/g (via external Wi-Fi WIN card),"External OLED display (128 x 36 pixels, 0,9 inches)",,"480 x 854 pixels, 16:9 ratio (~306 ppi density)","3.2 inches, 28.2 cm 2 (~49.8% screen-to-body ratio)","TFT, 16M colors",,,,,TV tuner Barcode reader Mobile FeliCa payment system IPX5/IPX7 certified MP4/H.264 player MP3/WMA/WAV/eAAC+ player Organizer Document viewer Voice memo Predictive text input,,"WAP 2.0/xHTML, HTML",,Yes + downloadable,Yes,,"SMS(threaded view), MMS, Email, Push Email",Accelerometer,"2010, May. Released 2010, Q3",Discontinued,,,"8 MP, AF",,Yes,,Yes,microSDHC (dedicated slot),800MB,"1000 entries, Photocall","Black, Red, Silver",,About 210 EUR,,,,,GSM 850 / 900 / 1800 / 1900,CDMA,,,Class 10,Class 10,CDMA,GSM,,1.0 GHz Scorpion,Qualcomm QSD8250 Snapdragon S1,Adreno 200,,No,,,No,,Yes,,,Yes,,,,,,,,,,,,,,,,,,
Sony Ericsson,Sony Ericsson S003,For Japan,Phone,https://www.gsmarena.com/sony_ericsson_s003-3342.php,2026-06-03 05:18 UTC,"2010, May. Released 2010, Q3",2010.0,Discontinued,118.0,52.0,17.6,154.0,3.2,480.0,854.0,306.0,350MB,,12.0,,870.0,,,,,,,,,About 160 EUR,,Up to 260 h,Up to 4 h 20 min,Removable Li-Po 870 mAh battery,,118 x 52 x 17.6 mm (4.65 x 2.05 x 0.69 in),Mini-SIM,154 g (5.43 oz),,"2.0, A2DP",,GPS,"Stereo FM radio, RDS",microUSB 2.0,No,,,"480 x 854 pixels, 16:9 ratio (~306 ppi density)","3.2 inches, 28.2 cm 2 (~46.0% screen-to-body ratio)","TFT, 26M colors",,,,,TV tuner Mobile FeliCa payment system IPX5/IPX7 certified MP4/H.264 player MP3/WMA/WAV/eAAC+ player TV out Organizer Document viewer Voice memo Predictive text input,,"WAP 2.0/xHTML, HTML",,Yes + downloadable,Yes,,"SMS(threaded view), MMS, Email, Push Email",Accelerometer,"2010, May. Released 2010, Q3",Discontinued,,Dual-LED flash,"12 MP, AF",,Yes,,Yes,microSDHC (dedicated slot),350MB,"1000 entries, Photocall",Pink,,About 160 EUR,,,,,GSM 850 / 900 / 1800 / 1900,CDMA,,,Class 10,Class 10,CDMA,GSM,,1.0 GHz Scorpion,Qualcomm QSD8250 Snapdragon S1,Adreno 200,,,Yes,,No,,Yes,,,Yes,,,,,,,,,,,,,,,,,,
Sony Ericsson,Sony Ericsson Zylo,,Phone,https://www.gsmarena.com/sony_ericsson_zylo-3268.php,2026-06-03 05:18 UTC,"2010, April. Released 2010, July",2010.0,Discontinued,103.0,52.0,16.0,115.0,2.6,240.0,320.0,154.0,260MB,,15.0,,,,,0.88,,,,,,About 80 EUR,,Up to 340 h (2G) / Up to 400 h (3G),Up to 4 h (2G) / Up to 3 h 30 min (3G),Removable Li-Ion battery,,103 x 52 x 16 mm (4.06 x 2.05 x 0.63 in),Mini-SIM,115 g (4.06 oz),,"2.1, A2DP",,No,"Stereo FM radio, RDS",USB 2.0,No,,Scratch-resistant glass,"240 x 320 pixels, 4:3 ratio (~154 ppi density)","2.6 inches, 20.9 cm 2 (~39.1% screen-to-body ratio)","TFT, 256K colors",,,,,"Walkman 4.0 player FLAC/MP3/eAAC+/WAV player SensMe, Track ID MP4/H.264 player Photo editor YouTube, Facebook, Twitter applications Organizer Predictive text input",,"WAP 2.0/xHTML, HTML (NetFront), RSS reader",,"Yes, incl. motion-based + downloadable","Yes, MIDP 2.0",,"SMS(threaded view), MMS, Email, Push Email, IM",Accelerometer,"2010, April. Released 2010, July",Discontinued,,,3.15 MP,,480p@24fps,,Yes,microSDHC (dedicated slot),260MB,"2000 entries, Photocall","Jazz Black, Chacha Silver, Swing Pink, Energetic Black, Meteorite White, Nebula Red",,About 80 EUR,,0.88 W/kg (head),HSDPA 2100,,GSM 850 / 900 / 1800 / 1900,HSDPA 900 / 2100,,,,,HSPA 7.2/2 Mbps,GSM / HSPA,Voice 65dB / Noise 66dB / Ring 78dB,,,,,No,,,No,,Yes,,,,Noise -85.5dB / Crosstalk -84.8dB,Photo,,,,,,,,,,,,,,,,
Sony Ericsson,Sony Ericsson Spiro,,Phone,https://www.gsmarena.com/sony_ericsson_spiro-3267.php,2026-06-03 05:18 UTC,"2010, April. Released 2010, August",2010.0,Discontinued,92.0,48.0,16.8,90.0,2.2,240.0,320.0,182.0,5MB,,2.0,,,,,1.03,,,,,,About 80 EUR,,Up to 476 h,Up to 4 h 30 min,Removable Li-Ion battery,Flashlight,92 x 48 x 16.8 mm (3.62 x 1.89 x 0.66 in),Mini-SIM,90 g (3.17 oz),,"2.1, A2DP",,No,"Stereo FM radio, RDS",microUSB 2.0,No,,,"240 x 320 pixels, 4:3 ratio (~182 ppi density)","2.2 inches, 15.0 cm 2 (~33.9% screen-to-body ratio)","TFT, 256K colors",,,,,"Walkman 4.0 player MP3/eAAC+/WAV player Track ID MP4/H.264 player Facebook, Twitter applications Organizer Predictive text input",,"WAP 2.0/xHTML, HTML (Obigo Q7)",,Yes + downloadable,"Yes, MIDP 2.0",,"SMS(threaded view), MMS, Email, Push Email, IM",,"2010, April. Released 2010, August",Discontinued,,,2 MP,,Yes,,Yes,microSDHC (dedicated slot),5MB,"2000 entries, Photocall","Contrast Black, Sunset Pink, Spring Green, Stealth Black",,About 80 EUR,,1.03 W/kg (head),GSM 850 / 1900,,GSM 900 / 1800,,,,Class 10,Class 10,,GSM,,,,,,No,,,Yes,,Yes,Up to 20 h,,,,,,,,,,,,,,,,,,,,
Sony Ericsson,Sony Ericsson Xperia X10 mini pro,,Phone,https://www.gsmarena.com/sony_ericsson_xperia_x10_mini_pro-3147.php,2026-06-03 05:18 UTC,"2010, February. Released 2010, June",2010.0,Discontinued,90.0,52.0,17.0,120.0,2.55,240.0,320.0,157.0,128MB,,5.0,,930.0,,,1.61,,,,,,About 70 EUR,,Up to 285 h (2G) / Up to 360 h (3G),Up to 4 h (2G) / Up to 3 h 30 min (3G),Removable Li-Po 930 mAh battery,,90 x 52 x 17 mm (3.54 x 2.05 x 0.67 in),Mini-SIM,120 g (4.23 oz),,"2.1, A2DP",,"GPS, A-GPS","Stereo FM radio, RDS",microUSB 2.0,"Wi-Fi 802.11 b/g, hotspot (v2.2 or higher)",Timescape UI,Scratch-resistant glass,"240 x 320 pixels, 4:3 ratio (~157 ppi density)","2.55 inches, 20.1 cm 2 (~43.0% screen-to-body ratio)",TFT  (65K effective),,,,,ANT+ MP4/H.264/WMV player MP3/eAAC+/WMA/WAV player TrackID music recognition Document viewer Voice memo Predictive text input,,HTML,,,,,,"Accelerometer, proximity, compass","2010, February. Released 2010, June",Discontinued,,LED flash,"5 MP, AF",,480p@30fps,,,"microSDHC (dedicated slot), 2 GB included",128MB,,"Black, Red, Pink",,About 70 EUR,,1.61 W/kg (head),HSDPA 850 / 1900 / 2100,,GSM 850 / 900 / 1800 / 1900,HSDPA 900 / 2100,,,,,HSPA 7.2/2 Mbps,GSM / HSPA,Voice 66dB / Noise 66dB / Ring 75dB,600 MHz ARM 11,Qualcomm MSM7227 Snapdragon S1,Adreno 200,"Android 1.6 (Donut), upgradable to 2.1 (Eclair)",No,,,Yes,,Yes,,QWERTY,,Noise -86.8dB / Crosstalk -83.6dB,Photo,,,,,,,,,,,,,,,,
Sony Ericsson,Sony Ericsson Xperia X10 mini,Also known as Sony Ericsson Robyn,Phone,https://www.gsmarena.com/sony_ericsson_xperia_x10_mini-3125.php,2026-06-03 05:18 UTC,"2010, February. Released 2010, May",2010.0,Discontinued,83.0,50.0,16.0,88.0,2.55,240.0,320.0,157.0,128MB,,5.0,,950.0,,,1.17,,,,,,About 70 EUR,,Up to 285 h (2G) / Up to 360 h (3G),Up to 4 h (2G) / Up to 3 h 30 min (3G),Non-removable Li-Po 950 mAh battery,,83 x 50 x 16 mm (3.27 x 1.97 x 0.63 in),Mini-SIM,88 g (3.10 oz),,"2.0, A2DP, EDR",,"GPS, A-GPS","Stereo FM radio, RDS",microUSB 2.0,"Wi-Fi 802.11 b/g, hotspot (v2.2 or higher)",Timescape UI,Scratch-resistant glass,"240 x 320 pixels, 4:3 ratio (~157 ppi density)","2.55 inches, 20.1 cm 2 (~48.5% screen-to-body ratio)",TFT  (65K effective),,,,,ANT+ MP4/H.264/WMV player MP3/eAAC+/WMA/WAV player TrackID music recognition Document viewer Voice memo Predictive text input,,HTML,,,,,,"Accelerometer, proximity, compass","2010, February. Released 2010, May",Discontinued,,LED flash,"5 MP, AF",,480p@30fps,,,"microSDHC (dedicated slot), 2 GB included",128MB,,"Gold, Pearl White, Black, Pink, Lime, Red, Silver",,About 70 EUR,,1.17 W/kg (head),HSDPA 850 / 1900 / 2100 - E10a,,GSM 850 / 900 / 1800 / 1900,HSDPA 900 / 2100 - E10i,,,,,HSPA 7.2/2 Mbps,GSM / HSPA,Voice 65dB / Noise 66dB / Ring 67dB,600 MHz ARM 11,Qualcomm MSM7227 Snapdragon S1,Adreno 200,"Android 1.6 (Donut), upgradable to 2.1 (Eclair)",No,,,Yes,,Yes,,,,Noise -86.5dB / Crosstalk -83.8dB,Photo,,,,,,,,,,,,,,,,
Sony Ericsson,Sony Ericsson Vivaz pro,Also known as Sony Ericsson Kanna,Phone,https://www.gsmarena.com/sony_ericsson_vivaz_pro-3075.php,2026-06-03 05:18 UTC,"2010, February. Released 2010, May",2010.0,Discontinued,109.0,52.0,15.0,117.0,3.2,360.0,640.0,229.0,75MB,,5.0,,1200.0,,,1.03,,,,,,About 150 EUR,,Up to 430 h (2G) / Up to 440 h (3G),Up to 12 h 30 min (2G) / Up to 5 h 10 min (3G),Removable Li-Po 1200 mAh battery,,109 x 52 x 15 mm (4.29 x 2.05 x 0.59 in),Mini-SIM,117 g (4.13 oz),,"2.1, A2DP",,"GPS, A-GPS; Wisepilot navigation","Stereo FM radio, RDS",microUSB 2.0,"Wi-Fi 802.11 b/g, DLNA",Handwriting recognition,Scratch-resistant glass,"360 x 640 pixels, 16:9 ratio (~229 ppi density)","3.2 inches, 28.2 cm 2 (~49.8% screen-to-body ratio)","TFT resistive touchscreen, 16M colors",,,,,Facebook and Twitter apps WMV/RV/MP4/3GP player MP3/WMA/WAV/RA/AAC/M4A player TrackID music recognition TV out (VGA resolution) Organizer Document viewer Voice memo Predictive text input,,"WAP 2.0/xHTML, HTML (NetFront)",,,,,,Accelerometer,"2010, February. Released 2010, May",Discontinued,,LED flash,"5 MP, AF",,720p@24fps,,,"microSDHC (dedicated slot), 8 GB included",75MB,,"Black, White",,About 150 EUR,,1.03 W/kg (head),HSDPA 850 / 1900 / 2100,,GSM 850 / 900 / 1800 / 1900,HSDPA 900 / 2100,,,,,HSPA 10.2/2 Mbps,GSM / HSPA,Voice 69dB / Noise 65dB / Ring 72dB,"720 MHz, PowerVR SGX GPU",,,"Symbian Series 60, 5th edition",No,,,Yes,,Yes,,QWERTY,,Noise -88.0dB / Crosstalk -88.7dB,Photo,,,,,,,,,,,,,,,,
Sony Ericsson,Sony Ericsson Aspen,Also known as Sony Ericsson Faith,Phone,https://www.gsmarena.com/sony_ericsson_aspen-3082.php,2026-06-03 05:18 UTC,"2010, February. Released 2010, July",2010.0,Discontinued,117.0,60.0,12.5,130.0,2.4,320.0,240.0,167.0,100MB | 256MB,256MB,15.0,,1500.0,,,1.05,,,,,,About 70 EUR,,Up to 560 h (2G) / Up to 500 h (3G),Up to 6 h 30 min (2G) / Up to 7 h 30 min (3G),Removable Li-Po 1500 mAh battery,,117 x 60 x 12.5 mm (4.61 x 2.36 x 0.49 in),Mini-SIM,130 g (4.59 oz),,"2.1, A2DP",,"GPS, A-GPS","Stereo FM radio, RDS",microUSB 2.0,Wi-Fi 802.11 b/g,XPERIA Panels,,"320 x 240 pixels, 4:3 ratio (~167 ppi density)","2.4 inches, 17.8 cm 2 (~25.4% screen-to-body ratio)","TFT resistive touchscreen, 65K colors",,,,,MP3/eAAC+/WAV/WMA player MP4/H.264/WMV player Pocket Office Organizer Eco friendly materials Voice memo/dial Predictive text input,,"WAP 2.0/HTML (IE), RSS feeds",,,,,,,"2010, February. Released 2010, July",Discontinued,,,3.15 MP,,480p@15fps,,,"microSDHC (dedicated slot), 4 GB included","256MB RAM, 256MB ROM, 100MB",,"Iconic Black, White Silver",,About 70 EUR,,1.05 W/kg (head),HSDPA 850 / 900 / 2100,,GSM 850 / 900 / 1800 / 1900,HSDPA 900 / 2100,,,,,HSPA 7.2/2 Mbps,GSM / HSPA,Voice 71dB / Noise 66dB / Ring 75dB,600 MHz ARM 11,Qualcomm MSM7227 Snapdragon S1,Adreno 200,Microsoft Windows Mobile 6.5.3 Professional,No,,,Yes,,Yes,Up to 12 h,QWERTY,,Noise -79.5dB / Crosstalk -79.8dB,Photo,,,,,,,,,,,,,,,,
Sony Ericsson,Sony Ericsson Vivaz,Also known as Sony Ericsson Kurara,Phone,https://www.gsmarena.com/sony_ericsson_vivaz-3022.php,2026-06-03 05:18 UTC,"2010, January. Released 2010, March",2010.0,Discontinued,107.0,51.7,12.5,97.0,3.2,360.0,640.0,229.0,75MB,,8.0,,1200.0,,,1.04,,,,,,About 80 EUR,,Up to 430 h (2G) / Up to 440 h (3G),Up to 13 h (2G) / Up to 5 h 20 min (3G),Removable Li-Po 1200 mAh battery,,107 x 51.7 x 12.5 mm (4.21 x 2.04 x 0.49 in),Mini-SIM,97 g (3.42 oz),,"2.1, A2DP",,"GPS, A-GPS; Wisepilot navigation",Stereo FM radio,microUSB 2.0,"Wi-Fi 802.11 b/g, DLNA",Handwriting recognition,,"360 x 640 pixels, 16:9 ratio (~229 ppi density)","3.2 inches, 28.2 cm 2 (~51.0% screen-to-body ratio)","TFT resistive touchscreen, 16M colors",,,,,Facebook and Twitter apps WMV/RV/MP4/3GP player MP3/WMA/WAV/RA/AAC/M4A player TrackID music recognition TV out (VGA resolution) Organizer Document viewer Gesture control Voice memo Predictive text input,,WAP 2.0 / xHTML (NetFront),,,,,,Accelerometer,"2010, January. Released 2010, March",Discontinued,,LED flash,"8 MP, AF",,720p@24fps,,,"microSDHC (dedicated slot), 8 GB included",75MB,,"Pink, Silver Moon, Cosmic Black, Galaxy Blue, Venus Ruby",,About 80 EUR,,1.04 W/kg (head),HSDPA 850 / 1900 / 2100,,GSM 850 / 900 / 1800 / 1900,HSDPA 900 / 2100,,,,,HSPA 10.2/2 Mbps,GSM / HSPA,Voice 64dB / Noise 59dB / Ring 69dB,"720 MHz, PowerVR SGX GPU",,,"Symbian Series 60, 5th edition",No,,,Yes,,Yes,,,,Noise -86.2dB / Crosstalk -85.7dB,Photo,,,,,,,,,,,,,,,,
Sony Ericsson,Sony Ericsson Hazel,Also known as Sony Ericsson Hazel GreenHeart,Phone,https://www.gsmarena.com/sony_ericsson_hazel-3058.php,2026-06-03 05:18 UTC,"2009, December. Released 2010, May",2009.0,Discontinued,102.0,49.5,16.0,120.0,2.6,240.0,320.0,154.0,280MB,,5.0,,1000.0,,,0.68,,,,,,About 110 EUR,,Up to 469 h (2G) / Up to 588 h (3G),Up to 4 h 10 min (2G) / Up to 3 h 20 min (3G),Removable Li-Po 1000 mAh battery (BST-43),Splash resistant,102 x 49.5 x 16 mm (4.02 x 1.95 x 0.63 in),Mini-SIM,120 g (4.23 oz),,"2.1, A2DP",,"GPS, A-GPS; Wisepilot navigation","Stereo FM radio, RDS",USB 2.0,"Wi-Fi 802.11 b/g, DLNA",,Scratch-resistant glass,"240 x 320 pixels, 4:3 ratio (~154 ppi density)","2.6 inches, 20.9 cm 2 (~41.5% screen-to-body ratio)","TFT, 16M colors",,,,,"HD Voice ready MP3/eAAC+/WAV player SensMe, Track ID MP4/H.264 player Photo editor Widget Manager Organizer Eco friendly materials Walkmate, CO2 Calculator Voice memo/dial Predictive text input",,"WAP 2.0/xHTML, HTML (NetFront), RSS reader",,"Yes, incl. motion-based + downloadable","Yes, MIDP 2.0",,"SMS(threaded view), MMS, Email, Push Email, IM",Accelerometer,"2009, December. Released 2010, May",Discontinued,,LED flash,"5 MP, AF",,480p@30fps,,Yes,microSDHC (dedicated slot),280MB,"1000 entries, Photocall","Superior Black, Passionate Rouge",,About 110 EUR,,0.68 W/kg (head),HSDPA 2100,,GSM 850 / 900 / 1800 / 1900,HSDPA 900 / 2100,,,,,HSPA 7.2/2 Mbps,GSM / HSPA,Voice 65dB / Noise 62dB / Ring 66dB,,,,,,Yes,,No,,Yes,,,,Noise -87.3dB / Crosstalk -86.8dB,Photo,,,,,,,,,,,,,,,,
Sony Ericsson,Sony Ericsson Elm,Also known as Sony Ericsson Elm GreenHeart,Phone,https://www.gsmarena.com/sony_ericsson_elm-3057.php,2026-06-03 05:18 UTC,"2009, December. Released 2010, March",2009.0,Discontinued,110.0,45.0,14.0,90.0,2.2,240.0,320.0,182.0,280MB,,5.0,,1000.0,,,1.24,,,,,,About 100 EUR,,Up to 336 h (2G) / Up to 424 h (3G),Up to 4 h 30 min (2G) / Up to 3 h 40 min (3G),Removable Li-Po 1000 mAh battery (BST-43),Splash resistant,110 x 45 x 14 mm (4.33 x 1.77 x 0.55 in),Mini-SIM,90 g (3.17 oz),,"2.1, A2DP, EDR",,"GPS, A-GPS; Wisepilot navigation","Stereo FM radio, RDS",USB 2.0,"Wi-Fi 802.11 b/g, DLNA",,,"240 x 320 pixels, 4:3 ratio (~182 ppi density)","2.2 inches, 15.0 cm 2 (~30.3% screen-to-body ratio)","TFT, 256K colors",,,,,"HD Voice ready MP3/eAAC+/WAV player SensMe, Track ID MP4/H.264 player Photo editor Widget Manager Organizer Eco friendly materials Walkmate, CO2 Calculator Voice memo/dial Predictive text input",,"WAP 2.0/HTML (NetFront), RSS reader",,"Yes, incl. motion-based + downloadable","Yes, MIDP 2.0",,"SMS(threaded view), MMS, Email, Push Email, IM",Accelerometer,"2009, December. Released 2010, March",Discontinued,,LED flash,"5 MP, AF",,480p@30fps,,Yes,microSDHC (dedicated slot),280MB,"1000 entries, Photocall","Metal Black, Pearly Rose",,About 100 EUR,,1.24 W/kg (head),HSDPA 900 / 2100,,GSM 850 / 900 / 1800 / 1900,HSDPA 2100,,,,,HSPA 7.2/1.8 Mbps,GSM / HSPA,Voice 61dB / Noise 61dB / Ring 69dB,,,,,No,,,No,,Yes,,,,Noise -87.2dB / Crosstalk -85.9dB,Photo,,,,,,,,,,,,,,,,
Sony Ericsson,Sony Ericsson Xperia Pureness,,Watch,https://www.gsmarena.com/sony_ericsson_xperia_pureness-3015.php,2026-06-03 05:18 UTC,"2009, November. Released 2009, November",2009.0,Discontinued,102.0,43.0,13.0,70.0,1.8,240.0,320.0,222.0,2GB,,,,,1.37,0.76,1.6,,,,,,About 240 EUR,,Up to 350 h (2G) / Up to 350 h (3G),Up 8 h 30 min (2G) / Up to 3 h 30 min (3G),Non-removable Li-Po battery,,102 x 43 x 13 mm (4.02 x 1.69 x 0.51 in),Mini-SIM,70 g (2.47 oz),No,"2.1, A2DP",,No,"Stereo FM radio, RDS",Proprietary,No,,Scratch-resistant glass,"240 x 320 pixels, 4:3 ratio (~222 ppi density)","1.8 inches, 10.0 cm 2 (~22.9% screen-to-body ratio)","Transparent, monochrome",,,,,Concierge service TrackID MP3 player Voice memo Predictive text input,,WAP 2.0 / xHTML (NetFront),,Yes,,,"SMS, MMS, Email",,"2009, November. Released 2009, November",Discontinued,,,,,,,"30 dialed, 30 received, 30 missed calls",No,2GB,"Yes, Photocall",Black,,About 240 EUR,1.37 W/kg (head)     0.76 W/kg (body),1.60 W/kg (head),,,GSM 850 / 900 / 1800 / 1900,HSDPA 2100,,,,,HSPA,GSM / HSPA,Voice 69dB / Noise 66dB / Ring 78dB,,,,,,,,No,,Yes,,,,Noise -86.7dB / Crosstalk -86.1dB,,,,,,,,,,,,,,,,,
Sony Ericsson,Sony Ericsson Xperia X10,Previously rumored as XPERIA X3 and Sony Ericsson Rachael,Phone,https://www.gsmarena.com/sony_ericsson_xperia_x10-2964.php,2026-06-03 05:18 UTC,"2009, November. Released 2010, March",2009.0,Discontinued,119.0,63.0,13.0,135.0,4.0,480.0,854.0,245.0,1GB,384MB,8.0,,1500.0,0.87,0.81,1.25,,,,,,About 120 EUR,,Up to 415 h (2G) / Up to 425 h (3G),Up to 10 h (2G) / Up to 8 h (3G),Removable Li-Po 1500 mAh battery (BST-41),,119 x 63 x 13 mm (4.69 x 2.48 x 0.51 in),Mini-SIM,135 g (4.76 oz),,"2.1, A2DP",,"GPS, A-GPS",No,microUSB 2.0,"Wi-Fi 802.11 b/g, DLNA, hotspot",Timescape/Mediascape UI,Scratch-resistant glass,"480 x 854 pixels, 16:9 ratio (~245 ppi density)","4.0 inches, 44.1 cm 2 (~58.8% screen-to-body ratio)","TFT, 65K colors",,,,,,,"HTML, Adobe Flash",,,,,,"Accelerometer, proximity, compass","2009, November. Released 2010, March",Discontinued,,LED flash,"8 MP, AF",,"w480p@30fps, 720p@30fps (via SW update)",,,"microSDHC (dedicated slot), 8 GB included",1GB 384MB RAM,,"Sensous Black, Luster White",,About 120 EUR,0.87 W/kg (head)     0.81 W/kg (body),1.25 W/kg (head),HSDPA 850 / 1900 / 2100  / 800 - X10a for Americas,,GSM 850 / 900 / 1800 / 1900,HSDPA 900 / 1700 / 2100,,,,,HSPA 7.2/2 Mbps,GSM / HSPA,Voice 66dB / Noise 66dB / Ring 68dB,1.0 GHz Scorpion,Qualcomm QSD8250 Snapdragon S1,Adreno 200,"Android 1.6 (Donut), upgradable to 2.3 (Gingerbread)",No,,,Yes,,Yes,,,,Noise -85.4dB / Crosstalk -83.6dB,Photo / Video,,,,,,,,,,,,,,,,
Sony Ericsson,Sony Ericsson Xperia X2,,Phone,https://www.gsmarena.com/sony_ericsson_xperia_x2-2926.php,2026-06-03 05:18 UTC,"2009, September. Released 2010, January",2009.0,Discontinued,110.0,54.0,16.0,155.0,3.2,480.0,800.0,292.0,110MB,256MB,8.0,,1500.0,,,0.9,,,,,,About 140 EUR,,Up to 500 h (2G) / Up to 640 h (3G),Up to 10 h (2G) / Up to 6 h (3G),Removable Li-Po 1500 mAh battery (BST-41),Optical trackpad,110 x 54 x 16 mm (4.33 x 2.13 x 0.63 in),Mini-SIM,155 g (5.47 oz),,"2.1, A2DP",,"GPS, A-GPS",Stereo FM (via software update),microUSB 2.0,"Wi-Fi 802.11b/g, DLNA",XPERIA panels UI,,"480 x 800 pixels, 5:3 ratio (~292 ppi density)","3.2 inches, 29.1 cm 2 (~49.1% screen-to-body ratio)","TFT resistive touchscreen, 65K colors",,,,,MP3/WAV/eAAC+/WMA player MP4/Xvid/WMV9/H.264 player TV Out YouTube application Pocket Office Photo editor Organizer Voice memo/dial Predictive text input,,"WAP 2.0/HTML (IE), RSS feeds",,,,,,Accelerometer,"2009, September. Released 2010, January",Discontinued,,LED flash,"8 MP, AF",,w480p@30fps,,,microSDHC (dedicated slot),110MB 256MB RAM 512MB ROM,,"Elegant Black, Modern Silver",,About 140 EUR,,0.90 W/kg (head),HSDPA 850 / 1900 / 2100 - XPERIA X2a,,GSM 850 / 900 / 1800 / 1900,HSDPA 900 / 1900 / 2100,,,,,HSPA 7.2/2 Mbps,GSM / HSPA,Voice 66dB / Noise 69dB / Ring 65dB,528 MHz ARM 11,Qualcomm MSM7200A,Adreno 130,Microsoft Windows Mobile 6.5/6.5.2 Professional,"Videocall, via SW update",,,Yes,,"Yes, with stereo speakers",Up to 20 h,QWERTY,,Noise -81.3dB / Crosstalk -93.1dB,Photo,,,,,,,,,,,,,,,,
Sony Ericsson,Sony Ericsson Jalou D&G edition,Limited edition Jalou by Dolce&Gabbana with 24 carat gold plating,Phone,https://www.gsmarena.com/sony_ericsson_jalou_d&g_edition-2896.php,2026-06-03 05:18 UTC,"2009, August. Released 2009, November",2009.0,Discontinued,73.0,45.0,18.2,84.0,2.0,240.0,320.0,200.0,100MB,,15.0,,,,,1.14,,,,,,About 130 EUR,,Up to 350 h (2G) / Up to 250 h (3G),Up to 7 h (2G) / Up to 4 h 30 min (3G),Removable Li-Ion battery,,73 x 45 x 18.2 mm (2.87 x 1.77 x 0.72 in),Mini-SIM,84 g (2.96 oz),,"2.0, A2DP",,"GPS, A-GPS (US version only)","Stereo FM radio, RDS",2.0,No,"Secondary external monochrome display, 128 x 36 pixels, 1.3""",,"240 x 320 pixels, 4:3 ratio (~200 ppi density)","2.0 inches, 12.4 cm 2 (~37.7% screen-to-body ratio)","TFT, 256K colors",,,,,MP3 player MP4/WMV/H.263 player TrackID Organizer Voice memo Predictive text input,,WAP 2.0/HTML,,1 + downloadable,"Yes, MIDP 2.0",,"SMS(threaded view), MMS, Email, Push Email, IM",Accelerometer,"2009, August. Released 2009, November",Discontinued,,,3.15 MP,,320p@15fps,,"30 received, dialed and missed calls",microSD (dedicated slot),100MB,"Yes, Photocall",Sparkling Rose,,About 130 EUR,,1.14 W/kg (head),,,GSM 850 / 900 / 1800 / 1900,HSDPA 2100,,,,,HSPA 3.6/0.384 Mbps,GSM / HSPA,,,,,,No,,,No,,Yes,,,,,,,,,,,,,,,,,,,,,
Sony Ericsson,Sony Ericsson Jalou,Also known as Sony Ericsson Bijou,Phone,https://www.gsmarena.com/sony_ericsson_jalou-2895.php,2026-06-03 05:18 UTC,"2009, August. Released 2009, October",2009.0,Discontinued,73.0,45.0,18.2,84.0,2.0,240.0,320.0,200.0,100MB,,15.0,,,,,1.14,,,,,,About 130 EUR,,Up to 350 h (2G) / Up to 250 h (3G),Up to 7 h (2G) / Up to 4 h 30 min (3G),Removable Li-Ion battery,,73 x 45 x 18.2 mm (2.87 x 1.77 x 0.72 in),Mini-SIM,84 g (2.96 oz),,"2.0, A2DP",,No,"Stereo FM radio, RDS",2.0,No,"Secondary external monochrome display, 128 x 36 pixels, 1.3""",,"240 x 320 pixels, 4:3 ratio (~200 ppi density)","2.0 inches, 12.4 cm 2 (~37.7% screen-to-body ratio)","TFT, 256K colors",,,,,MP3 player MP4/WMV/H.263 player TrackID Organizer Voice memo Predictive text input,,WAP 2.0/HTML,,1 + downloadable,"Yes, MIDP 2.0",,"SMS(threaded view), MMS, Email, Push Email, IM",Accelerometer,"2009, August. Released 2009, October",Discontinued,,,3.15 MP,,320p@15fps,,"30 received, dialed and missed calls",microSD (dedicated slot),100MB,"Yes, Photocall","Onyx Black, Deep Amethyst, Aquamarine Blue",,About 130 EUR,,1.14 W/kg (head),,,GSM 850 / 900 / 1800 / 1900,HSDPA 2100,,,,,HSPA 3.6/0.384 Mbps,GSM / HSPA,,,,,,No,,,No,,Yes,,,,,,,,,,,,,,,,,,,,,
Sony Ericsson,Sony Ericsson T715,,Phone,https://www.gsmarena.com/sony_ericsson_t715-2863.php,2026-06-03 05:18 UTC,"2009, June. Released 2009, September",2009.0,Discontinued,91.5,48.0,14.9,96.0,2.2,240.0,320.0,182.0,90MB,,15.0,,950.0,,,0.9,,,,,,About 130 EUR,,Up to 400 h (2G) / Up to 350 h (3G),Up to 10 h (2G) / Up to 4 h (3G),Removable Li-Po 950 mAh battery (BST-33),,91.5 x 48 x 14.9 mm (3.60 x 1.89 x 0.59 in),Mini-SIM,96 g (3.39 oz),,"2.0, A2DP",,No,"Stereo FM radio, RDS",2.0,No,Smart desktop,,"240 x 320 pixels, 4:3 ratio (~182 ppi density)","2.2 inches, 15.0 cm 2 (~34.1% screen-to-body ratio)","TFT, 16M colors",,,,,MP3/eAAC+/WMA player MP4/WMV/H.263 player Organizer Voice memo Predictive text input,,WAP 2.0/HTML (NetFront),,Yes + downloadable,"Yes, MIDP 2.0",,"SMS(threaded view), MMS, Email, Push Email",,"2009, June. Released 2009, September",Discontinued,,LED flash,3.15 MP,,Yes,,"30 received, dialed and missed calls",microSDHC (dedicated slot),90MB,"1000 contacts, Photo call","Galaxy Silver, Rouge Pink",,About 130 EUR,,0.90 W/kg (head),HSDPA 850 / 1900 / 2100 - T715a,,GSM 850 / 900 / 1800 / 1900,HSDPA 2100,,,,,HSPA,GSM / HSPA,,,,,,No,,,No,,Yes,,,,,,,,,,,,,,,,,,,,,
Sony Ericsson,Sony Ericsson T300,,Phone,https://www.gsmarena.com/sony_ericsson_t300-340.php,2026-06-03 05:18 UTC,"2002, Oct",2002.0,Discontinued,106.0,48.0,22.0,101.0,,101.0,80.0,,,,,,700.0,,,1.2,,,,,,,,Up to 300 h,Up to 7 h,Removable Li-Ion 700 mAh battery (BST-22),,106 x 48 x 22 mm (4.17 x 1.89 x 0.87 in),Mini-SIM,101 g (3.56 oz),No,No,,No,No,,No,Wallpapers,,"101 x 80 pixels, 6 lines",,"STN, 256 colors",,,,,Predictive text input Organizer Exchangeable covers,Yes,WAP 2.0/xHTML,Yes,Erix + more downloadable,No,,"SMS, EMS, MMS, Email",,"2002, Oct",Discontinued,,,,,,,Yes,No,,250 x 3 numbers,"3 -  Icy Blue, Midnight Red, Mystical Green",,,,1.20 W/kg (head),,,GSM 900 / 1800 / 1900,,,,No,Class 4,,GSM,,,,,,,,,No,Vibration; Downloadable polyphonic ringtones,No,,,Yes,,,Ringtones can be assigned to phonebook entries,,,,,,,,,,,,,,,
Tecno,Tecno Spark 6 Go,,Phone,https://www.gsmarena.com/tecno_spark_6_go-10636.php,2026-06-03 05:19 UTC,"2020, November 22. Released 2020, November 23",2020.0,Discontinued,165.6,76.3,9.1,,6.52,720.0,1600.0,269.0,32GB | 64GB,2GB | 3GB | 4GB,13.0,8.0,5000.0,,,,,,,,,About 70 EUR,,,,5000 mAh,,165.6 x 76.3 x 9.1 mm (6.52 x 3.00 x 0.36 in),Nano-SIM + Nano-SIM,-,,"4.2, A2DP",No,GPS,FM radio,microUSB 2.0,Wi-Fi 802.11 b/g/n,,Corning Gorilla Glass 3,"720 x 1600 pixels, 20:9 ratio (~269 ppi density)","6.52 inches, 102.6 cm 2 (~81.2% screen-to-body ratio)",IPS LCD,,,,,,,,,,,,,"Fingerprint (rear-mounted), accelerometer, proximity","2020, November 22. Released 2020, November 23",Discontinued,"13 MP, f/1.8, AF Auxiliary lens","Dual-LED flash, panorama, HDR",,,1080p@30fps,eMMC 5.1,,microSDXC,"32GB 2GB RAM, 32GB 3GB RAM, 64GB 3GB RAM, 64GB 4GB RAM",,"Ice Jadelite, Mystery White, Aqua Blue","KE5j, KE5k",About 70 EUR,,,,,GSM 850 / 900 / 1800 / 1900,HSDPA 850 / 900 / 2100,"1, 3, 5, 7, 8, 20, 28, 38, 40, 41",,,,"HSPA 42.2/5.76 Mbps, LTE Cat4 150/50 Mbps",GSM / HSPA / LTE,,Octa-core (4x1.8 GHz Cortex-A53 & 4x1.5 GHz Cortex-A53) Quad-core 1.8 GHz Cortex-A53,"Mediatek MT6761D Helio A20 (12 nm) - 2GB, 3GB model Mediatek MT6762D Helio A25 (12 nm) - 4GB model",PowerVR GE8320,"Android 10 (Go edition), HIOS 6.2",,"8 MP, f/2.0",,Yes,,Yes,,,,,,,,,,,,,LED flash,,,,,,,,
Tecno,Tecno Spark Go 2020,,Phone,https://www.gsmarena.com/tecno_spark_go_2020-10637.php,2026-06-03 05:19 UTC,"2020, September 01. Released 2020, September 07",2020.0,Discontinued,165.6,76.3,9.1,,6.52,720.0,1600.0,269.0,32GB,2GB,13.0,8.0,5000.0,,,,,,,,,About 80 EUR,,,,5000 mAh,,165.6 x 76.3 x 9.1 mm (6.52 x 3.00 x 0.36 in),Nano-SIM + Nano-SIM,-,,"4.2, A2DP",No,GPS,FM radio,microUSB 2.0,Wi-Fi 802.11 b/g/n,,Corning Gorilla Glass 3,"720 x 1600 pixels, 20:9 ratio (~269 ppi density)","6.52 inches, 102.6 cm 2 (~81.2% screen-to-body ratio)",IPS LCD,,,,,,,,,,,,,"Fingerprint (rear-mounted), accelerometer, proximity","2020, September 01. Released 2020, September 07",Discontinued,"13 MP, f/1.8, AF Auxiliary lens","Dual-LED flash, panorama, HDR",,,1080p@30fps,eMMC 5.1,,microSDXC,32GB 2GB RAM,,"Ice Jadeite, Aqua Blue, Sky Black",KE5S,About 80 EUR,,,,,GSM 850 / 900 / 1800 / 1900,HSDPA 900 / 2100,"1, 3, 7, 8, 20, 28, 38, 40, 41",,,,"HSPA 42.2/5.76 Mbps, LTE Cat4 150/50 Mbps",GSM / HSPA / LTE,,Quad-core 1.8 GHz Cortex-A53,Mediatek MT6761D Helio A20 (12 nm),PowerVR GE8320,"Android 10 (Go edition), HIOS 6.2",,"8 MP, f/2.0",,Yes,,Yes,,,,,,,,,,,,,LED flash,,,,,,,,
Tecno,Tecno Pova,,Phone,https://www.gsmarena.com/tecno_pova-10549.php,2026-06-03 05:19 UTC,"2020, October 03. Released 2020, October 16",2020.0,Discontinued,171.2,77.6,9.4,,6.8,720.0,1640.0,263.0,128GB | 64GB,4GB | 6GB,13.0,8.0,6000.0,,,,,,,,,About 110 EUR,18W wired,,,6000 mAh,,171.2 x 77.6 x 9.4 mm (6.74 x 3.06 x 0.37 in),Nano-SIM + Nano-SIM,-,,"5.0, A2DP, LE",No,"GPS, GALILEO, BDS",FM radio,"microUSB 2.0, OTG","Wi-Fi 802.11 a/b/g/n/ac, dual-band",,,720 x 1640 pixels (~263 ppi density),"6.8 inches, 109.8 cm 2 (~82.7% screen-to-body ratio)","IPS LCD, 480 nits (peak)",,,,,,,,,,,,,"Fingerprint (rear-mounted), accelerometer, proximity, compass","2020, October 03. Released 2020, October 16",Discontinued,,Quad-LED flash,,,"1440p@30fps, 1080p@30fps",,,microSDXC (dedicated slot),"64GB 4GB RAM, 128GB 6GB RAM",,"Magic Blue, Speed Purple, Dazzle Black","LD7, LD7j, MZ-TECNO LD7",About 110 EUR,,,,,GSM 850 / 900 / 1800 / 1900,HSDPA 850 / 900 / 2100,"1, 3, 5, 8, 38, 40, 41",,,,"HSPA, LTE",GSM / HSPA / LTE,,Octa-core (2x2.0 GHz Cortex-A75 & 6x1.8 GHz Cortex-A55),Mediatek MT6769V/CU Helio G80 (12 nm),Mali-G52 MC2,"Android 10, HIOS 7.0",,"8 MP, f/2.0",1080p@30fps,Yes,,Yes,,,,,,,,"13 MP or 16 MP, f/1.9, (wide), PDAF 2 MP (macro) Auxiliary lenses",,,,,Dual-LED flash,,,,,,,,
Tecno,Tecno Camon 16,,Phone,https://www.gsmarena.com/tecno_camon_16-10503.php,2026-06-03 05:19 UTC,"2020, October 10. Released 2020, October 16",2020.0,Discontinued,170.9,77.2,9.2,207.0,6.8,720.0,1640.0,263.0,128GB | 64GB,4GB | 6GB,64.0,16.0,5000.0,0.95,0.82,,,,,,,About 130 EUR,,,,5000 mAh,,170.9 x 77.2 x 9.2 mm (6.73 x 3.04 x 0.36 in),Nano-SIM + Nano-SIM,207 g (7.30 oz),,"5.0, A2DP, LE",No,"GPS, GLONASS, GALILEO, BDS",FM radio,"microUSB 2.0, OTG","Wi-Fi 802.11 b/g/n/ac, dual-band, Wi-Fi Direct",,,720 x 1640 pixels (~263 ppi density),"6.8 inches, 109.8 cm 2 (~83.2% screen-to-body ratio)","IPS LCD, 480 nits (typ)",,,,,,,,,,,,,"Fingerprint (rear-mounted), accelerometer, proximity, compass","2020, October 10. Released 2020, October 16",Discontinued,,"Penta-LED flash, panorama, HDR",,,1440p@30fps,,,microSDXC (dedicated slot),"64GB 4GB RAM, 128GB 4GB RAM, 128GB 6GB RAM",,"Cloud White, Purist Blue, Misty Grey","CE7, CE7j, CE9h, MZ-TECNO CE7j",About 130 EUR,0.95 W/kg (head)     0.82 W/kg (body),,,,GSM 850 / 900 / 1800 / 1900,HSDPA 850 / 900 / 2100,"1, 3, 5, 7, 8, 20, 38, 40, 41",,,,"HSPA, LTE",GSM / HSPA / LTE,,Octa-core (2x2.0 GHz Cortex-A75 & 6x1.7 GHz Cortex-A55),Mediatek MT6769V/CB Helio G70 (12 nm),Mali-G52 2EEMC2,"Android 10, HIOS 6.0",,"16 MP, (wide), AF",1080p@30fps,Yes,,Yes,,,,,,,,"64 MP, 26mm (wide), 1/1.73"", 0.8µm, PDAF 2 MP (macro) Auxiliary lenses",,,,,"Dual-LED flash, HDR",,,,,,,,
Tecno,Tecno Spark 6 Air,,Tablet,https://www.gsmarena.com/tecno_spark_6_air-10548.php,2026-06-03 05:19 UTC,"2020, July 30. Released 2020, August 06",2020.0,Discontinued,174.7,79.4,9.3,,7.0,720.0,1640.0,256.0,32GB | 64GB,2GB | 3GB,13.0,8.0,6000.0,,,,,,,,,About 90 EUR,18W wired,,,6000 mAh,,174.7 x 79.4 x 9.3 mm (6.88 x 3.13 x 0.37 in),Nano-SIM + Nano-SIM,-,,"5.0, A2DP, LE",No,GPS,FM radio,"microUSB 2.0, OTG",Wi-Fi 802.11 b/g/n,,,720 x 1640 pixels (~256 ppi density),"7.0 inches, 116.4 cm 2 (~83.9% screen-to-body ratio)","IPS LCD, 480 nits (typ)",,,,,,,,,,,,,"Fingerprint (rear-mounted), accelerometer, proximity","2020, July 30. Released 2020, August 06",Discontinued,,"Quad-LED flash, HDR",,"13 MP, f/1.8, AF Auxiliary lenses",1080p@30fps,eMMC 5.1,,microSDXC (dedicated slot),"32GB 2GB RAM, 32GB 3GB RAM, 64GB 3GB RAM",,"Comet Black, Ocean Blue, Cloud White","KE6, KE6j, KF6",About 90 EUR,,,,,GSM 850 / 900 / 1800 / 1900,HSDPA 850 / 900 / 2100,LTE,,,,"HSPA 42.2/5.76 Mbps, LTE Cat4 150/50 Mbps",GSM / HSPA / LTE,,Quad-core 1.8 GHz Cortex-A53,Mediatek MT6761 Helio A22 (12 nm),PowerVR GE8320,"Android 10 (Go edition), HiOS 6.2",,8 MP,,Yes,,Yes,,,,,,,,,,,,,Dual-LED flash,,,,,,,,
Tecno,Tecno Spark 6,,Phone,https://www.gsmarena.com/tecno_spark_6-10471.php,2026-06-03 05:19 UTC,"2020, September 25. Released 2020, September 25",2020.0,Discontinued,170.8,77.3,9.2,,6.8,720.0,1640.0,263.0,128GB | 64GB,4GB,16.0,8.0,5000.0,,,,,,,,,About 110 EUR,18W wired,,,5000 mAh,,170.8 x 77.3 x 9.2 mm (6.72 x 3.04 x 0.36 in),Nano-SIM + Nano-SIM,-,,Yes,No,GPS,FM radio,"microUSB 2.0, OTG",Wi-Fi 802.11 b/g/n,,,720 x 1640 pixels (~263 ppi density),"6.8 inches, 109.8 cm 2 (~83.2% screen-to-body ratio)","IPS LCD, 480 nits (typ)",,,,,,,,,,,,,"Fingerprint (rear-mounted), accelerometer, proximity","2020, September 25. Released 2020, September 25",Discontinued,,"Quad-LED flash, panorama, HDR",,,1440p@30fps,eMMC 5.1,,microSDXC (dedicated slot),"64GB 4GB RAM, 128GB 4GB RAM",,"Ocean Blue, Comet Black, Dynamic Orabge, Misty Violet",KE7,About 110 EUR,,,,,GSM 850 / 900 / 1800 / 1900,HSDPA 850 / 900 / 2100,LTE,,,,"HSPA 42.2/5.76 Mbps, LTE Cat4 150/50 Mbps",GSM / HSPA / LTE,,Octa-core (2x2.0 GHz Cortex-A75 & 6x1.7 GHz Cortex-A55),Mediatek MT6769V/CB Helio G70 (12 nm),Mali-G52 2EEMC2,"Android 10, HIOS 7.0",,8 MP,1080p@30fps,Yes,,Yes,,,,,,,,"16 MP, AF 2 MP (macro) Auxiliary lenses",,,,,"Dual-LED flash, HDR",,,,,,,,
Tecno,Tecno Camon 16 Premier,,Phone,https://www.gsmarena.com/tecno_camon_16_premier-10421.php,2026-06-03 05:19 UTC,"2020, September 04. Released 2020, September 04",2020.0,Discontinued,170.6,77.2,9.1,210.0,6.85,1080.0,2460.0,392.0,128GB,8GB,64.0,48.0,4500.0,1.25,0.88,,,,,,,About 230 EUR,"33W wired, 70% in 30 min (International) 18W wired (India)",,,4500 mAh,,170.6 x 77.2 x 9.1 mm (6.72 x 3.04 x 0.36 in),Nano-SIM + Nano-SIM,210 g (7.41 oz),,"5.0, A2DP, LE",No,GPS,FM radio,"USB Type-C 2.0, OTG","Wi-Fi 802.11 a/b/g/n/ac, dual-band, Wi-Fi Direct",,,1080 x 2460 pixels (~392 ppi density),"6.85 inches, 111.4 cm 2 (~84.6% screen-to-body ratio)","IPS LCD, 90Hz, HDR10+, 480 nits (typ)",,,,,,,,,,,,,"Fingerprint (side-mounted), accelerometer, gyro, proximity, compass","2020, September 04. Released 2020, September 04",Discontinued,,"Penta-LED flash, panorama, HDR",,,"4K@30fps, 1080p@30fps, 720p@960fps, gyro-EIS",UFS 2.1,,microSDXC (dedicated slot),128GB 8GB RAM,,Glacial Silver,"CE9, CD6j",About 230 EUR,1.25 W/kg (head)     0.88 W/kg (body),,HSDPA 850 / 900 / 2100 - India,,GSM 850 / 900 / 1800 / 1900,HSDPA 850 / 900 / 1700(AWS) / 1900 / 2100,"1, 3, 5, 7, 8, 20, 38, 40, 41",,,,"HSPA, LTE",GSM / HSPA / LTE,-28.1 LUFS (Average),Octa-core (2x2.05 GHz Cortex-A76 & 6x2.0 GHz Cortex-A55),Mediatek MT6785 Helio G90T (12 nm),Mali-G76 MC4,"Android 10, HIOS 6.0",,,1080p@30fps,Yes,,Yes,,,,,Photo / Video,,"Glass front, plastic frame, plastic back","64 MP, f/1.9, 26mm (wide), 1/1.73"", 0.8µm, PDAF 8 MP, f/2.3, 119˚ (ultrawide), 1/4.0"", 1.12µm 2 MP, f/2.4, (dedicated video camera) Auxiliary lens",Endurance rating 118h,"1896:1 contrast ratio, 400 nits max brightness (measured)","AnTuTu: 283847 (v8) GeekBench: 6692 (v4.4), 1672 (v5.1) GFXBench: 15fps (ES 3.1 onscreen)","48 MP, f/2.2, 23mm (wide), 1/2.0"", 0.8µm 8 MP, f/2.2, 105˚ (ultrawide), 1/4.0"", 1.12µm","Dual-LED flash, HDR",,,,,,,,
Tecno,Tecno Pouvoir 4 Pro,,Tablet,https://www.gsmarena.com/tecno_pouvoir_4_pro-10345.php,2026-06-03 05:19 UTC,"2020, July 07. Released 2020, July 23",2020.0,Discontinued,174.9,79.6,9.2,,7.0,720.0,1640.0,256.0,128GB | 64GB,4GB | 6GB,16.0,16.0,6000.0,,,,,,,,,,18W wired,,,6000 mAh,,174.9 x 79.6 x 9.2 mm (6.89 x 3.13 x 0.36 in),Dual SIM,-,,"5.0, A2DP, LE",No,GPS,FM radio,microUSB 2.0,"Wi-Fi 802.11 a/b/g/n, dual-band",,,720 x 1640 pixels (~256 ppi density),"7.0 inches, 116.4 cm 2 (~83.6% screen-to-body ratio)","IPS LCD, 480 nits (typ)",,,,,,,,,,,,,"Fingerprint (rear-mounted), accelerometer, proximity","2020, July 07. Released 2020, July 23",Discontinued,,Quad-LED flash,,,1080p@30fps,,,microSDXC (dedicated slot),"64GB 4GB RAM, 128GB 6GB RAM",,"Ice Jadeite, Misty Grey, Fascinating Purple",,,,,,,GSM 850 / 900 / 1800 / 1900,HSDPA 850 / 900 / 2100,"1, 3, 7, 8, 20, 28",,,,"HSPA 42.2/5.76 Mbps, LTE Cat4 150/50 Mbps",GSM / HSPA / LTE,,Octa-core (4x2.0 GHz & 4x1.5 GHz),Mediatek MT6762 Helio P22 (12 nm),PowerVR GE8320,"Android 10, HIOS 6.0",,"16 MP, f/2.0, 27mm (wide)",,Yes,,"Yes, with stereo speakers",,,,,,,"Glass front, plastic back, plastic frame","16 MP, f/1.9, (wide), AF 5 MP (macro) Auxiliary lenses",,,,,Dual-LED flash,,,,,,,,
Tecno,Tecno Pop 4,,Phone,https://www.gsmarena.com/tecno_pop_4-10720.php,2026-06-03 05:19 UTC,"2020, July 24. Released 2020, July 24",2020.0,Discontinued,160.0,77.3,9.5,,6.0,480.0,960.0,179.0,32GB,2GB,5.0,8.0,5000.0,,,,,,,,,About 80 EUR,,,,5000 mAh,,160 x 77.3 x 9.5 mm (6.30 x 3.04 x 0.37 in),Nano-SIM + Nano-SIM,-,,"4.2, A2DP, LE",No,GPS,FM radio,microUSB 2.0,Wi-Fi 802.11 b/g/n,,,"480 x 960 pixels, 18:9 ratio (~179 ppi density)","6.0 inches, 92.9 cm 2 (~75.1% screen-to-body ratio)",IPS LCD,,,,,,,,,,,,,"Fingerprint (rear-mounted), accelerometer, proximity","2020, July 24. Released 2020, July 24",Discontinued,,Dual-LED flash,5 MP,,1080p@30fps,eMMC 5.1,,microSDXC,32GB 2GB RAM,,"Ice Lake Green, Dawn Blue","BC2c, BC1s",About 80 EUR,,,,,GSM 900 / 1800,HSDPA 900 / 2100,,,,,HSPA 21.1/5.76 Mbps,GSM / HSPA,,Quad-core 1.3 GHz,,,"Android 10 (Go edition), HIOS",,8 MP,,Yes,,Yes,,,,,,,"Plastic frame, plastic back",,,,,,LED flash,,,,,,,,
Tecno,Tecno Pouvoir 4,,Tablet,https://www.gsmarena.com/tecno_pouvoir_4-10344.php,2026-06-03 05:19 UTC,"2020, July 07. Released 2020, July 23",2020.0,Discontinued,174.9,79.6,9.2,,7.0,720.0,1640.0,256.0,32GB,3GB,13.0,8.0,6000.0,,,,,,,,,,,,,6000 mAh,,174.9 x 79.6 x 9.2 mm (6.89 x 3.13 x 0.36 in),Dual SIM,-,,"5.0, A2DP, LE",No,GPS,FM radio,microUSB 2.0,"Wi-Fi 802.11 a/b/g/n, dual-band",,,720 x 1640 pixels (~256 ppi density),"7.0 inches, 116.4 cm 2 (~83.6% screen-to-body ratio)","IPS LCD, 480 nits (typ)",,,,,,,,,,,,,"Fingerprint (rear-mounted), accelerometer, proximity","2020, July 07. Released 2020, July 23",Discontinued,,Quad-LED flash,,,1080p@30fps,eMMC 5.1,,microSDXC (dedicated slot),32GB 3GB RAM,,"Cosmic Shine, Ice Jadeite, Fascinating Purple","LC7, LC7S",,,,,,GSM 850 / 900 / 1800 / 1900,HSDPA 850 / 900 / 2100,"1, 3, 7, 8, 20, 28",,,,"HSPA 42.2/5.76 Mbps, LTE Cat4 150/50 Mbps",GSM / HSPA / LTE,,Octa-core 2.0 GHz Cortex-A53,Mediatek MT6761 Helio A22 (12 nm),PowerVR GE8320,"Android 10, HIOS 6.0",,"8 MP, f/2.0, 26mm (wide)",,Yes,,"Yes, with stereo speakers",,,,,,,"Glass front, plastic back, plastic frame","13 MP, f/1.8, (wide), AF 2 MP (macro) Auxiliary lenses",,,,,Dual-LED flash,,,,,,,,
Tecno,Tecno Spark Power 2,,Tablet,https://www.gsmarena.com/tecno_spark_power_2-10300.php,2026-06-03 05:19 UTC,"2020, June 17. Released 2020, June 23",2020.0,Discontinued,174.9,79.6,9.2,220.0,7.0,720.0,1640.0,256.0,64GB,4GB,16.0,16.0,6000.0,0.85,0.8,,,,,,,About 120 EUR,"18W wired, 50% in 60 min",,,6000 mAh,,174.9 x 79.6 x 9.2 mm (6.89 x 3.13 x 0.36 in),Nano-SIM + Nano-SIM,220 g (7.76 oz),,"5.0, A2DP, LE",No,"GPS, GLONASS, GALILEO, BDS",FM radio,"microUSB 2.0, OTG",Wi-Fi 802.11 b/g/n/ac,,,720 x 1640 pixels (~256 ppi density),"7.0 inches, 116.4 cm 2 (~83.6% screen-to-body ratio)","IPS LCD, 480 nits (typ)",,,,,,,,,,,,,"Fingerprint (rear-mounted), accelerometer, proximity","2020, June 17. Released 2020, June 23",Discontinued,,"Quad-LED flash, panorama, HDR",,,1080p@30fps,eMMC 5.1,,microSDXC (dedicated slot),64GB 4GB RAM,,"Ice Jadeite, Misty Grey, Fascinating Purple",LC8,About 120 EUR,0.85 W/kg (head)     0.80 W/kg (body),,,,GSM 850 / 900 / 1800 / 1900,HSDPA 850 / 900 / 2100,"1, 3, 5, 7, 8, 20, 38, 40, 41",,,,"HSPA 42.2/5.76 Mbps, LTE Cat4 150/50 Mbps",GSM / HSPA / LTE,,Octa-core 2.0 GHz Cortex-A53,Mediatek MT6762 Helio P22 (12 nm),PowerVR GE8320,"Android 10, HIOS 6.1",,"16 MP, f/2.0, 27mm (wide)",1080p@30fps,Yes,,"Yes, with stereo speakers",,,,,,,"Glass front, plastic back, plastic frame","16 MP, f/1.8, 27mm (wide), AF 5 MP, 115˚ (ultrawide) 2 MP (macro) Auxiliary lens",,,,,"Dual-LED flash, HDR",,,,,,,,
Tecno,Tecno Spark 5 Air,,Tablet,https://www.gsmarena.com/tecno_spark_5_air-10225.php,2026-06-03 05:19 UTC,"2020, May 05. Released 2020, July",2020.0,Discontinued,174.6,79.3,9.1,,7.0,720.0,1640.0,256.0,32GB,2GB,13.0,8.0,5000.0,,,,,,,,,,,,,5000 mAh,,174.6 x 79.3 x 9.1 mm (6.87 x 3.12 x 0.36 in),Nano-SIM + Nano-SIM,-,,Yes,No,GPS,FM radio,"microUSB 2.0, OTG",Wi-Fi 802.11 b/g/n,,,720 x 1640 pixels (~256 ppi density),"7.0 inches, 116.4 cm 2 (~84.0% screen-to-body ratio)",IPS LCD,,,,,,,,,,,,,"Fingerprint (rear-mounted), accelerometer, proximity","2020, May 05. Released 2020, July",Discontinued,"13 MP, f/1.8, PDAF Auxiliary lens","Quad-LED flash, panorama, HDR",,,1080p@30fps,eMMC 5.1,,microSDXC (dedicated slot),32GB 2GB RAM,,"Ice Jadeite, Spark Orange, Vacation Blue, Misty Green",KD6a,,,,,,GSM 850 / 900 / 1800 / 1900,HSDPA 850 / 900 / 2100,LTE,,,,"HSPA 42.2/5.76 Mbps, LTE Cat4 150/50 Mbps",GSM / HSPA / LTE,,Quad-core,Mediatek,,"Android 10 (Go edition), HIOS 6.0",,"8 MP, f/2.0, (wide)",1080p@30fps,Yes,,Yes,,,,,,,,,,,,,"Dual-LED flash, HDR",,,,,,,,
Tecno,Tecno Spark 5 pro,,Phone,https://www.gsmarena.com/tecno_spark_5_pro-10324.php,2026-06-03 05:19 UTC,"2020, July 13. Released 2020, July 13",2020.0,Discontinued,164.7,76.3,8.8,,6.6,720.0,1600.0,266.0,128GB | 64GB,3GB | 4GB,16.0,8.0,5000.0,,,,,,,,,About 120 EUR,,,,5000 mAh,,164.7 x 76.3 x 8.8 mm (6.48 x 3.00 x 0.35 in),Nano-SIM + Nano-SIM,-,,Yes,No,GPS,FM radio,"microUSB 2.0, OTG",Wi-Fi 802.11 b/g/n,,,"720 x 1600 pixels, 20:9 ratio (~266 ppi density)","6.6 inches, 105.2 cm 2 (~83.7% screen-to-body ratio)",IPS LCD,,,,,,,,,,,,,"Fingerprint (rear-mounted), accelerometer, proximity","2020, July 13. Released 2020, July 13",Discontinued,,"Quad-LED flash, panorama, HDR",,,1080p@30fps,eMMC 5.1,,microSDXC (dedicated slot),"64GB 3GB RAM, 64GB 4GB RAM, 128GB 4GB RAM",,"Ice Jadeite, Spark Orange, Seabed Blue, Cloud White",,About 120 EUR,,,,,GSM 850 / 900 / 1800 / 1900,HSDPA 850 / 900 / 2100,LTE,,,,"HSPA 42.2/5.76 Mbps, LTE Cat4 150/50 Mbps",GSM / HSPA / LTE,,Octa-core (4x1.8 GHz Cortex-A53 & 4x1.5 GHz Cortex-A53),Mediatek MT6762D Helio A25 (12 nm),PowerVR GE8320,"Android 10, HIOS 6.1",,"8 MP, f/2.0, (wide)",1080p@30fps,Yes,,Yes,,,,,,,,"16 MP, f/1.8, PDAF 2 MP (macro) Auxiliary lenses",,,,,"Dual-LED flash, HDR",,,,,,,,
Tecno,Tecno Spark 5,,Phone,https://www.gsmarena.com/tecno_spark_5-10221.php,2026-06-03 05:19 UTC,"2020, May 04. Released 2020, May 26",2020.0,Discontinued,164.7,76.3,8.8,,6.6,720.0,1600.0,266.0,32GB,2GB,13.0,8.0,5000.0,,,,,,,,,About 150 EUR,,,,5000 mAh,,164.7 x 76.3 x 8.8 mm (6.48 x 3.00 x 0.35 in),Nano-SIM + Nano-SIM,-,,Yes,No,GPS,FM radio,"microUSB 2.0, OTG",Wi-Fi 802.11 b/g/n,,,"720 x 1600 pixels, 20:9 ratio (~266 ppi density)","6.6 inches, 105.2 cm 2 (~83.7% screen-to-body ratio)",IPS LCD,,,,,,,,,,,,,"Fingerprint (rear-mounted), accelerometer, proximity","2020, May 04. Released 2020, May 26",Discontinued,,"Quad-LED flash, panorama, HDR",,,1080p@30fps,eMMC 5.1,,microSDXC (dedicated slot),32GB 2GB RAM,,"Ice Jadeite, Spark Orange, Vacation Blue, Misty Grey","KE5, KD7S",About 150 EUR,,,,,GSM 850 / 900 / 1800 / 1900,HSDPA 850 / 900 / 2100,LTE,,,,"HSPA 42.2/5.76 Mbps, LTE Cat4 150/50 Mbps",GSM / HSPA / LTE,,Octa-core 2.0 GHz Cortex-A53,Mediatek MT6761 Helio A22 (12 nm),PowerVR GE8320,"Android 10, HIOS 6.1",,"8 MP, f/2.0, (wide)",1080p@30fps,Yes,,Yes,,,,,,,,"13 MP, f/1.8, PDAF 2 MP (macro) Auxiliary lenses",,,,,"Dual-LED flash, HDR",,,,,,,,
Tecno,Tecno Camon 15 Premier,,Phone,https://www.gsmarena.com/tecno_camon_15_premier-10190.php,2026-06-03 05:19 UTC,"2020, April 13. Released 2020, April 13",2020.0,Discontinued,163.3,77.7,9.1,203.0,6.6,1080.0,2340.0,390.0,128GB,6GB,64.0,32.0,4000.0,,,,,,,,,,,,,4000 mAh,,163.3 x 77.7 x 9.1 mm (6.43 x 3.06 x 0.36 in),Nano-SIM + Nano-SIM,203 g (7.16 oz),,"5.0, A2DP, LE",No,GPS,FM radio,"microUSB 2.0, OTG",Wi-Fi 802.11 b/g/n,,,"1080 x 2340 pixels, 19.5:9 ratio (~390 ppi density)","6.6 inches, 106.9 cm 2 (~84.3% screen-to-body ratio)",IPS LCD,,,,,,,,,,,,,"Fingerprint (rear-mounted), accelerometer, proximity","2020, April 13. Released 2020, April 13",Discontinued,,"Quad-LED flash, panorama, HDR",,,1080p@30fps,eMMC 5.1,,microSDXC (dedicated slot),128GB 6GB RAM,,"Ice Jadeite, Opal White",CD8j,,,,,,GSM 850 / 900 / 1800 / 1900,HSDPA 850 / 900 / 1700(AWS) / 1900 / 2100,"1, 2, 3, 4, 5, 7, 8, 20, 28",,,,"HSPA 42.2/5.76 Mbps, LTE Cat4 150/50 Mbps",GSM / HSPA / LTE,,Octa-core (4x2.35 GHz Cortex-A53 & 4x1.8 GHz Cortex-A53),Mediatek MT6765V/W Helio P35 (12 nm),PowerVR GE8320,"Android 10, HIOS 6.0",,Motorized pop-up 32 MP,1080p@30fps,Yes,,Yes,,,,,,,"Glass front (Gorilla Glass 3), plastic back, plastic frame","64 MP, f/1.9, 26mm (wide), 1/1.72"", 0.8µm, PDAF 5 MP, f/2.2, 14mm (ultrawide) Auxiliary lenses",,,,,,,,,,,,,
Tecno,Tecno Camon 15 Air,,Phone,https://www.gsmarena.com/tecno_camon_15_air-10189.php,2026-06-03 05:19 UTC,"2020, April 13. Released 2020, April 13",2020.0,Discontinued,164.5,76.5,9.0,,6.6,720.0,1600.0,266.0,64GB,3GB,48.0,8.0,5000.0,,,,,,,,,,,,,5000 mAh,,164.5 x 76.5 x 9 mm (6.48 x 3.01 x 0.35 in),Nano-SIM + Nano-SIM,-,,"5.0, A2DP, LE",No,GPS,FM radio,"microUSB 2.0, OTG",Wi-Fi 802.11 b/g/n,,Corning Gorilla Glass 3,"720 x 1600 pixels, 20:9 ratio (~266 ppi density)","6.6 inches, 105.2 cm 2 (~83.6% screen-to-body ratio)",IPS LCD,,,,,,,,,,,,,"Fingerprint (rear-mounted), accelerometer, proximity","2020, April 13. Released 2020, April 13",Discontinued,,"Quad-LED flash, panorama, HDR",,,1080p@30fps,eMMC 5.1,,microSDXC (dedicated slot),64GB 3GB RAM,,"Malachite Blue, Ice lake Blue, Misty Gray","CD6, CD6S",,,,,,GSM 850 / 900 / 1800 / 1900,HSDPA 850 / 900 / 1700(AWS) / 1900 / 2100,"1, 2, 3, 4, 5, 7, 8, 20, 28",,,,"HSPA 42.2/5.76 Mbps, LTE Cat4 150/50 Mbps",GSM / HSPA / LTE,,Octa-core 2.0 GHz Cortex-A53,Mediatek MT6762 Helio P22 (12 nm),PowerVR GE8320,"Android 10, HIOS 6.0",,"8 MP, f/2.0, (wide)",1080p@30fps,Yes,,Yes,,,,,,,"Glass front (Gorilla Glass 3), plastic back, plastic frame","48 MP, f/1.8, PDAF 2 MP (macro) Auxiliary lenses",,,,,"Dual-LED flash, HDR",,,,,,,,
Tecno,Tecno Camon 15 Pro,,Phone,https://www.gsmarena.com/tecno_camon_15_pro-10094.php,2026-06-03 05:19 UTC,"2020, February 21. Released 2020, February 25",2020.0,Discontinued,163.3,77.7,9.1,203.0,6.6,1080.0,2340.0,390.0,128GB,6GB,48.0,32.0,4000.0,0.57,0.79,,,,,,,About 220 EUR,,,,4000 mAh,,163.3 x 77.7 x 9.1 mm (6.43 x 3.06 x 0.36 in),Nano-SIM + Nano-SIM,203 g (7.16 oz),,"5.0, A2DP, LE",No,"GPS, GLONASS, GALILEO, BDS",FM radio,"microUSB 2.0, OTG",Wi-Fi 802.11 b/g/n,,,"1080 x 2340 pixels, 19.5:9 ratio (~390 ppi density)","6.6 inches, 106.9 cm 2 (~84.3% screen-to-body ratio)",IPS LCD,,,,,,,,,,,,,"Fingerprint (rear-mounted), accelerometer, proximity","2020, February 21. Released 2020, February 25",Discontinued,,"Dual-LED flash, panorama, HDR",,,1080p@30fps,eMMC 5.1,,microSDXC (dedicated slot),128GB 6GB RAM,,"Ice Jadeite, Opal White",CD8,About 220 EUR,0.57 W/kg (head)     0.79 W/kg (body),,,,GSM 850 / 900 / 1800 / 1900,HSDPA 850 / 900 / 2100,"1, 3, 5, 8, 38, 40, 41",,,,"HSPA 42.2/5.76 Mbps, LTE Cat4 150/50 Mbps",GSM / HSPA / LTE,,Octa-core (4x2.35 GHz Cortex-A53 & 4x1.8 GHz Cortex-A53),Mediatek MT6765 Helio P35 (12 nm),PowerVR GE8320,"Android 10, HIOS 6.0",,Motorized pop-up 32 MP,1080p@30fps,Yes,,Yes,,,,,,,"Glass front, plastic back, plastic frame","48 MP, PDAF 5 MP 2 MP Auxiliary lens",,,,,,,,,,,,,
Tecno,Tecno Camon 15,,Phone,https://www.gsmarena.com/tecno_camon_15-10093.php,2026-06-03 05:19 UTC,"2020, February 21. Released 2020, February 25",2020.0,Discontinued,164.1,76.4,8.8,196.0,6.6,720.0,1600.0,266.0,64GB,4GB,48.0,16.0,5000.0,0.8,0.82,,,,,,,About 130 EUR,,,,5000 mAh,,164.1 x 76.4 x 8.8 mm (6.46 x 3.01 x 0.35 in),Nano-SIM + Nano-SIM,196 g (6.91 oz),,"5.0, A2DP, LE",No,"GPS, GLONASS",FM radio,"microUSB 2.0, OTG",Wi-Fi 802.11 b/g/n,,,"720 x 1600 pixels, 20:9 ratio (~266 ppi density)","6.6 inches, 105.2 cm 2 (~83.9% screen-to-body ratio)",IPS LCD,,,,,,,,,,,,,"Fingerprint (rear-mounted), accelerometer, proximity","2020, February 21. Released 2020, February 25",Discontinued,,"Quad-LED flash, panorama, HDR",,,1080p@30fps,eMMC 5.1,,microSDXC (dedicated slot),64GB 4GB RAM,,"Shoal Gold, Fascinating Purple, Jade",CD7,About 130 EUR,0.80 W/kg (head)     0.82 W/kg (body),,,,GSM 850 / 900 / 1800 / 1900,HSDPA 850 / 900 / 2100,"1, 3, 5, 8, 38, 40, 41",,,,"HSPA 42.2/5.76 Mbps, LTE Cat4 150/50 Mbps",GSM / HSPA / LTE,,Octa-core 2.0 GHz Cortex-A53,Mediatek MT6762 Helio P22 (12 nm),PowerVR GE8320,"Android 10, HIOS 6.0",,16 MP,1080p@30fps,Yes,,Yes,,,,,,,"Glass front, plastic back, plastic frame","48 MP, PDAF 2 MP 2 MP Auxiliary lens",,,,,"Dual-LED flash, HDR",,,,,,,,
Tecno,Tecno Camon 12 Air,,Phone,https://www.gsmarena.com/tecno_camon_12_air-10005.php,2026-06-03 05:19 UTC,"2019, October. Released 2019, October",2019.0,Discontinued,164.2,76.1,8.2,181.0,6.55,720.0,1600.0,268.0,32GB | 64GB,3GB | 4GB,16.0,8.0,4000.0,,,,,,,,,,,,,4000 mAh,,164.2 x 76.1 x 8.2 mm (6.46 x 3.00 x 0.32 in),Nano-SIM + Nano-SIM,181 g (6.38 oz),,"5.0, A2DP, LE",No,GPS,FM radio,microUSB 2.0,Wi-Fi 802.11 b/g/n,,,"720 x 1600 pixels, 20:9 ratio (~268 ppi density)","6.55 inches, 103.6 cm 2 (~82.9% screen-to-body ratio)",IPS LCD,,,,,,,,,,,,,"Fingerprint (rear-mounted), accelerometer, proximity","2019, October. Released 2019, October",Discontinued,,"Quad-LED flash, panorama, HDR",,"16 MP, PDAF 5 MP Auxiliary lens",1080p@30fps,eMMC 5.1,,microSD,"32GB 3GB RAM, 64GB 4GB RAM",,"Ocean Blue, Alpenglow Gold, Stellar Purple",,,,,,,GSM 850 / 900 / 1800 / 1900,HSDPA 850 / 900 / 1900 / 2100,"1, 2, 3, 4, 5, 7, 8, 20, 28",,,,"HSPA 42.2/5.76 Mbps, LTE Cat4 150/50 Mbps",GSM / HSPA / LTE,,Quad-core 2.0 GHz Cortex-A53 Octa-core 2.0 GHz Cortex-A53,Mediatek MT6761 Helio A22 (12 nm) Mediatek MT6762 Helio P22 (12 nm),PowerVR GE8320,"Android 9.0 (Pie), HIOS 5.5",,"8 MP, f/2.0",1080p@30fps,Yes,,Yes,,,,,,,"Glass front, plastic back, plastic frame",,,,,,HDR,,,,,,,,
Tecno,Tecno Pop 3 Plus,,Phone,https://www.gsmarena.com/tecno_pop_3_plus-10006.php,2026-06-03 05:19 UTC,"2019, December. Released 2019, December",2019.0,Discontinued,166.7,75.8,8.4,180.5,6.52,720.0,1600.0,269.0,16GB,1GB,8.0,8.0,4000.0,,,,,,,,,,,,,4000 mAh,,166.7 x 75.8 x 8.4 mm (6.56 x 2.98 x 0.33 in),Nano-SIM + Nano-SIM,180.5 g (6.38 oz),,"4.2, A2DP, LE",No,GPS,FM radio,microUSB 2.0,Wi-Fi 802.11 b/g/n,,,"720 x 1600 pixels, 20:9 ratio (~269 ppi density)","6.52 inches, 102.6 cm 2 (~81.2% screen-to-body ratio)",IPS LCD,,,,,,,,,,,,,"Fingerprint (rear-mounted), accelerometer, proximity","2019, December. Released 2019, December",Discontinued,,"LED flash, HDR, panorama","8 MP, AF",,1080p@30fps,eMMC 5.1,,microSDXC (dedicated slot),16GB 1GB RAM,,"Midnight Black, Vacation Blue, Hillier Purple",,,,,,,GSM 900 / 1800,HSDPA 900 / 2100,"3, 7, 20",,,,"HSPA 42.2/5.76 Mbps, LTE Cat4 150/50 Mbps",GSM / HSPA / LTE,,Quad-core 1.8 GHz Cortex-A53,Mediatek MT6761 Helio A22 (12 nm),PowerVR GE8320,"Android 9.0 (Pie), HIOS 5.5",,"8 MP, f/2.0",1080p@30fps,Yes,,Yes,,,,,,,,,,,,,"LED flash, HDR",,,,,,,,
Tecno,Spark 4 Lite,,Phone,https://www.gsmarena.com/tecno_spark_4_lite-10007.php,2026-06-03 05:19 UTC,,,,,,,,,,,,,,,,,,,,,,,,,,,,,,,,,,,,,,,,,,,,,,,,,,,,,,,,,,,,,,,,,,,,,,,,,,,,,,,,,,,,,,,,,,,,,,,,,,,,,,,,,,,,,,,,,,,,,
Ulefone,Ulefone Armor X,,Phone,https://www.gsmarena.com/ulefone_armor_x-10037.php,2026-06-03 05:20 UTC,"2018, April. Released 2018, April",2018.0,Discontinued,163.0,76.6,13.9,256.0,5.5,720.0,1440.0,293.0,16GB,2GB,8.0,5.0,5500.0,,,,,,,,,,10W wired,,,Li-Po 5500 mAh,IP68 dust tight and water resistant (immersible up to 1.5m for 30 min) Drop resistant up to 1.2m MIL-STD-810G compliant,163 x 76.6 x 13.9 mm (6.42 x 3.02 x 0.55 in),Nano-SIM + Nano-SIM,256 g (9.03 oz),,"4.1, A2DP",Yes,GPS,"Stereo FM radio, RDS, recording",microUSB 2.0,"Wi-Fi 802.11 a/b/g/n, dual-band",,,"720 x 1440 pixels, 18:9 ratio (~293 ppi density)","5.5 inches, 78.1 cm 2 (~62.5% screen-to-body ratio)",IPS LCD,,,,,,,,,,,,,"Fingerprint (side-mounted), accelerometer, proximity, compass","2018, April. Released 2018, April",Discontinued,"8 MP, f/1.8, (wide), AF 5 MP","Dual-LED flash, HDR",,,720p@30fps,eMMC 5.1,,microSDXC (uses shared SIM slot),16GB 2GB RAM,,"Dark Gray, Rose Gold",,,,,,,GSM 850 / 900 / 1800 / 1900,HSDPA 850 / 900 / 2100,"1, 3, 7, 8, 20",,,,"HSPA 21.1/5.76 Mbps, LTE Cat4 150/75 Mbps",GSM / HSPA / LTE,,Quad-core 1.5 GHz Cortex-A53,Mediatek MT6739 (28 nm),PowerVR GE8100,Android 8.1 (Oreo),,5 MP,720p@30fps,Yes,,Yes,,,,,,,,,,,,,,,,,,,,,
Unnecto,Unnecto Rush,,Phone,https://www.gsmarena.com/unnecto_rush-6710.php,2026-06-03 05:20 UTC,"2014, September. Released 2014, September",2014.0,Discontinued,148.0,74.0,9.0,180.0,5.0,720.0,1280.0,294.0,4GB,512MB,8.0,,2000.0,,,,,,,,,,,Up to 750 h (3G),Up to 15 h (3G),Li-Ion 2000 mAh battery,,148 x 74 x 9 mm (5.83 x 2.91 x 0.35 in),Dual SIM (dual stand-by),180 g (6.35 oz),,"2.1, EDR",No,GPS,FM radio,microUSB,"Wi-Fi 802.11 b/g/n, hotspot",,,"720 x 1280 pixels, 16:9 ratio (~294 ppi density)","5.0 inches, 68.9 cm 2 (~62.9% screen-to-body ratio)",TFT,,,,,,,,,,,,,"Accelerometer, proximity","2014, September. Released 2014, September",Discontinued,,LED flash,8 MP,,Yes,,,microSDHC,4GB 512MB RAM,,"Black, White, Blue",,,,,,,GSM 850 / 900 / 1800 / 1900 - SIM 1 & SIM 2,HSDPA 850 / 1900 / 2100,,,,,HSPA 21.1/11.5 Mbps,GSM / HSPA,,Quad-core 1.3 GHz,,Mali-400,Android 4.4.2 (KitKat),,VGA,,Yes,,Yes,,,,,,,,,,,,,,,,,,,,,
Unnecto,Unnecto Quattro Z,,Phone,https://www.gsmarena.com/unnecto_quattro_z-6455.php,2026-06-03 05:20 UTC,"2014, June. Released 2014, June",2014.0,Discontinued,125.5,65.0,9.4,110.0,4.0,480.0,800.0,233.0,4GB,512MB,8.0,,1500.0,,,,,,,,,,,Up to 600 h,Up to 11 h,Li-Ion 1500 mAh battery,,125.5 x 65 x 9.4 mm (4.94 x 2.56 x 0.37 in),Dual SIM (dual stand-by),110 g (3.88 oz),,"4.0, A2DP",No,GPS,FM radio,microUSB,"Wi-Fi 802.11 b/g/n, Wi-Fi Direct, hotspot",,,"480 x 800 pixels, 5:3 ratio (~233 ppi density)","4.0 inches, 45.5 cm 2 (~55.8% screen-to-body ratio)",IPS LCD,,,,,,,,,,,,,,"2014, June. Released 2014, June",Discontinued,,LED flash,8 MP,,Yes,,,microSDHC,4GB 512MB RAM,,"Black, White, Blue",,,,,,,GSM 850 / 900 / 1800 / 1900 - SIM 1 & SIM 2,HSDPA 850 / 1900 / 2100,,,,,HSPA 21.1/5.76 Mbps,GSM / HSPA,,Dual-core 1.2 GHz,,Mali-400,Android 4.2.2 (Jelly Bean),,VGA,,Yes,,Yes,,,,,,,,,,,,,,,,,,,,,
Unnecto,Unnecto Drone Z,,Phone,https://www.gsmarena.com/unnecto_drone_z-6454.php,2026-06-03 05:20 UTC,"2014, June. Released 2014, June",2014.0,Discontinued,116.0,61.0,11.5,100.0,3.5,320.0,480.0,165.0,512MB,256MB,15.0,,1200.0,,,,,,,,,,,Up to 450 h (3G),Up to 9 h (3G),Li-Ion 1200 mAh battery,,116 x 61 x 11.5 mm (4.57 x 2.40 x 0.45 in),Dual SIM (dual stand-by),100 g (3.53 oz),,"4.0, A2DP",No,GPS,FM radio,microUSB,Wi-Fi 802.11 b/g/n,,,"320 x 480 pixels, 3:2 ratio (~165 ppi density)","3.5 inches, 36.5 cm 2 (~51.5% screen-to-body ratio)",TFT,,,,,,,,,,,,,,"2014, June. Released 2014, June",Discontinued,,,3.15 MP,,Yes,,,microSDHC,512MB 256MB RAM,,"Black, White, Grey",,,,,,,GSM 850 / 900 / 1800 / 1900 - SIM 1 & SIM 2,HSDPA 850 / 1900 / 2100,,,,,HSPA 21.1/5.76 Mbps,GSM / HSPA,,Dual-core 1.0 GHz,,,Android 4.2.2 (Jelly Bean),,VGA,,Yes,,Yes,,,,,,,,,,,,,,,,,,,,,
verykool,verykool s4010 Gazelle,,Phone,https://www.gsmarena.com/verykool_s4010_gazelle-6994.php,2026-06-03 05:20 UTC,"2015, January. Released 2015, January",2015.0,Discontinued,127.5,64.9,11.0,128.0,4.0,480.0,800.0,233.0,4GB,512MB,8.0,3.0,1400.0,,,0.66,1.38,,,,,About 80 EUR,,Up to 336 h (3G),Up to 6 h 30 min (3G),Li-Ion 1400 mAh battery,,127.5 x 64.9 x 11 mm (5.02 x 2.56 x 0.43 in),Dual SIM (Mini-SIM),128 g (4.52 oz),,"4.0, LE",No,GPS,FM radio,microUSB 2.0,"Wi-Fi 802.11 b/g/n, hotspot",,,"480 x 800 pixels, 5:3 ratio (~233 ppi density)","4.0 inches, 45.5 cm 2 (~55.0% screen-to-body ratio)",TFT,,,,,,,,,,,,,"Accelerometer, proximity","2015, January. Released 2015, January",Discontinued,,LED flash,8 MP,,720p@30fps,,,microSDHC,4GB 512MB RAM,,"White, Blue, Grey",,About 80 EUR,,0.66 W/kg (head)     1.38 W/kg (body),,,GSM 850 / 900 / 1800 / 1900 - SIM 1 & SIM 2,HSDPA 850 / 1700 / 1900 / 2100,,,,,HSPA,GSM / HSPA,,Dual-core 1.0 GHz Cortex-A7,Mediatek MT6572M (28 nm),Mali-400,Android 4.4.2 (KitKat),,1.3 MP,,Yes,,Yes,,,,,,,,,,,,,,,,,,,,,
verykool,verykool s4002 Leo,,Phone,https://www.gsmarena.com/verykool_s4002_leo-6993.php,2026-06-03 05:20 UTC,"2015, January. Released 2015, January",2015.0,Discontinued,122.0,63.0,10.7,112.0,4.0,480.0,800.0,233.0,512MB,256MB,5.0,3.0,1450.0,,,0.49,0.74,,,,,About 50 EUR,,Up to 240 h (3G),Up to 7 h (3G),Li-Ion 1450 mAh battery,,122 x 63 x 10.7 mm (4.80 x 2.48 x 0.42 in),Dual SIM (Mini-SIM),112 g (3.95 oz),,"4.0, LE",No,GPS,FM radio,microUSB 2.0,"Wi-Fi 802.11 b/g/n, hotspot",,,"480 x 800 pixels, 5:3 ratio (~233 ppi density)","4.0 inches, 45.5 cm 2 (~59.3% screen-to-body ratio)",TFT,,,,,,,,,,,,,Accelerometer,"2015, January. Released 2015, January",Discontinued,,LED flash,5 MP,,720p@30fps,,,microSDHC,512MB 256MB RAM,,"Black, White, Yellow, Blue",,About 50 EUR,,0.49 W/kg (head)     0.74 W/kg (body),,,GSM 850 / 900 / 1800 / 1900 - SIM 1 & SIM 2,,,,Yes,Yes,,GSM,,Dual-core 1.3 GHz Cortex-A7,Mediatek MT6571E,Mali-400,Android 4.4.2 (KitKat),,1.3 MP,,Yes,,Yes,,,,,,,,,,,,,,,,,,,,,
verykool,verykool s3501 Lynx,,Phone,https://www.gsmarena.com/verykool_s3501_lynx-6786.php,2026-06-03 05:20 UTC,"2014, November. Released 2014, November",2014.0,Discontinued,113.4,60.2,12.5,88.5,3.5,320.0,480.0,165.0,512MB,256MB,2.0,,1000.0,,,,,,,,,,,Up to 120 h (3G),Up to 3 h (3G),Li-Ion 1000 mAh battery,,113.4 x 60.2 x 12.5 mm (4.46 x 2.37 x 0.49 in),Dual SIM (Mini-SIM/ Micro-SIM),88.5 g (3.14 oz),,"4.0, A2DP",No,GPS,FM radio,microUSB 2.0,"Wi-Fi 802.11 b/g/n, hotspot",,,"320 x 480 pixels, 3:2 ratio (~165 ppi density)","3.5 inches, 36.5 cm 2 (~53.4% screen-to-body ratio)","TFT, 256K colors",,,,,,,,,,,,,Accelerometer,"2014, November. Released 2014, November",Discontinued,,LED flash,2 MP,,720p@30fps,,,microSDHC,512MB 256MB RAM,,"Yellow, Blue",,,,,,,GSM 850 / 900 / 1800 / 1900 - SIM 1 & SIM 2,,,,Yes,Yes,,GSM,,Dual-core 1.3 GHz Cortex-A7,Mediatek MT6571 (28 nm),Mali-400,Android 4.4.2 (KitKat),,VGA,,Yes,,Yes,,,,,,,,,,,,,,,,,,,,,
verykool,verykool R27,,Phone,https://www.gsmarena.com/verykool_r27-6772.php,2026-06-03 05:20 UTC,"2014, September. Released 2014, October",2014.0,Discontinued,111.4,51.5,15.6,110.0,2.2,176.0,220.0,128.0,128MB | 32MB,32MB,2.0,,900.0,1.33,1.28,,,,,,,About 60 EUR,,Up to 216 h,Up to 4 h,Li-Ion 900 mAh battery,IP65 dust tight and water resistant (low pressure water jets) Flashlight,111.4 x 51.5 x 15.6 mm (4.39 x 2.03 x 0.61 in),Mini-SIM,110 g (3.88 oz),,"2.1, A2DP, EDR",No,No,"Stereo FM radio, built-in antenna",2.0,No,,Scratch-resistant glass,176 x 220 pixels (~128 ppi density),"2.2 inches, 15.2 cm 2 (~26.6% screen-to-body ratio)",TFT,,,,,MP3/WAV/MP4 player Predictive text input,,,,Yes,No,,"SMS, MMS",,"2014, September. Released 2014, October",Discontinued,,LED flash,2 MP,,144p,,Yes,microSDHC (dedicated slot),"128MB ROM, 32MB RAM",500 entries,Black,,About 60 EUR,1.33 W/kg (head)     1.28 W/kg (body),,,,GSM 850 / 900 / 1800 / 1900,HSDPA 850 / 1900,,,,,HSPA,GSM / HSPA,,,,,,No,,,No,,Yes,,,,,,,,,,,,,,,,,,,,,
verykool,verykool s5511 Juno Quatro,,Phone,https://www.gsmarena.com/verykool_s5511_juno_quatro-6760.php,2026-06-03 05:20 UTC,"2014, October. Released 2014, October",2014.0,Discontinued,150.4,77.2,8.5,157.0,5.5,540.0,960.0,200.0,4GB,1GB,8.0,2.0,2300.0,,,,,,,,,,,Up to 240 h (3G),Up to 7 h (3G),"Li-Ion 2300 mAh, removable",,150.4 x 77.2 x 8.5 mm (5.92 x 3.04 x 0.33 in),Dual SIM (Mini-SIM/ Micro-SIM),157 g (5.54 oz),,"4.0, A2DP",No,GPS,FM radio,microUSB 2.0,"Wi-Fi 802.11 b/g/n, hotspot",,,"540 x 960 pixels, 16:9 ratio (~200 ppi density)","5.5 inches, 83.4 cm 2 (~71.8% screen-to-body ratio)",IPS LCD,,,,,,,,,,,,,"Accelerometer, proximity","2014, October. Released 2014, October",Discontinued,,LED flash,8 MP,,720p@30fps,,,microSDHC,4GB 1GB RAM,,"Yellow, Blue",,,,,,,GSM 850 / 900 / 1800 / 1900 - SIM 1 & SIM 2,HSDPA 850 / 1900,,,,,HSPA 21.1/5.76 Mbps,GSM / HSPA,,Quad-core 1.3 GHz Cortex-A7,Mediatek MT6582M (28 nm),Mali-400MP2,Android 4.4.2 (KitKat),,2 MP,,Yes,,Yes,,,,,,,,,,,,,,,,,,,,,
verykool,verykool i604,,Phone,https://www.gsmarena.com/verykool_i604-4631.php,2026-06-03 05:20 UTC,"2012, Q1",2012.0,Discontinued,118.0,49.8,13.5,79.0,2.0,176.0,220.0,,,,3.0,,,,,,,,,,,,,Up to 240 h,Up to 3 h,Removable Li-Ion battery,Flashlight,118 x 49.8 x 13.5 mm (4.65 x 1.96 x 0.53 in),Dual SIM (Mini-SIM),79 g (2.79 oz),,2.0,,No,FM radio,microUSB,No,,,"176 x 220 pixels, 4:3 ratio","2.0 inches, 12.4 cm 2 (~21.1% screen-to-body ratio)",TFT,,,,,SNS applications MP3/MP4/3GP player Organizer Voice memo Predictive text input,,,,Yes,Yes,,"SMS, MMS",,"2012, Q1",Discontinued,,,1.3 MP,,Yes,,Yes,microSD (dedicated slot),,500 entries,"Black, White",,,,,,,GSM 850 / 900 / 1800 / 1900 - SIM 1 & SIM 2,,,,No,Class 12,,GSM,,,,,,No,,,Yes,,Yes,,QWERTY,,,,,,,,,,,,,,,,,,,
verykool,verykool i125,,Watch,https://www.gsmarena.com/verykool_i125-4438.php,2026-06-03 05:20 UTC,"2012, January. Released 2012, January",2012.0,Discontinued,107.0,45.0,12.0,63.0,1.8,160.0,240.0,,,,,,,,,,,,,,,,,Up to 192 h,Up to 4 h,Removable Li-Ion battery,Flashlight,107 x 45 x 12 mm (4.21 x 1.77 x 0.47 in),Dual SIM (Mini-SIM),63 g (2.22 oz),,Yes,,No,FM radio,No,No,,,"160 x 240 pixels, 3:2 ratio","1.8 inches, 9.6 cm 2 (~20.0% screen-to-body ratio)",TFT,,,,,MP3/3GP player Organizer Unit & currency converter Predictive text input Voice memo,,,,Yes,No,,"SMS, MMS",,"2012, January. Released 2012, January",Discontinued,,,VGA,,,,Yes,microSD (dedicated slot),,500 entries,"Black/Red, Black/Blue, Black/Green",,,,,GSM 850 / 900 / 1800 / 1900 - SIM 2,,GSM 850 / 900 / 1800 / 1900 - SIM 1,,,,No,Yes,,GSM,,,,,,No,,,No,,Yes,,,,,,,,,,,,,,,,,,,,,
verykool,verykool S815,,Phone,https://www.gsmarena.com/verykool_s815-4393.php,2026-06-03 05:20 UTC,"2011, Q4. Released 2011, December",2011.0,Discontinued,105.5,58.0,11.7,90.0,2.4,320.0,240.0,167.0,,,2.0,,,,,,,,,,,,,Up to 192 h,Up to 3 h,Removable Li-Ion battery,,105.5 x 58 x 11.7 mm (4.15 x 2.28 x 0.46 in),Mini-SIM,90 g (3.17 oz),,Yes,,No,FM radio,Proprietary,No,,,"320 x 240 pixels, 4:3 ratio (~167 ppi density)","2.4 inches, 17.8 cm 2 (~29.2% screen-to-body ratio)",TFT,,,,,SNS applications MP3/MP4/3GP player Organizer Voice memo Predictive text input,,,,Yes,"Yes, MIDP 2.0",,"SMS, MMS, Email, IM",,"2011, Q4. Released 2011, December",Discontinued,,,2 MP,,Yes,,Yes,microSDHC (dedicated slot),,1000 entries,Black,,,,,,,GSM 850 / 900 / 1800 / 1900,HSDPA 850 / 1900,,,,,HSPA 3.6/0.384 Mbps,GSM / HSPA,,,,,,No,,,Yes,,Yes,,QWERTY,,,,,,,,,,,,,,,,,,,
verykool,verykool R23,,Phone,https://www.gsmarena.com/verykool_r23-4368.php,2026-06-03 05:20 UTC,2011. Released 2011,2011.0,Discontinued,111.0,51.5,15.0,110.0,2.2,176.0,220.0,,,,3.0,,,,,,,,,,,,,,,Removable Li-Ion battery,IPX5 splash resistant,111 x 51.5 x 15 mm (4.37 x 2.03 x 0.59 in),Mini-SIM,110 g (3.88 oz),,"2.0, A2DP",,No,FM radio,Proprietary,No,,,176 x 220 pixels,"2.2 inches, 15.2 cm 2 (~26.6% screen-to-body ratio)",TFT,,,,,MP3/MP4 player,,,,Yes,Yes,,"SMS, MMS",,2011. Released 2011,Discontinued,,,1.3 MP,,,,Yes,microSDHC (dedicated slot),,Yes,Black,,,,,,,GSM 850 / 900 / 1800 / 1900,,,,No,Class 12,,GSM,,,,,,No,,,,,Yes,,,,,,,,,,,,,,,,,,,,,
verykool,verykool R620,,Phone,https://www.gsmarena.com/verykool_r620-4338.php,2026-06-03 05:20 UTC,"2011, Q3",2011.0,Discontinued,115.8,62.0,13.2,110.0,2.3,320.0,240.0,174.0,26MB,,2.0,,,,,,,,,,,,,Up to 240 h,Up to 4 h,Removable Li-Ion battery,IPX5 splash resistant,115.8 x 62 x 13.2 mm (4.56 x 2.44 x 0.52 in),Mini-SIM,110 g (3.88 oz),,2.0,,No,FM radio,Proprietary,Wi-Fi 802.11 b/g,,,"320 x 240 pixels, 4:3 ratio (~174 ppi density)","2.3 inches, 16.4 cm 2 (~22.8% screen-to-body ratio)",TFT,,,,,MP3/MP4/3GP player Organizer Unit & currency converter SNS applications Predictive text input,,,,Yes,"Yes, MIDP 2.0",,"SMS, MMS, Email, IM",,"2011, Q3",Discontinued,,,2 MP,,Yes,,Yes,microSDHC (dedicated slot),26MB,1000 entries,Black,,,,,,,GSM 850 / 900 / 1800 / 1900,,,,Yes,Yes,,GSM,,,,,,No,,,Yes,,Yes,,QWERTY,,,,,,,,,,,,,,,,,,,
verykool,verykool i285,,Phone,https://www.gsmarena.com/verykool_i285-4225.php,2026-06-03 05:20 UTC,"2011, Q2",2011.0,Discontinued,117.0,57.0,12.1,106.0,3.2,240.0,400.0,146.0,80MB,,2.0,,1100.0,,,,,,,,,,,,,Removable Li-Ion 1100 mAh battery,,117 x 57 x 12.1 mm (4.61 x 2.24 x 0.48 in),Mini-SIM,106 g (3.74 oz),,"2.0, A2DP",,No,FM radio,1.2,Wi-Fi 802.11 b/g/n,,,"240 x 400 pixels, 5:3 ratio (~146 ppi density)","3.2 inches, 29.1 cm 2 (~43.7% screen-to-body ratio)",TFT,,,,,MP3/AAC+ player MP4/3GP player Organizer Predictive text input,,,,Yes,Yes,,"SMS, MMS, Email",Accelerometer,"2011, Q2",Discontinued,,,2 MP,,Yes,,Yes,microSDHC (dedicated slot),80MB,Yes,Gray,,,,,,,GSM 850 / 900 / 1800 / 1900,,,,Yes,Class 12,,GSM,,,,,,,VGA,,,,"Yes, with stereo speakers",,,,,,,,,,,,,,,,,,,,,
verykool,verykool i725,,Phone,https://www.gsmarena.com/verykool_i725-4214.php,2026-06-03 05:20 UTC,"2011, Q2",2011.0,Discontinued,107.0,57.0,11.8,106.0,3.0,240.0,320.0,133.0,80MB,,2.0,,700.0,,,,,,,,,,,,,Removable Li-Ion 700 mAh battery,,107 x 57 x 11.8 mm (4.21 x 2.24 x 0.46 in),Mini-SIM,106 g (3.74 oz),,"2.0, A2DP",,No,FM radio,1.2,Wi-Fi 802.11 b/g/n,,,"240 x 320 pixels, 4:3 ratio (~133 ppi density)","3.0 inches, 27.9 cm 2 (~45.7% screen-to-body ratio)",TFT,,,,,MP3/MP4/3GP player Organizer Predictive text input,,,,Yes,,,"SMS, MMS, Email",,"2011, Q2",Discontinued,,,2 MP,,Yes,,Yes,microSDHC (dedicated slot),80MB,Yes,Black,,,,,,,GSM 850 / 900 / 1800 / 1900,,,,Yes,Yes,,GSM,,,,,,No,,,,,Yes,,QWERTY,,,,,,,,,,,,,,,,,,,
verykool,verykool CD611,,Phone,https://www.gsmarena.com/verykool_cd611-4049.php,2026-06-03 05:20 UTC,2011. Released 2011,2011.0,Discontinued,103.0,56.0,13.5,,2.0,240.0,320.0,,,,,,,,,,,,,,,,,,,Removable Li-Ion battery,,103 x 56 x 13.5 mm (4.06 x 2.20 x 0.53 in),Mini-SIM,-,,No,,No,FM radio,Proprietary,No,,,"240 x 320 pixels, 4:3 ratio","2.0 inches, 12.4 cm 2 (~21.5% screen-to-body ratio)",TFT,,,,,MP3/MP4/3GP player Organizer Predictive text input,,,,Yes,No,,"SMS, MMS, Email",,2011. Released 2011,Discontinued,,,VGA,,,,Yes,microSDHC (dedicated slot),,Yes,Black,,,,,,,CDMA 800 / 1900,CDMA2000 1x,,,,,"Yes, 384 kbps",CDMA / CDMA2000,,,,,,No,,,Yes,,Yes,,QWERTY,,,,,,,,,,,,,,,,,,,
verykool,verykool i800,,Phone,https://www.gsmarena.com/verykool_i800-4008.php,2026-06-03 05:20 UTC,2011. Released 2011,2011.0,Discontinued,111.0,58.5,13.2,107.0,2.8,240.0,320.0,143.0,40MB,,15.0,,,,,,,,,,,,,Up to 200 h,Up to 2 h 30 min,Removable Li-Ion battery,,111 x 58.5 x 13.2 mm (4.37 x 2.30 x 0.52 in),Mini-SIM,107 g (3.77 oz),,1.2,,A-GPS only,No,1.2,No,,,"240 x 320 pixels, 4:3 ratio (~143 ppi density)","2.8 inches, 24.3 cm 2 (~37.4% screen-to-body ratio)","TFT, 256K colors",,,,,TV Out MP3/MP4/3GP player Organizer Unit & currency converter SNS applications Predictive text input,,,,Yes,"Yes, MIDP 2.0",,"SMS, MMS, Email, IM",Accelerometer,2011. Released 2011,Discontinued,,,"3.15 MP, AF",,Yes,,Yes,microSDHC (dedicated slot),40MB,Yes,Black,,,,,,,GSM 850 / 900 / 1800 / 1900,Tri-Band HSDPA,,,Yes,Class 12,HSPA,GSM / HSPA,,,,,,,Yes,,Yes,,Yes,,,,,,,,,,,,,,,,,,,,,
verykool,verykool i720,,Phone,https://www.gsmarena.com/verykool_i720-4009.php,2026-06-03 05:20 UTC,2011. Released 2011,2011.0,Discontinued,102.0,62.0,16.3,145.0,2.8,240.0,320.0,143.0,,,2.0,,,,,,,,,,,,,Up to 350 h,Up to 5 h,Removable Li-Ion battery,,102 x 62 x 16.3 mm (4.02 x 2.44 x 0.64 in),Mini-SIM,145 g (5.11 oz),,"2.0, A2DP",,No,FM radio,1.2,Wi-Fi 802.11,,,"240 x 320 pixels, 4:3 ratio (~143 ppi density)","2.8 inches, 24.3 cm 2 (~38.4% screen-to-body ratio)",TFT,,,,,Webcam MP3/MP4/3GP player Organizer Unit & currency converter SNS applications Voice memo Predictive text input,,,,Yes,"Yes, MIDP 2.0",,"SMS, MMS, Email, IM",,2011. Released 2011,Discontinued,,,2 MP,,Yes,,Yes,microSD (dedicated slot),,1000 entries,Black,,,,,,,GSM 850 / 900 / 1800 / 1900,,,,"Class 12 (4+1/3+2 slots), 180 - 230 kbps",Class 12,,GSM,,,,,,No,,,Yes,,Yes,,QWERTY,,,,,,,,,,,,,,,,,,,
verykool,verykool i705,,Phone,https://www.gsmarena.com/verykool_i705-4010.php,2026-06-03 05:20 UTC,2011. Released 2011,2011.0,Discontinued,94.0,45.0,18.6,90.0,2.0,240.0,320.0,,,,,,,,,,,,,,,,,Up to 250 h,Up to 6 h,Removable Li-Ion battery,,94 x 45 x 18.6 mm (3.70 x 1.77 x 0.73 in),Mini-SIM,90 g (3.17 oz),,Yes,,No,FM radio,1.2,No,,,"240 x 320 pixels, 4:3 ratio","2.0 inches, 12.4 cm 2 (~29.3% screen-to-body ratio)",TFT,,,,,MP3 player Organizer Unit & currency converter Voice memo Predictive text input,,,,Yes,,,"SMS, MMS",,2011. Released 2011,Discontinued,,,VGA,,No,,Yes,microSD (dedicated slot),,500 entries,"Black, White",,,,,,,GSM 850 / 1900,,,,No,Class 12,,GSM,,,,,,No,,,Yes,,Yes,,,,,,,,,,,,,,,,,,,,,
verykool,verykool R80,,Phone,https://www.gsmarena.com/verykool_r80-4000.php,2026-06-03 05:20 UTC,2011. Released 2011,2011.0,Discontinued,118.0,53.0,15.8,114.0,2.4,240.0,320.0,167.0,30MB,,2.0,,,,,,,,,,,,,Up to 240 h,Up to 4 h,Removable Li-Ion battery,Flashlight IPX5 splash resistant,118 x 53 x 15.8 mm (4.65 x 2.09 x 0.62 in),Dual SIM (Mini-SIM),114 g (4.02 oz),,2.0,,GPS,FM radio,Proprietary,No,1” Sub-OLED display,,"240 x 320 pixels, 4:3 ratio (~167 ppi density)","2.4 inches, 17.8 cm 2 (~28.5% screen-to-body ratio)",TFT,,,,,Pedometer MP3/MP4/3GP player Organizer Webcam SNS applications Voice memo Predictive text input,,WAP 2.0/xHTML,,Yes,"Yes, MIDP 2.0",,"SMS, MMS, Email, IM","Compass, barometer, thermometer, altimeter, UV detector",2011. Released 2011,Discontinued,,,2 MP,,,,Yes,microSDHC (dedicated slot),30MB,Yes,Black,"newvers, newvers2, newvers3",,,,GSM 850 / 900 / 1800 / 1900 - SIM 2 (optional),,GSM 850 / 900 / 1800 / 1900 - SIM 1,,,,No,Class 12,,GSM,,,,,,No,,,Yes,,Yes,,,,,,,,,,,,,,,,,,,,,
verykool,R13,,Phone,https://www.gsmarena.com/verykool_r13-4001.php,2026-06-03 05:20 UTC,,,,,,,,,,,,,,,,,,,,,,,,,,,,,,,,,,,,,,,,,,,,,,,,,,,,,,,,,,,,,,,,,,,,,,,,,,,,,,,,,,,,,,,,,,,,,,,,,,,,,,,,,,,,,,,,,,,,,
Tecno,Tecno Spark 4,,Phone,https://www.gsmarena.com/tecno_spark_4-10695.php,2026-06-03 05:21 UTC,"2019, September 25. Released 2019, September 25",2019.0,Discontinued,165.3,75.9,8.2,,6.52,720.0,1600.0,269.0,32GB,2GB | 3GB,13.0,8.0,4000.0,,,,,,,,,,,,,Li-Ion 4000 mAh,,165.3 x 75.9 x 8.2 mm (6.51 x 2.99 x 0.32 in),Nano-SIM + Nano-SIM,-,,"4.2, A2DP, LE",No,GPS,FM radio,"microUSB 2.0, OTG",Wi-Fi 802.11 b/g/n,,,"720 x 1600 pixels, 20:9 ratio (~269 ppi density)","6.52 inches, 102.6 cm 2 (~81.8% screen-to-body ratio)",IPS LCD,,,,,,,,,,,,,"Fingerprint (rear-mounted), accelerometer, proximity","2019, September 25. Released 2019, September 25",Discontinued,,"Dual LED flash, HDR, panorama",,"13 MP, AF Auxiliary lenses",1080p@30fps,eMMC 5.1,,microSDXC (dedicated slot),"32GB 2GB RAM, 32GB 3GB RAM",,"Royal Purple, Vacation Blue",KC8,,,,,,GSM 850 / 900 / 1800 / 1900,HSDPA 850 / 900 / 2100,"1, 3, 5, 8, 38, 40, 41",,,,"HSPA 42.2/5.76 Mbps, LTE Cat4 150/50 Mbps",GSM / HSPA / LTE,,Quad-core 2.0 GHz,,,"Android 9.0 (Pie), HIOS 5.5",,8 MP,1080p@30fps,Yes,,Yes,,,,,,,"Glass front, plastic back, plastic frame",,,,,,LED flash,,,,,,,,
Tecno,Tecno Camon 12 Pro,,Phone,https://www.gsmarena.com/tecno_camon_12_pro-9865.php,2026-06-03 05:21 UTC,"2019, September. Released 2019, September",2019.0,Discontinued,158.6,75.5,7.8,161.0,6.35,720.0,1600.0,276.0,64GB,6GB,16.0,32.0,3500.0,,,,,,,,,About 10000 INR,,,,"3500 mAh, non-removable",,158.6 x 75.5 x 7.8 mm (6.24 x 2.97 x 0.31 in),Nano-SIM + Nano-SIM,161 g (5.68 oz),,"5.0, A2DP, LE",No,GPS,FM radio,microUSB 2.0,Wi-Fi 802.11 a/b/g/n,,,"720 x 1600 pixels, 20:9 ratio (~276 ppi density)","6.35 inches, 97.4 cm 2 (~81.3% screen-to-body ratio)",AMOLED,,,,,,,,,,,,,"Fingerprint (under display, optical), accelerometer, proximity","2019, September. Released 2019, September",Discontinued,,"Quad-LED flash, panorama, HDR",,"16 MP, PDAF 8 MP Auxiliary lens",1080p@30fps,eMMC 5.1,,microSDXC (dedicated slot),64GB 6GB RAM,,Dawn Blue,,About 10000 INR,,,,,GSM 850 / 900 / 1800 / 1900,HSDPA 850 / 900 / 1700(AWS) / 1900 / 2100,"1, 2, 3, 4, 5, 7, 8, 20, 28",,,,"HSPA 42.2/5.76 Mbps, LTE Cat4 150/50 Mbps",GSM / HSPA / LTE,,Octa-core 2.0 GHz Cortex-A53,Mediatek MT6762 Helio P22 (12 nm),PowerVR GE8320,"Android 9.0 (Pie), HIOS 5.5",,"32 MP, f/2.0, 26mm (wide), 1/2.8"", 0.8µm",1080p@30fps,Yes,,Yes,,,,,,,"Glass front, plastic back, plastic frame",,,,,,"LED flash, HDR",,,,,,,,
Samsung,Samsung Galaxy Note10,"Also available with 5GVersions: SM-N970F (Europe); SM-N970F/DS (Global); SM-N970U (USA); SM-N970U1 (USA unlocked); SM-N970W (Canada); SM-N9700/DS (LATAM, Brazil, China); SM-N970N (South Korea)",Phone,https://www.gsmarena.com/samsung_galaxy_note10-9788.php,2026-06-03 05:24 UTC,"2019, August 07. Released 2019, August 23",2019.0,Discontinued,151.0,71.8,7.9,168.0,6.3,1080.0,2280.0,401.0,256GB,8GB,12.0,10.0,3500.0,0.85,1.08,0.21,1.52,,,,,About 590 EUR,"25W wired, PD3.0 12W wireless (Qi) 4.5W reverse wireless",,,"Li-Ion 3500 mAh, non-removable","IP68 dust tight and water resistant (immersible up to 1.5m for 30 min) Stylus, 42ms latency (Bluetooth integration, accelerometer, gyro)",151 x 71.8 x 7.9 mm (5.94 x 2.83 x 0.31 in),· Nano-SIM · Nano-SIM + Nano-SIM,168 g (5.93 oz),,"5.0, A2DP, LE, aptX",Yes,"GPS, GLONASS, BDS, GALILEO",FM radio (USA & Canada only),USB Type-C 3.1,"Wi-Fi 802.11 a/b/g/n/ac/6, dual-band, Wi-Fi Direct",,Corning Gorilla Glass 6,"1080 x 2280 pixels, 19:9 ratio (~401 ppi density)","6.3 inches, 98.6 cm 2 (~90.9% screen-to-body ratio)","Dynamic AMOLED, HDR10+",,,,,"Samsung DeX, Samsung Wireless DeX (desktop experience support) ANT+",,,,,,,,"Fingerprint (under display, ultrasonic), accelerometer, gyro, proximity, compass, barometer","2019, August 07. Released 2019, August 23",Discontinued,,"LED flash, auto-HDR, panorama",,"12 MP, f/1.5-2.4, 27mm (wide), 1/2.55"", 1.4µm, dual pixel PDAF, OIS 12 MP, f/2.1, 52mm (telephoto), 1/3.6"", 1.0µm, PDAF, OIS, 2x optical zoom 16 MP, f/2.2, 12mm (ultrawide), 1/3.1"", 1.0µm, Super Steady video","4K@30/60fps, 1080p@30/60/240fps, 720p@960fps, HDR10+, stereo sound rec., gyro-EIS & OIS",UFS 3.0,,No,256GB 8GB RAM,,"Aura Glow, Aura White, Aura Black, Aura Pink, Aura Red","SM-N970F, SM-N970U, SM-N970U1, SM-N9700, SM-N970W, SM-N9700, SM-N970N, SM-N970X",About 590 EUR,0.85 W/kg (head)     1.08 W/kg (body),0.21 W/kg (head)     1.52 W/kg (body),CDMA 800 / 1900 - USA,CDMA2000 1xEV-DO - USA,GSM 850 / 900 / 1800 / 1900,HSDPA 850 / 900 / 1700(AWS) / 1900 / 2100,"1, 2, 3, 4, 5, 7, 8, 12, 13, 17, 18, 19, 20, 25, 26, 28, 32, 38, 39, 40, 41, 66 - Global, LATAM",,,,"HSPA 42.2/5.76 Mbps, LTE (7CA) Cat20 2000/150 Mbps",GSM / CDMA / HSPA / EVDO / LTE,-26.2 LUFS (Good),Octa-core (2x2.73 GHz Mongoose M4 & 2x2.4 GHz Cortex-A75 & 4x1.9 GHz Cortex-A55) - EMEA/LATAM Octa-core (1x2.84 GHz Kryo 485 & 3x2.42 GHz Kryo 485 & 4x1.78 GHz Kryo 485) - USA/China,Exynos 9825 (7 nm) - EMEA/LATAM Qualcomm SM8150 Snapdragon 855 (7 nm) - USA/China,Mali-G76 MP12 - EMEA/LATAM Adreno 640 - USA/China,"Android 9.0 (Pie), upgradable to Android 12, One UI 4",,"10 MP, f/2.2, 26mm (wide), 1/3"", 1.22µm, dual pixel PDAF","4K@30/60fps, 1080p@30fps",No,,"Yes, with stereo speakers",,,,Noise -92.8dB / Crosstalk -94.0dB,Photo / Video,High-bitrate audio support Tuned by AKG,"Glass front (Gorilla Glass 6), glass back (Gorilla Glass 6), aluminum frame",,Endurance rating 92h,789 nits max brightness (measured),"AnTuTu: 344442 (v7), 452400 (v8) GeekBench: 10353 (v4.4), 2241 (v5.1) GFXBench: 28fps (ES 3.1 onscreen)",,HDR,,"1, 2, 3, 4, 5, 7, 8, 12, 13, 14, 18, 19, 20, 25, 26, 28, 29, 30, 46, 48, 66, 71 - USA","1, 2, 3, 4, 5, 7, 8, 12, 13, 18, 19, 20, 25, 29, 30, 38, 39, 40, 41, 46, 66, 71 - Canada",,,,,
Samsung,Samsung Galaxy Watch Active2,"Versions: SM-R825F, SM-R835F (Global, Canada); SM-R825U, SM-R835U (USA)44mm model: 1.4-inch display; 340 mAh battery; Wi-Fi/LTE40mm model: 1.2-inch display; 247 mAh battery; Wi-Fi/LTERequires:Android 5.0; RAM 1.5 GB or higheriOS 9.0; iPhone 5 or above",Watch,https://www.gsmarena.com/samsung_galaxy_watch_active2-9784.php,2026-06-03 05:24 UTC,"2019, August. Released 2019, September",2019.0,Discontinued,44.0,44.0,10.9,42.0,1.4,360.0,360.0,364.0,4GB,5GB | 768MB,,,340.0,,,,,,,,,About 80 EUR,Wireless,,,"Li-Ion 340 mAh, non-removable",MIL-STD-810G compliant* IP68 dust tight and water resistant (immersible up to 50m) Compatible with standard 20mm straps ECG certified Touch-sensitive bezel *does not guarantee ruggedness or use in extreme conditions,44 x 44 x 10.9 mm (1.73 x 1.73 x 0.43 in),eSIM,42 g (1.48 oz),No,"5.0, A2DP, LE",Yes,"GPS, GLONASS, GALILEO, BDS",No,No,Wi-Fi 802.11 b/g/n,,Corning Gorilla Glass DX+,360 x 360 pixels (~364 ppi density),1.4 inches,Super AMOLED,,,,,,,,,,,,,"Accelerometer, gyro, heart rate, barometer, VO2max","2019, August. Released 2019, September",Discontinued,,,,,,eMMC,,No,"4GB 768MB RAM, 4GB 1.5GB RAM",,"Black, Silver, Gold","SM-R825F, SM-R835F, SM-R825U, SM-R835U",About 80 EUR,,,HSDPA 850 / 1700(AWS) / 1900 - USA/Canada,"2, 4, 5, 12, 13, 25, 26, 66 - USA",GSM 850 / 900 / 1800 / 1900,HSDPA 850 / 900 / 2100 - Global,"1, 3, 5, 7, 8, 20 - Global",,,,"HSPA, LTE",GSM / HSPA / LTE,,Dual-core 1.15 GHz Cortex-A53,Exynos 9110 (10 nm),Mali-T720,Tizen OS 5.5,,,,No,,Yes,,,,,,,"Glass front (Gorilla Glass DX+), stainless steel frame 316L",,,,,,,,"2, 4, 5, 12, 13, 66 - Canada",,,,,,
Samsung,Samsung Galaxy Watch Active2 Aluminum,Versions:44mm model: 1.4-inch display; 340 mAh battery; LTE44mm model: 1.4-inch display; 340 mAh battery; Wi-Fi only40mm model: 1.2-inch display; 247 mAh battery; Wi-Fi onlyRequires:Android 5.0; RAM 1.5 GB or higheriOS 9.0; iPhone 5 or above,Watch,https://www.gsmarena.com/samsung_galaxy_watch_active2_aluminum-9786.php,2026-06-03 05:24 UTC,"2019, August. Released 2019, September",2019.0,Discontinued,44.0,44.0,10.9,30.0,1.4,360.0,360.0,364.0,4GB,5GB | 768MB,,,340.0,,,,,,,,,About 300 EUR,Wireless,,,"Li-Ion 340 mAh, non-removable",IP68 dust tight and water resistant (immersible up to 50m) Compatible with standard 20mm straps ECG certified Touch-sensitive bezel MIL-STD-810G compliant* *does not guarantee ruggedness or use in extreme conditions,44 x 44 x 10.9 mm (1.73 x 1.73 x 0.43 in),No,30 g (1.06 oz),No,"5.0, A2DP, LE",Yes,"GPS, GLONASS, GALILEO, BDS",No,No,Wi-Fi 802.11 b/g/n,,Corning Gorilla Glass DX+,360 x 360 pixels (~364 ppi density),1.4 inches,Super AMOLED,,,,,,,,,,,,,"Accelerometer, gyro, heart rate, barometer","2019, August. Released 2019, September",Discontinued,,,,,,,,No,"4GB 768MB RAM, 4GB 1.5GB RAM",,"Cloud Silver, Aqua Black, Pink Gold, Phantom Violet",SM-R830,About 300 EUR,,,,,,HSDPA 900 / 2100 - 44mm LTE version only,"1, 3, 7, 8, 20 - 44mm LTE version only",,,,No,HSPA / LTE,,Dual-core 1.15 GHz Cortex-A53,Exynos 9110 (10 nm),Mali-T720,Tizen OS 5.5,,,,No,,Yes,,,,,,,"Glass front (Gorilla Glass DX+), aluminum frame",,,,,,,,,,,,,,
Samsung,Samsung Galaxy A10s,Versions: SM-A107F/DS (Global); SM-A107M/DS (LATAM),Phone,https://www.gsmarena.com/samsung_galaxy_a10s-9793.php,2026-06-03 05:24 UTC,"2019, August 12. Released 2019, August 27",2019.0,Discontinued,156.9,75.8,7.8,168.0,6.2,720.0,1520.0,271.0,32GB,2GB | 3GB,13.0,8.0,4000.0,0.25,1.06,,,,,,,About 180 EUR,,,,"Li-Po 4000 mAh, non-removable",,156.9 x 75.8 x 7.8 mm (6.18 x 2.98 x 0.31 in),· Nano-SIM · Nano-SIM + Nano-SIM,168 g (5.93 oz),,"4.2, A2DP, LE",No,"GPS, GLONASS, GALILEO",FM radio,"microUSB 2.0, OTG","Wi-Fi 802.11 b/g/n, Wi-Fi Direct",,,"720 x 1520 pixels, 19:9 ratio (~271 ppi density)","6.2 inches, 95.9 cm 2 (~80.7% screen-to-body ratio)",PLS LCD,,,,,,,,,,,,,"Fingerprint (rear-mounted), accelerometer, proximity","2019, August 12. Released 2019, August 27",Discontinued,"13 MP, f/1.8, 28mm (wide), AF Auxiliary lens","LED flash, panorama, HDR",,,1080p@30fps,eMMC 5.1,,microSDXC (dedicated slot),"32GB 2GB RAM, 32GB 3GB RAM",,"Blue, Green, Red, Black","SM-A107F, SM-A107M",About 180 EUR,0.25 W/kg (head)     1.06 W/kg (body),,HSDPA 850 / 900 / 1700(AWS) / 1900 / 2100 - SM-A107M/DS,"1, 2, 3, 5, 7, 8, 12, 17, 28 - SM-A107M/DS",GSM 850 / 900 / 1800 / 1900,HSDPA 850 / 900 / 1900 / 2100,"1, 2, 3, 5, 7, 8, 20, 38, 40, 41",,,,"HSPA 42.2/5.76 Mbps, LTE Cat4 150/50 Mbps",GSM / HSPA / LTE,,Octa-core 2.0 GHz Cortex-A53,Mediatek MT6762 Helio P22 (12 nm),PowerVR GE8320,"Android 9.0 (Pie), upgradable to Android 11, One UI 3.1",,"8 MP, f/2.0",1080p@30fps,Yes,,Yes,,,,,,,"Glass front, plastic back, plastic frame",,,,,,,,,,,,,,
Samsung,Samsung Galaxy A10e,"Versions: SM-A102U (AT&T, Verizon, Metro PCS, Sprint, T-Mobile, Virgin Mobile, Boost Mobile); SM-A102U1 (Unlocked)",Phone,https://www.gsmarena.com/samsung_galaxy_a10e-9790.php,2026-06-03 05:24 UTC,"2019, July. Released 2019, August",2019.0,Discontinued,147.3,69.6,8.4,141.0,5.83,720.0,1560.0,295.0,32GB,2GB | 3GB,8.0,5.0,3000.0,0.47,0.54,,,,,,,About 80 EUR,,,,"Li-Ion 3000 mAh, non-removable",,147.3 x 69.6 x 8.4 mm (5.80 x 2.74 x 0.33 in),Nano-SIM,141 g (4.97 oz),,"5.0, A2DP, LE",No,"GPS, GLONASS, GALILEO",No,USB Type-C 2.0,"Wi-Fi 802.11 a/b/g/n/ac, dual-band, Wi-Fi Direct",,,"720 x 1560 pixels, 19.5:9 ratio (~295 ppi density)","5.83 inches, 83.4 cm 2 (~81.4% screen-to-body ratio)",PLS LCD,,,,,,,,,,,,,"Accelerometer, proximity","2019, July. Released 2019, August",Discontinued,,"LED flash, panorama, HDR","8 MP, f/1.9, AF or 5 MP, AF",,1080p@30fps,eMMC 5.1,,microSDXC (dedicated slot),"32GB 2GB RAM, 32GB 3GB RAM",,Black,"SM-A102U, SM-S102DL, SM-A102U1, SM-A102W, SM-A102N",About 80 EUR,0.47 W/kg (head)     0.54 W/kg (body),,"CDMA 800 / 1900 - Verizon, Metro PCS, Sprint, T-Mobile, Virgin Mobile, Boost Mobile","HSDPA 850 / 900 / 1700(AWS) / 1900 / 2100 - Verizon, Metro PCS, Sprint, T-Mobile, Virgin Mobile, Boost Mobile",GSM 850 / 900 / 1800 / 1900,HSDPA 850 / 1700(AWS) / 1900 / 2100 - AT&T,"2, 3, 4, 5, 7, 12, 14, 29, 30, 66 - AT&T",,,,"HSPA 42.2/5.76 Mbps, LTE Cat4 150/50 Mbps",GSM / CDMA / HSPA / LTE,,Octa-core (2x1.6 GHz Cortex-A73 & 6x1.35 GHz Cortex-A53),Exynos 7884 (14 nm),Mali-G71 MP2,"Android 9.0 (Pie), upgradable to Android 11, One UI 3.1",,"5 MP, f/2.0 or 2 MP",,Yes,,Yes,,,,,,,"Glass front, plastic back, plastic frame",,,,,,,,"2, 4, 5, 12, 13, 25, 26, 41, 71 - Verizon, Sprint, Virgin Mobile, Boost Mobile","1, 2, 3, 4, 5, 7, 8, 12, 13, 20, 25, 26, 28, 38, 39, 40, 41, 66, 71 - Metro PCS, T-Mobile",,,,,
Samsung,Samsung Galaxy Tab S6,Versions: SM-T860 (Wi-Fi); SM-T865 (LTE),Tablet,https://www.gsmarena.com/samsung_galaxy_tab_s6-9781.php,2026-06-03 05:24 UTC,"2019, July 31. Released 2019, August",2019.0,Discontinued,244.5,159.5,5.7,420.0,10.5,1600.0,2560.0,287.0,128GB | 256GB | 64GB,4GB | 6GB | 8GB,13.0,8.0,7040.0,,0.7,,1.22,,,,,About 600 EUR,15W wired,,,"Li-Po 7040 mAh, non-removable",Stylus support (Bluetooth integration; magnetic),244.5 x 159.5 x 5.7 mm (9.63 x 6.28 x 0.22 in),Nano-SIM (cellular model only),420 g (14.82 oz),,"5.0, A2DP, LE",No,"GPS, GLONASS, BDS, GALILEO - cellular model only",No,"USB Type-C 3.1, magnetic connector","Wi-Fi 802.11 a/b/g/n/ac, dual-band, Wi-Fi Direct",,,"1600 x 2560 pixels, 16:10 ratio (~287 ppi density)","10.5 inches, 321.9 cm 2 (~82.5% screen-to-body ratio)",Super AMOLED,,,,,Samsung DeX (desktop experience support) ANT+,,,,,,,,"Fingerprint (under display, optical), accelerometer, gyro, proximity, compass","2019, July 31. Released 2019, August",Discontinued,"13 MP, f/2.0, 26mm (wide), 1/3.4"", 1.0µm, AF 5 MP, f/2.2, 12mm (ultrawide), 1.12µm","HDR, panorama",,,4K@30fps,UFS 3.0,,microSDXC (dedicated slot),"64GB 4GB RAM, 128GB 6GB RAM, 256GB 8GB RAM",,"Mountain Gray, Cloud Blue, Rose Blush","SM-T860, SM-T865",About 600 EUR,0.70 W/kg (body),1.22 W/kg (body),,,GSM 850 / 900 / 1800 / 1900,HSDPA 850 / 900 / 1700(AWS) / 1900 / 2100,"1, 2, 3, 4, 5, 7, 8, 12, 13, 17, 20, 25, 26, 28, 32, 38, 40, 41, 66",,,,"HSPA 42.2/5.76 Mbps, LTE (6CA) Cat20 2000/150 Mbps - cellular model only",GSM / HSPA / LTE,,Octa-core (1x2.84 GHz Kryo 485 & 3x2.42 GHz Kryo 485 & 4x1.78 GHz Kryo 485),Qualcomm SM8150 Snapdragon 855 (7 nm),Adreno 640,"Android 9.0 (Pie), upgradable to Android 12, One UI 4.0",,"8 MP, f/2.0, 26mm (wide), 1/4.0"", 1.12µm",1080p@30fps,No,,"Yes, with stereo speakers (4 speakers)",,,,,,,"Glass front, aluminum back, aluminum frame",,,,,,,,,,,,,,
Samsung,Samsung Galaxy Tab A 8.0 (2019),Versions: SM-T290 (Wi-Fi); SM-T295 (LTE),Tablet,https://www.gsmarena.com/samsung_galaxy_tab_a_8_0_(2019)-9760.php,2026-06-03 05:24 UTC,"2019, July 05. Released 2019, July",2019.0,Discontinued,210.0,124.4,8.0,345.0,8.0,800.0,1280.0,189.0,32GB | 64GB,2GB | 3GB,8.0,2.0,5100.0,,,0.75,1.19,,,,,About 130 EUR,,,,"Li-Po 5100 mAh, non-removable",,210 x 124.4 x 8 mm (8.27 x 4.90 x 0.31 in),Nano-SIM (cellular model only),"345g (Wi-Fi), 347g (LTE) (12.24 oz)",,"4.2, A2DP, LE",No,"GPS, GLONASS, GALILEO, BDS - cellular model only",No,microUSB 2.0,"Wi-Fi 802.11 a/b/g/n, dual-band, Wi-Fi Direct",,,"800 x 1280 pixels, 16:10 ratio (~189 ppi density)","8.0 inches, 185.6 cm 2 (~71.0% screen-to-body ratio)",TFT LCD,,,,,,,,,,,,,Accelerometer,"2019, July 05. Released 2019, July",Discontinued,,,"8 MP, AF",,1080p@30fps,eMMC 5.1,,microSDXC (dedicated slot),"32GB 2GB RAM, 32GB 3GB RAM, 64GB 2GB RAM",,"Carbon Black, Silver Gray","SM-T290, SM-T295",About 130 EUR,,0.75 W/kg (head)     1.19 W/kg (body),,,GSM 850 / 900 / 1800 / 1900,HSDPA 850 / 900 / 1700(AWS) / 1900 / 2100,"1, 2, 3, 4, 5, 7, 8, 12, 17, 20, 28, 38, 40, 41",,,,"HSPA 42.2/5.76 Mbps, LTE Cat4 150/50 Mbps - cellular model only",GSM / HSPA / LTE,,Quad-core 2.0 GHz Cortex-A53,Qualcomm SDM429 Snapdragon 429 (12 nm),Adreno 504,"Android 9.0 (Pie), upgradable to Android 11",,2 MP,,Yes,,"Yes, with dual speakers",,,,,,,"Glass front, aluminum back, plastic frame",,,,,,,,,,,,,,
Samsung,Samsung Galaxy XCover 4s,"Versions: SM-G398F, SM-G398FN/DS (Europe)",Phone,https://www.gsmarena.com/samsung_galaxy_xcover_4s-9730.php,2026-06-03 05:24 UTC,"2019, June. Released 2019, July",2019.0,Discontinued,146.2,73.3,9.7,172.0,5.0,720.0,1280.0,294.0,32GB,3GB,16.0,5.0,2800.0,,,0.91,1.31,,,,,About 260 EUR,,,,"Li-Ion 2800 mAh, removable",IP68 dust tight and water resistant (immersible up to 1.5m for 30 min) MIL-STD-810G compliant,146.2 x 73.3 x 9.7 mm (5.76 x 2.89 x 0.38 in),"Single SIM (Micro-SIM) or Dual SIM (Micro-SIM, dual stand-by)",172 g (6.07 oz),,"5.0, A2DP, LE",Yes,"GPS, GLONASS, GALILEO, BDS",FM radio,USB Type-C 2.0,"Wi-Fi 802.11 a/b/g/n/ac, dual-band, Wi-Fi Direct",,,"720 x 1280 pixels, 16:9 ratio (~294 ppi density)","5.0 inches, 68.9 cm 2 (~64.3% screen-to-body ratio)",PLS LCD,,,,,,,,,,,,,"Accelerometer, proximity, compass","2019, June. Released 2019, July",Discontinued,,"LED flash, HDR, panorama","16 MP, f/1.7, PDAF",,1080p@30fps,eMMC 5.1,,microSDXC (dedicated slot),32GB 3GB RAM,,Gray,"SM-G398F, SM-G398FN/DS, SM-G398FN",About 260 EUR,,0.91 W/kg (head)     1.31 W/kg (body),,,GSM 850 / 900 / 1800 / 1900,HSDPA 850 / 900 / 1900 / 2100,"1, 3, 5, 7, 8, 20, 28, 38, 40",,,,"HSPA 42.2/5.76 Mbps, LTE (2CA) Cat6 300/50 Mbps",GSM / HSPA / LTE,,Octa-core (2x1.6 GHz Cortex-A73 & 6x1.6 GHz Cortex-A53),Exynos 7885 (14 nm),Mali-G71 MP2,"Android 9.0 (Pie), upgradable to Android 11, One UI 3.1",,"5 MP, f/2.2",,Yes,,Yes,,,,,,,,,,,,,,,,,,,,,
Samsung,Samsung Galaxy A2 Core,Versions: SM-A260F/DS (Global); SM-A260G/DS,Phone,https://www.gsmarena.com/samsung_galaxy_a2_core-9636.php,2026-06-03 05:24 UTC,"2019, April. Released 2019, April",2019.0,Discontinued,141.6,71.0,9.1,142.0,5.0,540.0,960.0,220.0,16GB | 8GB,1GB,5.0,5.0,2600.0,,,0.53,1.09,,,,,About 120 EUR,,,,"Li-Ion 2600 mAh, non-removable",,141.6 x 71 x 9.1 mm (5.57 x 2.80 x 0.36 in),· Nano-SIM · Nano-SIM + Nano-SIM,142 g (5.01 oz),,"4.2, A2DP, LE",No,"GPS, GLONASS, BDS",FM radio,"microUSB 2.0, OTG","Wi-Fi 802.11 b/g/n, Wi-Fi Direct",,,"540 x 960 pixels, 16:9 ratio (~220 ppi density)","5.0 inches, 68.9 cm 2 (~68.6% screen-to-body ratio)",PLS LCD,,,,,,,,,,,,,"Accelerometer, proximity","2019, April. Released 2019, April",Discontinued,,"LED flash, HDR","5 MP, f/1.9, AF",,1080p@30fps,eMMC 5.1,,microSDXC (dedicated slot),"8GB 1GB RAM, 16GB 1GB RAM",,"Black, Blue, Red, Gold","SM-A260F, SM-A260G",About 120 EUR,,0.53 W/kg (head)     1.09 W/kg (body),HSDPA 850 / 900 / 2100 - A260G/DS,"1, 3, 5, 7, 8, 40, 41 - A260G/DS",GSM 900 / 1800,HSDPA 900 / 2100 - A260F/DS,"1, 3, 7, 8, 20 - A260F/DS",,,,"HSPA 42.2/5.76 Mbps, LTE Cat4 150/50 Mbps",GSM / HSPA / LTE,,Octa-core 1.6 GHz Cortex-A53,Exynos 7870 Octa (14 nm),Mali-T830 MP1,Android 8.0 Oreo (Go edition),,"5 MP, f/2.2",,Yes,,Yes,,,,,,,"Glass front, plastic back, plastic frame",,,,,,,,,,,,,,
Samsung,Samsung Galaxy Watch Active,,Watch,https://www.gsmarena.com/samsung_galaxy_watch_active-9589.php,2026-06-03 05:24 UTC,"2019, February. Released 2019, April",2019.0,Discontinued,39.5,39.5,10.5,25.0,1.1,360.0,360.0,302.0,4GB,768MB,,,230.0,,,,,,,,,About 210 EUR,Wireless,,,"Li-Ion 230 mAh, non-removable",IP68 dust tight and water resistant (immersible up to 50m) Compatible with standard 20mm straps MIL-STD-810G compliant* *does not guarantee ruggedness or use in extreme conditions,39.5 x 39.5 x 10.5 mm (1.56 x 1.56 x 0.41 in),No,25 g (0.88 oz),No,"4.2, A2DP, LE",Yes,"GPS, GLONASS, GALILEO, BDS",No,No,Wi-Fi 802.11 b/g/n,,Corning Gorilla Glass 3,360 x 360 pixels (~302 ppi density),1.1 inches,Super AMOLED,,,,,,,,,,,,,"Accelerometer, gyro, heart rate, barometer","2019, February. Released 2019, April",Discontinued,,,,,,,,No,4GB 768MB RAM,,"Silver, Black, Rose Gold, Sea Green",SM-R500,About 210 EUR,,,,,,,,,No,No,,No cellular connectivity,,Dual-core 1.15 GHz Cortex-A53,Exynos 9110 (10 nm),Mali-T720,Tizen OS 5.5,,,,No,,Yes,,,,,,,,,,,,,,,,,,,,,
Samsung,Samsung Galaxy View2,Versions: SM-T920 (Wi-Fi only); SM-T927 (EMEA); SM-T927A (AT&T),Tablet,https://www.gsmarena.com/samsung_galaxy_view2-9672.php,2026-06-03 05:24 UTC,"2019, April. Released 2019, April",2019.0,Discontinued,417.1,263.4,17.3,,17.3,1080.0,1920.0,127.0,64GB,3GB,,5.0,12000.0,,1.14,,,,,,,About 660 EUR,,,,"Li-Po 12000 mAh, non-removable",Built-in kickstand,417.1 x 263.4 x 17.3 mm (16.42 x 10.37 x 0.68 in),Nano-SIM (cellular model only),2.23 kg (4.92 lb),,"5.0, A2DP, LE, EDR",No,"GPS, GLONASS - cellular model only",No,USB Type-C 2.0,Wi-Fi 802.11 a/b/g/n,,,"1080 x 1920 pixels, 16:9 ratio (~127 ppi density)","17.3 inches, 825.1 cm 2 (~75.1% screen-to-body ratio)",IPS LCD,,,,,,,,,,,,,Accelerometer,"2019, April. Released 2019, April",Discontinued,,,,,,eMMC 5.1,,microSDXC (dedicated slot),64GB 3GB RAM,,Dark Grey,"SM-T927A, SM-T920",About 660 EUR,1.14 W/kg (body),,HSDPA 850 / 1900 - SM-T927A,"2, 4, 5, 12, 14, 29, 30, 66 - SM-T927A",,HSDPA 900 / 2100 - Global,"1, 3, 5, 7, 8, 20 - Global",,,,"HSPA, LTE - cellular model only",HSPA / LTE,,Octa-core (2x1.6 GHz Cortex-A73 & 6x1.6 GHz Cortex-A53),Exynos 7884 (14 nm),Mali-G71 MP2,Android 8.1 (Oreo),,5 MP,4K@30fps,Yes,,"Yes, with stereo speakers (4 speakers)",,,,,,,,,,,,,,No,,,,,,,
Samsung,Samsung Galaxy S10 5G,Also available with 4G/LTE onlyVersions: SM-G977B (Global); SM-G977U (USA); SM-G977N (Korea); SM-G9770 (China),Phone,https://www.gsmarena.com/samsung_galaxy_s10_5g-9588.php,2026-06-03 05:24 UTC,"2019, February. Released 2019, April",2019.0,Discontinued,162.6,77.1,7.9,198.0,6.7,1440.0,3040.0,502.0,128GB | 256GB | 512GB,8GB,12.0,10.0,4500.0,0.46,1.59,0.26,1.55,,,,,About 380 EUR,"25W wired, PD3.0 15W wireless (Qi) 4.5W reverse wireless",,,"Li-Ion 4500 mAh, non-removable",IP68 dust tight and water resistant (immersible up to 1.5m for 30 min),162.6 x 77.1 x 7.9 mm (6.40 x 3.04 x 0.31 in),· Nano-SIM · Nano-SIM + Nano-SIM,198 g (6.98 oz),,"5.0, A2DP, LE, aptX",Yes,"GPS, GLONASS, BDS, GALILEO",FM radio (USA & Canada only),"USB Type-C 3.1, OTG, DisplayPort","Wi-Fi 802.11 a/b/g/n/ac/6, dual-band, Wi-Fi Direct",,Corning Gorilla Glass 6,"1440 x 3040 pixels, 19:9 ratio (~502 ppi density)","6.7 inches, 112.0 cm 2 (~89.4% screen-to-body ratio)","Dynamic AMOLED, HDR10+",,,,,ANT+ Samsung DeX (desktop experience support),,,,,,,,"Fingerprint (under display, ultrasonic), accelerometer, gyro, proximity, compass, barometer","2019, February. Released 2019, April",Discontinued,,"LED flash, auto-HDR, panorama",,"12 MP, f/1.5-2.4, 26mm (wide), 1/2.55"", 1.4µm, dual pixel PDAF, OIS 12 MP, f/2.4, 52mm (telephoto), 1/3.6"", 1.0µm, AF, OIS, 2x optical zoom 16 MP, f/2.2, 12mm (ultrawide), 1/3.1"", 1.0µm, Super Steady video 0.3 MP, TOF 3D, (depth)","4K@60fps (no EIS), 4K@30fps, 1080p@30/60/240fps, 720p@960fps, HDR10+, stereo sound rec., gyro-EIS & OIS",UFS 2.1,,No,"128GB 8GB RAM, 256GB 8GB RAM, 512GB 8GB RAM",,"Crown Silver, Majestic Black, Royal Gold","SM-G977U, SM-G977N, SM-G977B, SM-G9770, SM-G977P, SM-G977T",About 380 EUR,0.46 W/kg (head)     1.59 W/kg (body),0.26 W/kg (head)     1.55 W/kg (body),CDMA 800 / 1900 & TD-SCDMA,"HSDPA 850 / 900 / 1700(AWS) / 1900 / 2100 - Global, China",GSM 850 / 900 / 1800 / 1900,HSDPA 850 / 900 / 1900 / 2100 - USA,"1, 2, 3, 4, 5, 7, 8, 12, 13, 17, 18, 19, 20, 25, 26, 28, 32, 38, 39, 40, 41, 66 - Global",78 NSA/Sub6,,,"HSPA 42.2/5.76 Mbps, LTE (7CA) Cat20 2000/150 Mbps, 5G (2+ Gbps DL)",GSM / CDMA / HSPA / EVDO / LTE / 5G,,Octa-core (2x2.73 GHz Mongoose M4 & 2x2.31 GHz Cortex-A75 & 4x1.95 GHz Cortex-A55) - Global Octa-core (1x2.84 GHz Kryo 485 & 3x2.42 GHz Kryo 485 & 4x1.78 GHz Kryo 485) - USA,Exynos 9820 (8 nm) - Global Qualcomm SM8150 Snapdragon 855 (7 nm) - USA,Mali-G76 MP12 - Global Adreno 640 - USA,"Android 9.0 (Pie), upgradable to Android 12, One UI 4.1",,"10 MP, f/1.9, 26mm (wide), 1/3"", 1.22µm, dual pixel PDAF TOF 3D, (depth sensor)","4K@30/60fps, 1080p@30fps",Yes,,"Yes, with stereo speakers",,,,,,High-bitrate audio support Tuned by AKG,"Glass front (Gorilla Glass 6), glass back (Gorilla Glass 6), aluminum frame",,,,,,HDR,,CDMA2000 1xEV-DO - USA,"2, 3, 4, 5, 7, 8, 12, 13, 18, 19, 20, 26, 28, 38, 39, 40, 41, 46, 48, 66 - USA","1, 2, 3, 4, 5, 7, 8, 12, 13, 17, 20, 24, 25, 26, 28, 38, 39, 40, 41, 66 - China",,,,
Samsung,Samsung Galaxy S10+,"Versions: SM-G975F/DS (Global); SM-G975U (USA); SM-G975W (Canada)Also known as Samsung Galaxy S10+ Performance Edition (1 TB, 12 GB RAM model only)",Phone,https://www.gsmarena.com/samsung_galaxy_s10+-9535.php,2026-06-03 05:24 UTC,"2019, February 20. Released 2019, March 08",2019.0,Discontinued,157.6,74.1,7.8,175.0,6.4,1440.0,3040.0,522.0,128GB | 1TB | 512GB,12GB | 6GB | 8GB,12.0,10.0,4100.0,1.06,1.03,0.52,1.58,285.0,159.0,,,$ 285.00 / C$ 849.00 / € 159.00,"15W wired, PD2.0 15W wireless (Qi) 4.5W reverse wireless",,,"Li-Ion 4100 mAh, non-removable",IP68 dust tight and water resistant (immersible up to 1.5m for 30 min),157.6 x 74.1 x 7.8 mm (6.20 x 2.92 x 0.31 in),· Nano-SIM · Nano-SIM + Nano-SIM,175 g / 198 g (ceramic) (6.17 oz),,"5.0, A2DP, LE, aptX",Yes,"GPS, GLONASS, BDS, GALILEO",FM radio (USA & Canada only),"USB Type-C 3.1, OTG, DisplayPort","Wi-Fi 802.11 a/b/g/n/ac/6, dual-band, Wi-Fi Direct",,Corning Gorilla Glass 6,"1440 x 3040 pixels, 19:9 ratio (~522 ppi density)","6.4 inches, 103.8 cm 2 (~88.9% screen-to-body ratio)","Dynamic AMOLED, HDR10+",,,,,ANT+ Samsung DeX (desktop experience support),,,,,,,,"Fingerprint (under display, ultrasonic), accelerometer, gyro, proximity, compass, barometer, heart rate, SpO2","2019, February 20. Released 2019, March 08",Discontinued,,"LED flash, auto-HDR, panorama",,"12 MP, f/1.5-2.4, 26mm (wide), 1/2.55"", 1.4µm, dual pixel PDAF, OIS 12 MP, f/2.4, 52mm (telephoto), 1/3.6"", 1.0µm, AF, OIS, 2x optical zoom 16 MP, f/2.2, 12mm (ultrawide), 1/3.1"", 1.0µm, Super Steady video","4K@60fps (no EIS), 4K@30fps, 1080p@30/60/240fps, 720p@960fps, HDR10+, stereo sound rec., gyro-EIS & OIS",UFS 2.1,,microSDXC (uses shared SIM slot) - dual SIM model only,"128GB 6GB RAM, 128GB 8GB RAM, 512GB 8GB RAM, 1TB 12GB RAM",,"Prism White, Prism Black, Prism Green, Prism Blue, Canary Yellow, Flamingo Pink, Ceramic Black, Ceramic White, Cardinal Red, Smoke Blue","SM-G975F, SM-G975U, SM-G975W, SM-G975U1, SM-G9750, SM-G975N, SM-G975X, SC-05L",$ 285.00 / C$ 849.00 / € 159.00,1.06 W/kg (head)     1.03 W/kg (body),0.52 W/kg (head)     1.58 W/kg (body),CDMA 800 / 1900 - USA,CDMA2000 1xEV-DO - USA,GSM 850 / 900 / 1800 / 1900,"HSDPA 850 / 900 / 1700(AWS) / 1900 / 2100 - Global, USA","1, 2, 3, 4, 5, 7, 8, 12, 13, 17, 18, 19, 20, 25, 26, 28, 32, 38, 39, 40, 41, 66 - Global",,,,"HSPA 42.2/5.76 Mbps, LTE (7CA) Cat20 2000/150 Mbps",GSM / CDMA / HSPA / EVDO / LTE,-24.7 LUFS (Very good),Octa-core (2x2.73 GHz Mongoose M4 & 2x2.31 GHz Cortex-A75 & 4x1.95 GHz Cortex-A55) - EMEA/LATAM Octa-core (1x2.84 GHz Kryo 485 & 3x2.42 GHz Kryo 485 & 4x1.78 GHz Kryo 485) - USA/China,Exynos 9820 (8 nm) - EMEA/LATAM Qualcomm SM8150 Snapdragon 855 (7 nm) - USA/China,Mali-G76 MP12 - EMEA/LATAM Adreno 640 - USA/China,"Android 9.0 (Pie), upgradable to Android 12, One UI 4.1",,,"4K@30/60fps, 1080p@30fps",Yes,,"Yes, with stereo speakers",,,,Noise -93.0dB / Crosstalk -94.3dB,Photo / Video,High-bitrate audio support Tuned by AKG,"Glass front (Gorilla Glass 6), glass back (Gorilla Glass 5), aluminum frame Glass front (Gorilla Glass 6), ceramic back, ceramic frame",,Endurance rating 91h,"Contrast ratio: Infinite (nominal), 4.514 (sunlight)","AnTuTu: 333736 (v7), 399901 (v8) GeekBench: 10387 (v4.4), 2190 (v5.1) GFXBench: 23fps (ES 3.1 onscreen)","10 MP, f/1.9, 26mm (wide), 1/3"", 1.22µm, dual pixel PDAF 8 MP, f/2.2, 22mm (wide), 1/4.0"", 1.12µm, depth sensor",HDR,,"1, 2, 3, 4, 5, 7, 8, 12, 13, 14, 17, 18, 19, 20, 25, 26, 28, 29, 30, 38, 39, 40, 41, 46, 66, 71 - USA",,,,,,
Samsung,Samsung Galaxy S10,Also available with 5GVersions: SM-G973F/DS (Global); SM-G973U (USA); SM-G973W (Canada); SM-G9730 (China),Phone,https://www.gsmarena.com/samsung_galaxy_s10-9536.php,2026-06-03 05:24 UTC,"2019, February 20. Released 2019, March 08",2019.0,Discontinued,149.9,70.4,7.8,157.0,6.1,1440.0,3040.0,550.0,128GB | 512GB,6GB | 8GB,12.0,10.0,3400.0,0.93,0.79,0.48,1.59,,,,,About 150 EUR,"15W wired, PD2.0 15W wireless (Qi) 4.5W reverse wireless",,,"Li-Ion 3400 mAh, non-removable",IP68 dust tight and water resistant (immersible up to 1.5m for 30 min),149.9 x 70.4 x 7.8 mm (5.90 x 2.77 x 0.31 in),· Nano-SIM · Nano-SIM + Nano-SIM,157 g (5.54 oz),,"5.0, A2DP, LE, aptX",Yes,"GPS, GLONASS, BDS, GALILEO",FM radio (USA & Canada only),"USB Type-C 3.1, OTG, DisplayPort","Wi-Fi 802.11 a/b/g/n/ac/6, dual-band, Wi-Fi Direct",,Corning Gorilla Glass 6,"1440 x 3040 pixels, 19:9 ratio (~550 ppi density)","6.1 inches, 93.2 cm 2 (~88.3% screen-to-body ratio)","Dynamic AMOLED, HDR10+",,,,,ANT+ Samsung DeX (desktop experience support),,,,,,,,"Fingerprint (under display, ultrasonic), accelerometer, gyro, proximity, compass, barometer, heart rate, SpO2","2019, February 20. Released 2019, March 08",Discontinued,,"LED flash, auto-HDR, panorama",,"12 MP, f/1.5-2.4, 26mm (wide), 1/2.55"", 1.4µm, dual pixel PDAF, OIS 12 MP, f/2.4, 52mm (telephoto), 1/3.6"", 1.0µm, AF, OIS, 2x optical zoom 16 MP, f/2.2, 12mm (ultrawide), 1/3.1"", 1.0µm, Super Steady video","4K@60fps (no EIS), 4K@30fps, 1080p@30/60/240fps, 720p@960fps, HDR10+, stereo sound rec., gyro-EIS & OIS",UFS 2.1,,microSDXC (uses shared SIM slot) - dual SIM model only,"128GB 6GB RAM, 128GB 8GB RAM, 512GB 8GB RAM",,"Prism White, Prism Black, Prism Green, Prism Blue, Canary Yellow, Flamingo Pink, Cardinal Red, Smoke Blue","SM-G973F, SM-G973U, SM-G973W, SM-G973U1, SM-G9730, SM-G973N, SM-G973X, SCV41, SM-G973C",About 150 EUR,0.93 W/kg (head)     0.79 W/kg (body),0.48 W/kg (head)     1.59 W/kg (body),CDMA 800 / 1900 - USA,CDMA2000 1xEV-DO - USA,GSM 850 / 900 / 1800 / 1900,"HSDPA 850 / 900 / 1700(AWS) / 1900 / 2100 - Global, USA","1, 2, 3, 4, 5, 7, 8, 12, 13, 17, 18, 19, 20, 25, 26, 28, 32, 38, 39, 40, 41, 66 - Global",,,,"HSPA 42.2/5.76 Mbps, LTE (7CA) Cat20 2000/150 Mbps",GSM / CDMA / HSPA / EVDO / LTE,Voice 82dB / Noise 74dB / Ring 85dB,Octa-core (2x2.73 GHz Mongoose M4 & 2x2.31 GHz Cortex-A75 & 4x1.95 GHz Cortex-A55) - EMEA/LATAM Octa-core (1x2.84 GHz Kryo 485 & 3x2.42 GHz Kryo 485 & 4x1.78 GHz Kryo 485) - USA/China,Exynos 9820 (8 nm) - EMEA/LATAM Qualcomm SM8150 Snapdragon 855 (7 nm) - USA/China,Mali-G76 MP12 - EMEA/LATAM Adreno 640 - USA/China,"Android 9.0 (Pie), upgradable to Android 12, One UI 4.1",,"10 MP, f/1.9, 26mm (wide), 1/3"", 1.22µm, dual pixel PDAF","4K@30/60fps, 1080p@30fps",Yes,,"Yes, with stereo speakers",,,,Noise -92.2dB / Crosstalk -92.7dB,Photo / Video,High-bitrate audio support Tuned by AKG,"Glass front (Gorilla Glass 6), glass back (Gorilla Glass 5), aluminum frame",,Endurance rating 79h,"Contrast ratio: Infinite (nominal), 4.498 (sunlight)",AnTuTu: 328366 (v7) GeekBench: 10174 (v4.4) GFXBench: 23fps (ES 3.1 onscreen),,HDR,,"1, 2, 3, 4, 5, 7, 8, 12, 13, 14, 17, 18, 19, 20, 25, 26, 28, 29, 30, 38, 39, 40, 41, 46, 66, 71 - USA",,,,,,
Samsung,Samsung Galaxy S10e,Versions: SM-G970F/DS (Global); SM-G970U (USA); SM-G970W (Canada),Phone,https://www.gsmarena.com/samsung_galaxy_s10e-9537.php,2026-06-03 05:24 UTC,"2019, February 20. Released 2019, March 08",2019.0,Discontinued,142.2,69.9,7.9,150.0,5.8,1080.0,2280.0,438.0,128GB | 256GB,6GB | 8GB,12.0,10.0,3100.0,0.56,0.7,0.58,1.57,,,,,About 130 EUR,"15W wired, PD2.0 15W wireless (Qi) 4.5W reverse wireless",,,"Li-Ion 3100 mAh, non-removable",IP68 dust tight and water resistant (immersible up to 1.5m for 30 min),142.2 x 69.9 x 7.9 mm (5.60 x 2.75 x 0.31 in),· Nano-SIM · Nano-SIM + Nano-SIM,150 g (5.29 oz),,"5.0, A2DP, LE, aptX",Yes,"GPS, GLONASS, BDS, GALILEO",FM radio (USA & Canada only),USB Type-C 3.1,"Wi-Fi 802.11 a/b/g/n/ac/6, dual-band, Wi-Fi Direct",,Corning Gorilla Glass 5,"1080 x 2280 pixels, 19:9 ratio (~438 ppi density)","5.8 inches, 82.8 cm 2 (~83.3% screen-to-body ratio)","Dynamic AMOLED, HDR10+",,,,,ANT+,,,,,,,,"Fingerprint (side-mounted), accelerometer, gyro, proximity, compass, barometer","2019, February 20. Released 2019, March 08",Discontinued,"12 MP, f/1.5-2.4, 26mm (wide), 1/2.55"", 1.4µm, dual pixel PDAF, OIS 16 MP, f/2.2, 12mm (ultrawide), 1/3.1"", 1.0µm, Super Steady video","LED flash, auto-HDR, panorama",,,"4K@60fps (no EIS), 4K@30fps, 1080p@30/60/240fps, 720p@960fps, HDR10+, stereo sound rec., gyro-EIS & OIS",UFS 2.1,,microSDXC (uses shared SIM slot) - dual SIM model only,"128GB 6GB RAM, 128GB 8GB RAM, 256GB 8GB RAM",,"Prism White, Prism Black, Prism Green, Prism Blue, Canary Yellow, Flamingo Pink","SM-G970F, SM-G970U, SM-G970W, SM-G9700, SM-G970U1, SM-G970N, SM-G970X",About 130 EUR,0.56 W/kg (head)     0.70 W/kg (body),0.58 W/kg (head)     1.57 W/kg (body),CDMA 800 / 1900 - USA,CDMA2000 1xEV-DO - USA,GSM 850 / 900 / 1800 / 1900,"HSDPA 850 / 900 / 1700(AWS) / 1900 / 2100 - Global, USA","1, 2, 3, 4, 5, 7, 8, 12, 13, 17, 18, 19, 20, 25, 26, 28, 32, 38, 39, 40, 41, 66 - Global",,,,"HSPA 42.2/5.76 Mbps, LTE (7CA) Cat20 2000/150 Mbps",GSM / CDMA / HSPA / EVDO / LTE,Voice 71dB / Noise 76dB / Ring 80dB,Octa-core (2x2.73 GHz Mongoose M4 & 2x2.31 GHz Cortex-A75 & 4x1.95 GHz Cortex-A55) - EMEA/LATAM Octa-core (1x2.84 GHz Kryo 485 & 3x2.42 GHz Kryo 485 & 4x1.78 GHz Kryo 485) - USA/China,Exynos 9820 (8 nm) - EMEA/LATAM Qualcomm SM8150 Snapdragon 855 (7 nm) - USA/China,Mali-G76 MP12 - EMEA/LATAM Adreno 640 - USA/China,"Android 9.0 (Pie), upgradable to Android 12, One UI 4.1",,"10 MP, f/1.9, 26mm (wide), 1/3"", 1.22µm, dual pixel PDAF","4K@30/60fps, 1080p@30fps",Yes,,"Yes, with stereo speakers",,,,Noise -92.9dB / Crosstalk -89.4dB,Photo / Video,High-bitrate audio support Tuned by AKG,"Glass front (Gorilla Glass 5), glass back (Gorilla Glass 5), aluminum frame",,Endurance rating 83h,Contrast ratio: infinite,"AnTuTu: 325192 (v7), 389694 (v8) GeekBench: 10081 (v4.4), 2141 (v5.1) GFXBench: 40fps (ES 3.1 onscreen)",,HDR,,"1, 2, 3, 4, 5, 7, 8, 12, 13, 14, 17, 18, 19, 20, 25, 26, 28, 29, 30, 38, 39, 40, 41, 46, 66, 71 - USA",,,,,,
Samsung,Samsung Galaxy M40,Versions: SM-M405FN/DS (Global); SM-M405F/DS (India); SM-M405G/DS (LATAM),Phone,https://www.gsmarena.com/samsung_galaxy_m40-9721.php,2026-06-03 05:24 UTC,"2019, June. Released 2019, June",2019.0,Discontinued,155.3,73.9,7.9,168.0,6.3,1080.0,2340.0,409.0,128GB | 64GB,4GB | 6GB,32.0,16.0,3500.0,0.2,,0.27,1.17,,,,,About 200 EUR,15W wired,,,"Li-Po 3500 mAh, non-removable",,155.3 x 73.9 x 7.9 mm (6.11 x 2.91 x 0.31 in),Nano-SIM + Nano-SIM,168 g (5.93 oz),,"5.0, A2DP, LE",Yes,"GPS, GLONASS, GALILEO, BDS",FM radio,USB Type-C 2.0,"Wi-Fi 802.11 a/b/g/n/ac, dual-band, Wi-Fi Direct",,Corning Gorilla Glass 3,"1080 x 2340 pixels, 19.5:9 ratio (~409 ppi density)","6.3 inches, 97.4 cm 2 (~84.9% screen-to-body ratio)",PLS LCD,,,,,,,,,,,,,"Fingerprint (rear-mounted), accelerometer, gyro, proximity, compass","2019, June. Released 2019, June",Discontinued,,"LED flash, panorama, HDR",,"32 MP, f/1.7, 26mm (wide), 1/2.8"", 0.8µm, PDAF 8 MP, f/2.2, 12mm (ultrawide), 1/4.0"", 1.12µm, PDAF Auxiliary lens","4K@30fps, 1080p@30fps",eMMC 5.1,,microSDXC (uses shared SIM slot),"64GB 4GB RAM, 128GB 6GB RAM",,"Seawater Blue, Midnight Blue, Cocktail Orange","SM-M405F, SM-M405FN, SM-M405G",About 200 EUR,0.20 W/kg (head),0.27 W/kg (head)     1.17 W/kg (body),,,GSM 850 / 900 / 1800 / 1900,HSDPA 850 / 900 / 2100,"1, 3, 5, 8, 40, 41",,,,"HSPA 42.2/5.76 Mbps, LTE (2CA) Cat6 400/50 Mbps",GSM / HSPA / LTE,,Octa-core (2x2.0 GHz Kryo 460 Gold & 6x1.7 GHz Kryo 460 Silver),Qualcomm SDM675 Snapdragon 675 (11 nm),Adreno 612,"Android 9.0 (Pie), upgradable to Android 11, One UI 3.1",,"16 MP, f/2.0, 26mm (wide), 1/3.06"", 1.0µm",1080p@30fps,No,,Yes,,,,,,,"Glass front (Gorilla Glass 3), plastic back, plastic frame",,,,,,HDR,,,,,,,,
Samsung,Samsung Galaxy M30,"Also known as Samsung Galaxy A40s in ChinaVersions: SM-M305F/DS, SM-M305FN/DS (Global); SM-M305M/DS (LATAM/Brazil); SM-M305G/DS",Phone,https://www.gsmarena.com/samsung_galaxy_m30-9505.php,2026-06-03 05:24 UTC,"2019, February 27. Released 2019, March",2019.0,Discontinued,159.0,75.1,8.5,174.0,6.4,1080.0,2340.0,403.0,128GB | 32GB | 64GB,3GB | 4GB | 6GB,13.0,16.0,5000.0,0.28,0.39,0.45,1.32,,,,,About 260 EUR,15W wired,,,"Li-Po 5000 mAh, non-removable",,159 x 75.1 x 8.5 mm (6.26 x 2.96 x 0.33 in),Nano-SIM + Nano-SIM,174 g (6.14 oz),,"5.0, A2DP, LE",No,"GPS, GLONASS, BDS","FM radio, RDS, recording",USB Type-C 2.0,"Wi-Fi 802.11 a/b/g/n/ac, dual-band, Wi-Fi Direct",,,"1080 x 2340 pixels, 19.5:9 ratio (~403 ppi density)","6.4 inches, 100.5 cm 2 (~84.2% screen-to-body ratio)",Super AMOLED,,,,,,,,,,,,,"Fingerprint (rear-mounted), accelerometer, gyro, proximity, compass","2019, February 27. Released 2019, March",Discontinued,,"LED flash, panorama, HDR",,"13 MP, f/1.9, PDAF 5 MP, f/2.2, 12mm (ultrawide) Auxiliary lens",1080p@30fps,eMMC 5.1,,microSDXC (dedicated slot),"32GB 3GB RAM, 32GB 4GB RAM, 64GB 4GB RAM, 64GB 6GB RAM, 128GB 6GB RAM",,"Black, Blue","SM-M305F, SM-M305FN, SM-M305G, SM-M305M, SM-A3051, SM-A3058, SM-A3050",About 260 EUR,0.28 W/kg (head)     0.39 W/kg (body),0.45 W/kg (head)     1.32 W/kg (body),,,GSM 850 / 900 / 1800 / 1900,HSDPA 850 / 900 / 1900 / 2100,"1, 3, 5, 8, 20, 40, 41",,,,"HSPA, LTE",GSM / HSPA / LTE,Voice 65dB / Noise 66dB / Ring 70dB,Octa-core (2x1.8 GHz Cortex-A73 & 6x1.6 GHz Cortex-A53),Exynos 7904 (14 nm),Mali-G71 MP2,"Android 8.1 (Oreo), upgradable to Android 10, One UI 2",,"16 MP, f/2.0, 26mm (wide), 1/3.06"", 1.0µm",1080p@30fps,Yes,,Yes,,,,Noise -90.5dB / Crosstalk -90.0dB,Photo / Video,,"Glass front, plastic back, plastic frame",,Endurance rating 119h,640 nits max brightness (measured),AnTuTu: 101651 (v7) GeekBench: 4188 (v4.4) GFXBench: 4.6fps (ES 3.1 onscreen),,HDR,,,,,,,,
Samsung,Samsung Galaxy M20,Versions: SM-M205F/DS (Global); SM-M205FN/DS (Europe); SM-M205G/DS (APAC); SM-M205M/DS (LATAM/Brazil),Phone,https://www.gsmarena.com/samsung_galaxy_m20-9506.php,2026-06-03 05:24 UTC,"2019, January 28. Released 2019, February",2019.0,Discontinued,156.4,74.5,8.8,186.0,6.3,1080.0,2340.0,409.0,32GB | 64GB,3GB | 4GB,13.0,8.0,5000.0,,,0.25,1.59,,,,,About 400 EUR,15W wired,,,"Li-Po 5000 mAh, non-removable",,156.4 x 74.5 x 8.8 mm (6.16 x 2.93 x 0.35 in),Nano-SIM + Nano-SIM,186 g (6.56 oz),,"5.0, A2DP, LE",Yes (market/region dependent),"GPS, GLONASS, BDS","FM radio, RDS, recording",USB Type-C 2.0,"Wi-Fi 802.11 b/g/n, Wi-Fi Direct",,,"1080 x 2340 pixels, 19.5:9 ratio (~409 ppi density)","6.3 inches, 97.4 cm 2 (~83.6% screen-to-body ratio)",PLS LCD,,,,,,,,,,,,,"Fingerprint (rear-mounted), accelerometer, gyro, proximity, compass","2019, January 28. Released 2019, February",Discontinued,"13 MP, f/1.9, 1/3.1"", 1.12µm, PDAF 5 MP, f/2.2, 12mm (ultrawide)","LED flash, panorama, HDR",,,1080p@30fps,eMMC 5.1,,microSDXC (dedicated slot),"32GB 3GB RAM, 64GB 4GB RAM",,"Ocean Blue, Charcoal Black","SM-M205F, SM-M205FN, SM-M205G, SM-M205M, SM-M205N",About 400 EUR,,0.25 W/kg (head)     1.59 W/kg (body),HSDPA 850 / 900 / 1700(AWS) / 1900 / 2100,"1, 2, 3, 4, 5, 7, 8, 12, 13, 17, 28, 38, 40, 41, 66",GSM 850 / 900 / 1800 / 1900,HSDPA 850 / 900 / 1900 / 2100,"1, 3, 5, 7, 8, 20, 38, 40, 41",,,,"HSPA 42.2/5.76 Mbps, LTE (2CA) Cat12 600/50 Mbps",GSM / HSPA / LTE,Voice 67dB / Noise 66dB / Ring 68dB,Octa-core (2x1.8 GHz Cortex-A73 & 6x1.6 GHz Cortex-A53),Exynos 7904 (14 nm),Mali-G71 MP2,"Android 8.1 (Oreo), upgradable to Android 10, One UI 2",,"8 MP, f/2.0, 25mm (wide)",1080p@30fps,Yes,,Yes,,,,Noise -90.5dB / Crosstalk -91.7dB,Photo / Video,,"Glass front, plastic back, plastic frame",,Endurance rating 103h,"Contrast ratio: 1333:1 (nominal), 2.960 (sunlight)",AnTuTu: 108658 (v7) GeekBench: 4160 (v4.4) GFXBench: 4.4fps (ES 3.1 onscreen),,HDR,,,,,,,,
Samsung,Samsung T479 Gravity 3,For T-Mobile,Phone,https://www.gsmarena.com/samsung_t479_gravity_3-3335.php,2026-06-03 05:30 UTC,"2010, June. Released 2010, June",2010.0,Discontinued,116.8,53.6,15.2,123.0,,240.0,320.0,,70MB,,2.0,,1000.0,,,0.52,,,,,,About 130 EUR,,Up to 400 h,Up to 6 h,Removable Li-Ion 1000 mAh battery,,116.8 x 53.6 x 15.2 mm (4.60 x 2.11 x 0.60 in),Mini-SIM,123 g (4.34 oz),,"2.1, A2DP",,A-GPS only; Google Maps,No,microUSB 2.0,No,,,"240 x 320 pixels, 4:3 ratio",,"TFT, 256K colors",,,,,SNS integration T-Mobile Social Buzz MP4/H.264 player MP3/eAAC+/WAV player Organizer Voice memo/dial Predictive text input,,"WAP 2.0/xHTML, HTML",,Yes,"Yes, MIDP 2.0",,"SMS, MMS, Email, Push Email, IM, RSS",,"2010, June. Released 2010, June",Discontinued,,,2 MP,,Yes,,"90 received, dialed and missed calls",microSDHC (dedicated slot),70MB,"Yes, Photocall",Black,,About 130 EUR,,0.52 W/kg (head),,,GSM 850 / 900 / 1800 / 1900,HSDPA 1700 / 2100,,,,,HSPA,GSM / HSPA,,184 MHz,,,,No,,,No,,Yes,,QWERTY,,,,,,,,,,,,,,,,,,,
Samsung,Samsung :) Smiley,For T-MobileAlso known as Samsung T359,Phone,https://www.gsmarena.com/samsung__)_smiley-3334.php,2026-06-03 05:30 UTC,"2010, June. Released 2010, June",2010.0,Discontinued,99.6,59.4,15.0,112.8,,240.0,320.0,,50MB,,3.0,,1000.0,0.47,0.78,0.98,,,,,,About 130 EUR,,Up to 300 h,Up to 5 h 30 min,Removable Li-Ion 1000 mAh battery,,99.6 x 59.4 x 15 mm (3.92 x 2.34 x 0.59 in),Mini-SIM,112.8 g (3.95 oz),,"2.1, A2DP",,A-GPS only; Google Maps,No,microUSB 2.0,No,,,"240 x 320 pixels, 4:3 ratio",,"TFT, 256K colors",,,,,SNS integration T-Mobile Social Buzz MP4/H.264 player MP3/eAAC+/WAV player Organizer Voice memo Predictive text input,,"WAP 2.0/xHTML, HTML",,Yes,"Yes, MIDP 2.0",,"SMS, MMS, Email, Push Email, IM, RSS",,"2010, June. Released 2010, June",Discontinued,,,1.3 MP,,Yes,,"90 received, dialed and missed calls",microSDHC (dedicated slot),50MB,"Yes, Photocall",Black/Blue,,About 130 EUR,0.47 W/kg (head)     0.78 W/kg (body),0.98 W/kg (head),,,GSM 850 / 900 / 1800 / 1900,UMTS 1700 / 2100,,,,,"Yes, 384 kbps",GSM / UMTS,,184 MHz,,,,No,,,No,,Yes,,QWERTY,,,,,,,,,,,,,,,,,,,
Samsung,Samsung C5010 Squash,,Phone,https://www.gsmarena.com/samsung_c5010_squash-3333.php,2026-06-03 05:30 UTC,"2010, May. Released 2010, Q3",2010.0,Discontinued,115.0,46.0,12.8,81.0,2.0,128.0,160.0,102.0,42MB,,3.0,,800.0,,,0.71,,,,,,About 80 EUR,,Up to 550 h (2G) / Up to 400 h (3G),Up to 6 h (2G) / Up to 3 h (3G),Removable Li-Ion 800 mAh battery,,115 x 46 x 12.8 mm (4.53 x 1.81 x 0.50 in),Mini-SIM,81 g (2.86 oz),,"2.1, A2DP",,No,"Stereo FM radio, RDS, recording",2.0,No,,,128 x 160 pixels (~102 ppi density),"2.0 inches, 12.6 cm 2 (~23.8% screen-to-body ratio)","TFT, 65K colors",,,,,MP3/AAC player MP4/H.264 player Organizer Voice memo Predictive text input,,"WAP 2.0/xHTML, HTML",,Yes,"Yes, MIDP 2.0",,"SMS, MMS, Email, IM",,"2010, May. Released 2010, Q3",Discontinued,,,1.3 MP,,320p@15fps,,"30 dialed, 30 received, 30 missed calls",microSDHC (dedicated slot),42MB,"1000 entries, Photocall",Black,,About 80 EUR,,0.71 W/kg (head),,,GSM 850 / 900 / 1800 / 1900,UMTS 900 / 2100,,,,,"Yes, 384 kbps",GSM / UMTS,,,,,,,Yes,,No,,Yes,,,,,,,,,,,,,,,,,,,,,
Samsung,Samsung i897 Captivate,AT&T version ofSamsung Galaxy S,Phone,https://www.gsmarena.com/samsung_i897_captivate-3408.php,2026-06-03 05:30 UTC,"2010, June. Released 2010, July",2010.0,Discontinued,122.4,64.2,9.9,118.0,4.0,480.0,800.0,233.0,16GB,512MB,5.0,,1500.0,,,0.37,,,,,,About 170 EUR,,Up to 750 h (2G) / Up to 576 h (3G),Up to 13 h 30 min (2G) / Up to 6 h 30 min (3G),Removable Li-Ion 1500 mAh battery,,122.4 x 64.2 x 9.9 mm (4.82 x 2.53 x 0.39 in),Mini-SIM,118 g (4.16 oz),,"3.0, A2DP",,"GPS, A-GPS",No,microUSB 2.0,Wi-Fi 802.11 b/g/n; DLNA,TouchWiz 3.0 UI,Corning Gorilla Glass,"480 x 800 pixels, 5:3 ratio (~233 ppi density)","4.0 inches, 45.5 cm 2 (~58.0% screen-to-body ratio)",Super AMOLED,,,,,MP4/DivX/WMV/H.264 player MP3/WAV/eAAC+/FLAC player Organizer Photo/video editor Voice memo/dial/commands Predictive text input (Swype),,"HTML, Adobe Flash Lite",,,,,,"Accelerometer, proximity, compass","2010, June. Released 2010, July",Discontinued,,,"5 MP, AF",,720p@30fps,,,microSDHC (dedicated slot),16GB 512MB RAM,,Black and Grey,,About 170 EUR,,0.37 W/kg (head),,,GSM 850 / 900 / 1800 / 1900,HSDPA 850 / 1900 / 2100,,,,,HSPA 7.2/5.76 Mbps,GSM / HSPA,,1.0 GHz Cortex-A8,Hummingbird,PowerVR SGX540,"Android 2.1 (Eclair), upgradable to 2.3 (Gingerbread)",No,,,Yes,,Yes,,,,,,,,,,,,,,,,,,,,,
Samsung,Samsung B7350 Omnia PRO 4,Also known as Samsung Omnia 735,Phone,https://www.gsmarena.com/samsung_b7350_omnia_pro_4-3401.php,2026-06-03 05:30 UTC,"2010, June. Released 2010, October",2010.0,Discontinued,117.7,59.8,11.9,122.0,2.62,320.0,320.0,173.0,200MB,,15.0,,1500.0,0.42,0.43,0.64,,,,,,About 150 EUR,,Up to 500 h (2G) / Up to 400 h (3G),Up to 9 h 20 min (2G) / Up to 5 h 40 min (3G),Removable Li-Ion 1500 mAh battery,,117.7 x 59.8 x 11.9 mm (4.63 x 2.35 x 0.47 in),Mini-SIM,122 g (4.30 oz),,"2.1, A2DP",,"GPS, A-GPS","Stereo FM radio, RDS",microUSB 2.0,Wi-Fi 802.11 b/g,,,"320 x 320 pixels, 1:1 ratio (~173 ppi density)","2.62 inches, 22.1 cm 2 (~31.5% screen-to-body ratio)","TFT resistive touchscreen, 65K colors",,,,,"MP3/WMA/WAV/eAAC+ player MP4/WMV9/H.264 player Windows Live, Yahoo! Microsoft Outlook Mobile Pocket Office Voice memo Predictive text input",,"WAP 2.0 / xHTML, HTML, Adobe Flash Lite",,,,,,,"2010, June. Released 2010, October",Discontinued,,,"3.15 MP, AF",,320p@15fps,,,microSDHC (dedicated slot),200MB,,Black,,About 150 EUR,0.42 W/kg (head)     0.43 W/kg (body),0.64 W/kg (head),,,GSM 850 / 900 / 1800 / 1900,HSDPA 900 / 2100,,,,,HSPA 7.2/0.384 Mbps,GSM / HSPA,,,,,Microsoft Windows Mobile 6.5 Professional,CIF,,,Yes,,Yes,,QWERTY,,,,,,,,,,,,,,,,,,,
Samsung,Samsung B6520 Omnia PRO 5,,Phone,https://www.gsmarena.com/samsung_b6520_omnia_pro_5-3402.php,2026-06-03 05:30 UTC,"2010, June. Released 2010, October",2010.0,Discontinued,116.5,61.8,11.5,111.0,2.4,320.0,240.0,167.0,220MB,,2.0,,1500.0,1.02,0.37,0.79,,,,,,About 170 EUR,,Up to 600 h (2G) / Up to 440 h (3G),Up to 8 h (2G) / Up to 7 h 30 min (3G),Removable Li-Ion 1500 mAh battery,,116.5 x 61.8 x 11.5 mm (4.59 x 2.43 x 0.45 in),Mini-SIM,111 g (3.92 oz),,"2.1, A2DP",,"GPS, A-GPS","Stereo FM radio, RDS",microUSB 2.0,Wi-Fi 802.11 b/g/n,,,"320 x 240 pixels, 4:3 ratio (~167 ppi density)","2.4 inches, 17.8 cm 2 (~24.8% screen-to-body ratio)","TFT, 65K colors",,,,,MP3/WMA/WAV/eAAC+ player MP4/WMV9/H.264/DivX player Microsoft Outlook Mobile Pocket Office editor Voice memo Predictive text input,,"WAP 2.0 / xHTML, HTML, Adobe Flash Lite",,,,,,,"2010, June. Released 2010, October",Discontinued,,,2 MP,,320p@15fps,,,microSDHC (dedicated slot),220MB,,Black,,About 170 EUR,1.02 W/kg (head)     0.37 W/kg (body),0.79 W/kg (head),,,GSM 850 / 900 / 1800 / 1900,HSDPA 900 / 1900 / 2100,,,,,HSPA 3.6/0.384 Mbps,GSM / HSPA,,,,,Microsoft Windows Mobile 6.5 Standard,,Yes,,Yes,,Yes,,QWERTY,,,,,,,,,,,,,,,,,,,
Samsung,Samsung U320 Haven,For Verizon,Phone,https://www.gsmarena.com/samsung_u320_haven-3433.php,2026-06-03 05:30 UTC,"2010, July. Released 2010, July",2010.0,Discontinued,100.0,51.0,18.0,99.0,2.2,176.0,220.0,128.0,24MB,16MB,,,1000.0,0.41,0.67,,,,,,,About 90 EUR,,Up to 336 h,Up to 5 h,Removable Li-Ion 1000 mAh battery,,100 x 51 x 18 mm (3.94 x 2.01 x 0.71 in),Mini-SIM,99 g (3.49 oz),No,No,,E911 call only,No,microUSB,No,"External 1"" 56K display (CSTN, 96x96 pixels)",,176 x 220 pixels (~128 ppi density),"2.2 inches, 15.2 cm 2 (~29.9% screen-to-body ratio)","TFT, 65K colors",,,,,MP3/AAC player MP4/H.263 player Organizer Voice memo/dial Predictive text input,,"WAP 2.0/xHTML, HTML",,Yes,"Yes, MIDP 2.0",,"SMS, MMS",,"2010, July. Released 2010, July",Discontinued,,,,,,,Yes,No,24MB 16MB RAM 64MB ROM,500 entries,Black,,About 90 EUR,0.41 W/kg (head)     0.67 W/kg (body),,,,CDMA 800 / 1900,CDMA2000 1x,,,,,"Yes, 384 kbps",CDMA / CDMA2000,,,,,,,,,No,,Yes,,,,,,2.5 mm audio jack,,,,,,,,,,,,,,,
Samsung,Samsung U460 Intensity II,For Verizon,Phone,https://www.gsmarena.com/samsung_u460_intensity_ii-3450.php,2026-06-03 05:30 UTC,"2010, July. Released 2010, July",2010.0,Discontinued,124.0,73.0,17.9,116.0,2.2,240.0,320.0,182.0,,,3.0,,1000.0,1.04,0.5,,,,,,,About 100 EUR,,Up to 300 h,Up to 5 h,Removable Li-Ion 1000 mAh battery,,124 x 73 x 17.9 mm (4.88 x 2.87 x 0.70 in),Mini-SIM,116 g (4.09 oz),,"2.1, A2DP",,A-GPS only; VZ Navigator,No,microUSB 2.0,No,,,"240 x 320 pixels, 4:3 ratio (~182 ppi density)","2.2 inches, 15.0 cm 2 (~16.6% screen-to-body ratio)","TFT, 256K colors",,,,,Social Beat app for SNS integration Media Center MP4/H.263 player MP3/AAC+/WMA player Organizer Voice memo/dial Predictive text input,,WAP 2.0/xHTML,,Yes,"Yes, MIDP 2.0",,"SMS, MMS, Email, IM",,"2010, July. Released 2010, July",Discontinued,,,1.3 MP,,No,,Yes,microSDHC (dedicated slot),,"1000 entries, Photocall","Deep Gray, Metallic Blue",,About 100 EUR,1.04 W/kg (head)     0.50 W/kg (body),,,,CDMA 800 / 1900,CDMA2000 1x,,,,,"Yes, 384 kbps",CDMA / CDMA2000,,,,,,No,,,No,,Yes,,QWERTY,,,,2.5 mm audio jack,,,,,,,,,,,,,,,
Samsung,Samsung M350 Seek,For Sprint,Phone,https://www.gsmarena.com/samsung_m350_seek-3434.php,2026-06-03 05:30 UTC,"2010, May. Released 2010, May",2010.0,Discontinued,105.0,53.0,15.0,109.0,2.6,240.0,320.0,154.0,128MB | 256MB,128MB,3.0,,1500.0,1.08,1.31,,,,,,,About 130 EUR,,,Up to 5 h 40 min,Removable Li-Ion 1500 mAh battery,,105 x 53 x 15 mm (4.13 x 2.09 x 0.59 in),Mini-SIM,109 g (3.84 oz),,"2.1, A2DP",,No,No,microUSB 2.0,No,,,"240 x 320 pixels, 4:3 ratio (~154 ppi density)","2.6 inches, 20.9 cm 2 (~37.6% screen-to-body ratio)","TFT,  256K colors",,,,,"MP4/H.263 player MP3/AAC+ player Organizer Facebook, Twitter apps Voice memo Predictive text input",,WAP 2.0/xHTML,,Yes,"Yes, MIDP 2.0",,"SMS, MMS, Email, IM",,"2010, May. Released 2010, May",Discontinued,,,1.3 MP,,Yes,,Yes,microSDHC (dedicated slot),"128MB RAM, 256MB ROM","600 entries, Photocall","Blue, Red, Pink",,About 130 EUR,1.08 W/kg (head)     1.31 W/kg (body),,,,CDMA 800 / 1900,CDMA2000 1xEV-DO,,,,,"EV-DO Rev.0, 153.2 Kbps",CDMA / EVDO,,,,,,No,,,Yes,,Yes,,QWERTY,,,,,,,,,,,,,,,,,,,
Samsung,Samsung Epic 4G,Also known as Samsung Galaxy S ProFor Sprint,Phone,https://www.gsmarena.com/samsung_epic_4g-3410.php,2026-06-03 05:30 UTC,"2010, June. Released 2010, September",2010.0,Discontinued,124.0,65.0,14.0,155.0,4.0,480.0,800.0,233.0,512MB,512MB,5.0,,1500.0,0.68,0.99,,,,,,,About 200 EUR,,Up to 300 h,Up to 5 h 30 min,Removable Li-Ion 1500 mAh battery,,124 x 65 x 14 mm (4.88 x 2.56 x 0.55 in),Mini-SIM,155 g (5.47 oz),,"2.1, A2DP",,"GPS, A-GPS","Stereo FM radio, RDS",microUSB 2.0,"Wi-Fi 802.11 b/g/n; WiMAX, hotspot (Android 2.2)",TouchWiz 3.0 UI,Corning Gorilla Glass,"480 x 800 pixels, 5:3 ratio (~233 ppi density)","4.0 inches, 45.5 cm 2 (~56.5% screen-to-body ratio)",Super AMOLED,,,,,Mobile TV MP4/DivX/WMV/H.264 player MP3/WAV/eAAC+/FLAC player Organizer Photo/video editor Document editor Voice memo/dial/commands Predictive text input (Swype),,"HTML, Adobe Flash Lite",,,,,,"Accelerometer, proximity, compass","2010, June. Released 2010, September",Discontinued,,LED flash,"5 MP, AF",,720p@30fps,,,microSDHC (dedicated slot),512MB 512MB RAM,,Black,,About 200 EUR,0.68 W/kg (head)     0.99 W/kg (body),,HSDPA 2100,,CDMA 800 / 1900,CDMA2000 1xEV-DO,,,,,"HSPA, EV-DO Rev. A 3.1 Mbps",CDMA / HSPA / EVDO,,1.0 GHz Cortex-A8,Hummingbird,PowerVR SGX540,"Android 2.1 (Eclair), upgradable to 2.2 (Froyo)",,VGA,,Yes,,Yes,,QWERTY,,,,,,,,,,,,,,,,,,,
Samsung,Samsung Acclaim,Also known as Samsung R880,Phone,https://www.gsmarena.com/samsung_acclaim-3430.php,2026-06-03 05:30 UTC,"2010, June. Released 2010, July",2010.0,Discontinued,114.0,59.0,15.0,130.0,3.2,320.0,480.0,180.0,,,15.0,,1500.0,0.29,0.98,,,,,,,About 170 EUR,,Up to 450 h,Up to 8 h,Removable Li-Ion 1500 mAh battery,Optical trackpad,114 x 59 x 15 mm (4.49 x 2.32 x 0.59 in),Mini-SIM,130 g (4.59 oz),,"2.1, A2DP",,"GPS, A-GPS",No,microUSB 2.0,"Wi-Fi 802.11 b/g, hotspot (Android 2.2)",,,"320 x 480 pixels, 3:2 ratio (~180 ppi density)","3.2 inches, 30.5 cm 2 (~45.3% screen-to-body ratio)","TFT,  256K colors",,,,,MP4/H.264 player MP3/WAV/eAAC+ player Organizer Document viewer Voice memo Predictive text input,,HTML,,,,,,Accelerometer,"2010, June. Released 2010, July",Discontinued,,LED flash,"3.15 MP, AF",,Yes,,,"microSDHC (dedicated slot), 4 GB included",,,Blue,,About 170 EUR,0.29 W/kg (head)     0.98 W/kg (body),,,,CDMA 800 / 1900,CDMA2000 1xEV-DO,,,,,"EV-DO Rev.0, 153.2 Kbps",CDMA / EVDO,,,,,"Android 2.1 (Eclair), upgradable to 2.2 (Froyo)",No,,,No,,Yes,,QWERTY,,,,,,,,,,,,,,,,,,,
Samsung,Samsung Intercept,Also known as Samsung M910For Sprint,Phone,https://www.gsmarena.com/samsung_intercept-3429.php,2026-06-03 05:30 UTC,"2010, July. Released 2010, July",2010.0,Discontinued,113.0,56.0,15.0,139.0,3.2,240.0,400.0,146.0,,,15.0,,1500.0,0.72,1.08,,,,,,,About 150 EUR,,Up to 300 h,Up to 5 h 30 min,Removable Li-Ion 1500 mAh battery,Optical trackpad,113 x 56 x 15 mm (4.45 x 2.20 x 0.59 in),Mini-SIM,139 g (4.90 oz),,"2.0, A2DP",,"GPS, A-GPS",No,microUSB 2.0,"Wi-Fi 802.11 b/g, hotspot (Android 2.2)",,,"240 x 400 pixels, 5:3 ratio (~146 ppi density)","3.2 inches, 29.1 cm 2 (~46.1% screen-to-body ratio)","TFT, 65K colors",,,,,MP4/H.264 player MP3/WAV/eAAC+ player Organizer Document viewer Bar code scanner Voice memo Predictive text input,,HTML,,,,,,Accelerometer,"2010, July. Released 2010, July",Discontinued,,,"3.15 MP, AF",,Yes,,,microSDHC (dedicated slot),,,"Gray Steel, Satin Pink",,About 150 EUR,0.72 W/kg (head)     1.08 W/kg (body),,,,CDMA 800 / 1900,CDMA2000 1xEV-DO,,,,,"EV-DO Rev.0, 153.2 Kbps",CDMA / EVDO,,,,,"Android 2.1 (Eclair), upgradable to 2.2 (Froyo)",No,,,Yes,,Yes,,QWERTY,,,,,,,,,,,,,,,,,,,
Samsung,Samsung F400,,Phone,https://www.gsmarena.com/samsung_f400-2261.php,2026-06-03 05:30 UTC,"2008, February. Released 2008, June",2008.0,Discontinued,103.2,48.2,16.9,105.0,2.2,240.0,320.0,182.0,24MB,,15.0,,960.0,0.3,0.5,0.5,,,,,,About 100 EUR,,Up to 620 h,Up to 4 h 30 min,Removable Li-Ion 960 mAh battery,,103.2 x 48.2 x 16.9 mm (4.06 x 1.90 x 0.67 in),Mini-SIM,105 g (3.70 oz),,"2.0, A2DP",,No,"Stereo FM radio, RDS",2.0,No,Dual slide design,,"240 x 320 pixels, 4:3 ratio (~182 ppi density)","2.2 inches, 15.0 cm 2 (~30.1% screen-to-body ratio)","TFT, 256K colors",,,,,MP3/AAC/eACC/WMA player Music recognition Predictive text input Photo editor Organizer,,WAP 2.0/xHTML,,Yes + downloadable,"Yes, MIDP 2.0",,"SMS, EMS, MMS, Email",,"2008, February. Released 2008, June",Discontinued,,LED flash,"3.15 MP, AF",,Yes,,"30 dialed, 30 received, 30 missed calls","microSDHC (dedicated slot), 1 GB included",24MB,"1000 entries, Photo call","Silver, Red",,About 100 EUR,0.30 W/kg (head)     0.50 W/kg (body),0.50 W/kg (head),,,GSM 900 / 1800 / 1900,HSDPA 2100,,,,,HSPA 3.6/0.384 Mbps,GSM / HSPA,,,,,,,Yes,,Yes,"Vibration; Downloadable polyphonic, MP3 ringtones",Yes,,,,,,,,,,,,,,,,,,,,,
Samsung,Samsung J700,,Phone,https://www.gsmarena.com/samsung_j700-2262.php,2026-06-03 05:30 UTC,"2008, February. Released 2008, February",2008.0,Discontinued,99.5,48.0,14.8,92.0,2.0,128.0,160.0,102.0,10MB,,3.0,,800.0,0.38,0.89,0.5,,,,,,About 60 EUR,,Up to 250 h,Up to 3 h,Removable Li-Ion 800 mAh battery,,99.5 x 48 x 14.8 mm (3.92 x 1.89 x 0.58 in),Mini-SIM,92 g (3.25 oz),,"2.0, A2DP",,No,FM radio,2.0,No,,,128 x 160 pixels (~102 ppi density),"2.0 inches, 12.6 cm 2 (~26.4% screen-to-body ratio)","TFT, 65K colors",,,,,MP4/3GP player/recorder MP3/AAC/AAC+/MIDI player BT printing Organizer Currency converter Voice memo Predictive text input,,"WAP 2.0/xHTML, HTML",,Yes,"Yes, MIDP 2.0",,"SMS, EMS, MMS",,"2008, February. Released 2008, February",Discontinued,,,1.3 MP,,Yes,,"20 dialed, 20 received, 20 missed calls",microSD (dedicated slot),10MB,"1000 entries, Photocall","Black, Pink",,About 60 EUR,0.38 W/kg (head)     0.89 W/kg (body),0.50 W/kg (head),,,GSM 900 / 1800 / 1900,,,,Class 10,Class 10,,GSM,,,,,,No,,,No,"Vibration; Downloadable polyphonic, MP3 ringtones",Yes,,,,,,,,,,,,,,,,,,,,,
Samsung,Samsung J630,,Phone,https://www.gsmarena.com/samsung_j630-2323.php,2026-06-03 05:30 UTC,"2008, February. Released 2008, March",2008.0,Discontinued,100.7,50.5,12.9,88.0,2.2,176.0,220.0,128.0,40MB,,2.0,,,,,0.31,,,,,,About 50 EUR,,Up to 250 h,Up to 3 h,Removable battery,,100.7 x 50.5 x 12.9 mm (3.96 x 1.99 x 0.51 in),Mini-SIM,88 g (3.10 oz),,2.0,,No,No,2.0,No,"External TFT display, 65K colors (96 x 96 pixels), 1.07 inches",,176 x 220 pixels (~128 ppi density),"2.2 inches, 15.2 cm 2 (~30.0% screen-to-body ratio)","TFT, 256K colors",,,,,"MP4/3gp player Voice memo Document viewer (Word, Excel, PowerPoint, PDF) Organizer World clock Stopwatch Countdown timer",,"WAP 2.0/xHTML, HTML (NetFront 3.4)",,Yes,"Yes, MIDP 2.0",,"SMS, EMS, MMS, Email",,"2008, February. Released 2008, March",Discontinued,,,2 MP,,Yes,,"20 dialed, 20 received, 20 missed calls",microSD (dedicated slot),40MB,"Yes, 1000 entries",Gray,,About 50 EUR,,0.31 W/kg (head),,,GSM 900 / 1800 / 1900,UMTS 2100,,,,,"Yes, 384 kbps",GSM / UMTS,,,,,,No,,,No,"Vibration; Downloadable polyphonic, MP3 ringtones",Yes,,,,,,,,,,,,,,,,,,,,,
Samsung,Samsung i560,,Phone,https://www.gsmarena.com/samsung_i560-2154.php,2026-06-03 05:30 UTC,"2007, October. Released 2008, March",2007.0,Discontinued,103.0,51.0,15.9,111.0,2.4,240.0,320.0,167.0,150MB,,15.0,,,0.17,0.56,0.93,,,,,,About 110 EUR,,Up to 360 h,Up to 4 h 30 min,Removable Li-Ion battery,,103 x 51 x 15.9 mm (4.06 x 2.01 x 0.63 in),Mini-SIM,111 g (3.92 oz),,"2.0, A2DP",,GPS,FM radio,2.0,No,,,"240 x 320 pixels, 4:3 ratio (~167 ppi density)","2.4 inches, 17.8 cm 2 (~34.0% screen-to-body ratio)","TFT, 256K colors",,,,,"WMV/RV/MP4/3GP player MP3/WMA/WAV/RA/AAC/M4A player Organizer Document viewer (Word, Excel, PowerPoint, PDF)",,"WAP 2.0/xHTML, HTML, RSS feeds",,,,,,,"2007, October. Released 2008, March",Discontinued,,LED flash,3.15 MP,,Yes,,,microSD (dedicated slot),150MB,,"Black, Silver",,About 110 EUR,0.17 W/kg (head)     0.56 W/kg (body),0.93 W/kg (head),,,GSM 900 / 1800 / 1900,HSDPA 2100,,,,,HSPA 3.6/0.384 Mbps,GSM / HSPA,,330 MHz ARM 1136,TI OMAP 2430,PowerVR MBX,"Symbian OS 9.1, Series 60 v3.1 UI",,QCIF videocall camera,,Yes,"Vibration; Downloadable polyphonic, MP3 ringtones",Yes,,,,,,,,,,,,,,,,,,,,,
Samsung,Samsung i550,Also version Samsung i550w with WLAN,Phone,https://www.gsmarena.com/samsung_i550-2115.php,2026-06-03 05:30 UTC,"2007, August. Released 2008, February",2007.0,Discontinued,115.0,53.0,13.8,109.0,2.6,240.0,320.0,154.0,150MB,,15.0,,1200.0,0.32,0.41,0.72,,,,,,About 130 EUR,,Up to 360 h,Up to 8 h,Removable Li-Ion 1200 mAh battery,Trackball,115 x 53 x 13.8 mm (4.53 x 2.09 x 0.54 in),Mini-SIM,109 g (3.84 oz),,"2.0, A2DP",,GPS,FM radio,2.0,Wi-Fi 802.11 b/g (Samsung i550w only),,,"240 x 320 pixels, 4:3 ratio (~154 ppi density)","2.6 inches, 20.9 cm 2 (~34.3% screen-to-body ratio)","TFT, 256K colors",,,,,"WMV/RV/MP4/3GP player MP3/WMA/WAV/RA/AAC/M4A player Organizer Document viewer (Word, Excel, PowerPoint, PDF)",,WAP 2.0/xHTML,,,,,,,"2007, August. Released 2008, February",Discontinued,,LED flash,"3.15 MP, AF",,Yes,,,microSD (dedicated slot),150MB,,"Black, Silver",,About 130 EUR,0.32 W/kg (head)     0.41 W/kg (body),0.72 W/kg (head),,,GSM 900 / 1800 / 1900,HSDPA 2100,,,,,HSPA 3.6/0.384 Mbps,GSM / HSPA,Voice 73dB / Noise 66dB / Ring 78dB,330 MHz ARM 1136,TI OMAP 2430,PowerVR MBX,"Symbian OS 9.2, Series 60 v3.1 UI",,VGA videocall camera,,Yes,"Vibration; Downloadable polyphonic, MP3 ringtones",Yes,,,,Noise -90.8dB / Crosstalk -89.1dB,,,,,,,,,,,,,,,,,
Samsung,Samsung Galaxy S10 Lite,"Versions: SM-G770F/DS (Global); SM-G770F/DSM (Russia, India)",Phone,https://www.gsmarena.com/samsung_galaxy_s10_lite-9917.php,2026-06-03 05:45 UTC,"2020, January 03",2020.0,"Available. Released 2020, February 03",162.5,75.6,8.1,186.0,6.7,1080.0,2400.0,394.0,128GB | 512GB,6GB | 8GB,48.0,32.0,4500.0,0.69,0.93,0.49,1.52,,,,,About 380 EUR,45W wired,,,"Li-Po 4500 mAh, non-removable",,162.5 x 75.6 x 8.1 mm (6.40 x 2.98 x 0.32 in),· Nano-SIM · Nano-SIM + Nano-SIM,186 g (6.56 oz),,"5.0, A2DP, LE",Yes,"GPS, GLONASS, GALILEO, BDS",FM radio (market/region dependent),USB Type-C 2.0,"Wi-Fi 802.11 a/b/g/n/ac, dual-band, Wi-Fi Direct",,Corning Gorilla Glass 3+,"1080 x 2400 pixels, 20:9 ratio (~394 ppi density)","6.7 inches, 107.8 cm 2 (~87.8% screen-to-body ratio)","Super AMOLED Plus, HDR10+",,,,,ANT+,,,,,,,,"Fingerprint (under display, optical), accelerometer, gyro, proximity, compass","2020, January 03","Available. Released 2020, February 03",,"LED flash, panorama, HDR",,"48 MP, f/2.0, 26mm (wide), 1/2.0"", 0.8µm, PDAF, Super Steady OIS 12 MP, f/2.2, 12mm (ultrawide) 5 MP (macro)","4K@30/60fps, 1080p@30/60/240fps; gyro-EIS",UFS 2.1,,microSDXC (uses shared SIM slot),"128GB 6GB RAM, 128GB 8GB RAM, 512GB 8GB RAM",,"Prism White, Prism Black, Prism Blue","SM-G770F, SM-G770F/DS, SM-G770F/DSM, SM-G770U1",About 380 EUR,0.69 W/kg (head)     0.93 W/kg (body),0.49 W/kg (head)     1.52 W/kg (body),,,GSM 850 / 900 / 1800 / 1900,HSDPA 850 / 900 / 1700(AWS) / 1900 / 2100,"1, 2, 3, 4, 5, 7, 8, 12, 13, 17, 20, 26, 28, 38, 40, 41, 66",,,,"HSPA, LTE",GSM / HSPA / LTE,-27.2 LUFS (Good),Octa-core (1x2.84 GHz Kryo 485 & 3x2.42 GHz Kryo 485 & 4x1.78 GHz Kryo 485),Qualcomm SM8150 Snapdragon 855 (7 nm),Adreno 640,"Android 10, upgradable to Android 13, One UI 5",,"32 MP, f/2.2, 25mm (wide), 1/2.8"", 0.8µm",1080p@30fps,No,,Yes,,,,Noise -93.7dB / Crosstalk -94.7dB,Photo / Video,,"Glass front (Gorilla Glass 3+), aluminum frame, plastic back",,Endurance rating 110h,705 nits max brightness (measured),"AnTuTu: 370751 (v7), 459497 (v8) GeekBench: 11151 (v4.4), 2732 (v5.1) GFXBench: 56fps (ES 3.1 onscreen)",,HDR,,,,,,,,
Samsung,Samsung Galaxy A01,"Versions: SM-A015F/DS (Global), SM-A015G/DS (India), SM-A015M/DS (LATAM)",Phone,https://www.gsmarena.com/samsung_galaxy_a01-9999.php,2026-06-03 05:45 UTC,"2019, December 17. Released 2020, January",2019.0,Discontinued,146.2,70.9,8.3,149.0,5.7,720.0,1520.0,294.0,16GB | 32GB,2GB,13.0,5.0,3000.0,,,0.35,1.56,,,,,About 200 EUR,,,,"Li-Ion 3000 mAh, non-removable",,146.2 x 70.9 x 8.3 mm (5.76 x 2.79 x 0.33 in),· Nano-SIM · Nano-SIM + Nano-SIM,149 g (5.26 oz),,"4.2, A2DP, LE",No,"GPS, GLONASS, GALILEO, BDS","FM radio, RDS, recording",microUSB 2.0,"Wi-Fi 802.11 b/g/n, Wi-Fi Direct",,,"720 x 1520 pixels, 19:9 ratio (~294 ppi density)","5.7 inches, 81.6 cm 2 (~78.8% screen-to-body ratio)",PLS LCD,,,,,,,,,,,,,"Accelerometer, proximity","2019, December 17. Released 2020, January",Discontinued,"13 MP, f/2.2, 28mm (wide), 1/3.1"", 1.12µm, AF Auxiliary lens",LED flash,,,1080p@30fps,eMMC 5.1,,microSDXC (dedicated slot),"16GB 2GB RAM, 32GB 2GB RAM",,"Black, Blue, Red","SM-A015F, SM-A015F/DS, SM-A015G, SM-A015G/DS, SM-A015M, SM-A015M/DS, SM-A015T1, SM-S111DL, SM-A015V, SM-A015A, SM-A015AZ, SM-A015U, SM-A015U1",About 200 EUR,,0.35 W/kg (head)     1.56 W/kg (body),HSDPA 850 / 900 / 1700(AWS) / 1900 / 2100 - SM-A015M,"1, 2, 3, 4, 5, 7, 8, 12, 17, 28 - SM-A015M",GSM 850 / 900 / 1800 / 1900,HSDPA 850 / 900 / 2100,"1, 3, 5, 7, 8, 20, 28, 38, 40, 41",,,,"HSPA 42.2/5.76 Mbps, LTE Cat4 150/50 Mbps",GSM / HSPA / LTE,,Octa-core (4x1.95 GHz Cortex-A53 & 4x1.45 GHz Cortex A53),Qualcomm SDM439 Snapdragon 439 (12 nm),Adreno 505,"Android 10, upgradable to Android 12, One UI Core 4.1",,"5 MP, f/2.2, 1/5.0"", 1.12µm",Yes,Yes,,Yes,,,,,,,"Glass front, plastic back, plastic frame",,,,,,,,,,,,,,
Samsung,Samsung Galaxy A71,"Also available with 5GVersions: SM-A715F/DS, SM-A715F/DSN (Global); SM-A715F/DSM (Russia)",Phone,https://www.gsmarena.com/samsung_galaxy_a71-9995.php,2026-06-03 05:45 UTC,"2019, December 12. Released 2020, January 17",2019.0,Discontinued,163.6,76.0,7.7,179.0,6.7,1080.0,2400.0,393.0,128GB,6GB | 8GB,64.0,32.0,4500.0,0.98,0.9,0.51,1.56,,,,,About 120 EUR,25W wired,,,"Li-Ion 4500 mAh, non-removable",,163.6 x 76 x 7.7 mm (6.44 x 2.99 x 0.30 in),· Nano-SIM · Nano-SIM + Nano-SIM,179 g (6.31 oz),,"5.0, A2DP, LE",Yes (market dependent),"GPS, GLONASS, GALILEO, BDS",FM radio,"USB Type-C 2.0, OTG","Wi-Fi 802.11 a/b/g/n/ac, dual-band, Wi-Fi Direct",,Corning Gorilla Glass 3,"1080 x 2400 pixels, 20:9 ratio (~393 ppi density)","6.7 inches, 108.4 cm 2 (~87.2% screen-to-body ratio)",Super AMOLED Plus,,,,,ANT+,,,,,,,,"Fingerprint (under display, optical), accelerometer, gyro, proximity, compass","2019, December 12. Released 2020, January 17",Discontinued,,"LED flash, panorama, HDR",,,"4K@30fps, 1080p@30/240fps, 1080p@960fps; gyro-EIS",UFS 2.1,,microSDXC (dedicated slot),"128GB 6GB RAM, 128GB 8GB RAM",,"Prism Crush Black, Prism Crush Silver, Prism Crush Blue, Prism Crush Pink","SM-A715F, SM-A715F/DS, SM-A715F/DSN, SM-A715F/DSM, SM-A715W, SM-A715X",About 120 EUR,0.98 W/kg (head)     0.90 W/kg (body),0.51 W/kg (head)     1.56 W/kg (body),HSDPA 850 / 900 / 1700(AWS) / 1900 / 2100,,GSM 850 / 900 / 1800 / 1900,HSDPA 850 / 900 / 1900 / 2100,"1, 2, 3, 4, 5, 7, 8, 12, 13, 17, 20, 28, 38, 40, 41, 66",,,,"HSPA, LTE",GSM / HSPA / LTE,-29.0 LUFS (Average),Octa-core (2x2.2 GHz Kryo 470 Gold & 6x1.8 GHz Kryo 470 Silver),Qualcomm SDM730 Snapdragon 730 (8 nm) - Global Qualcomm SDM730 Snapdragon 730G (8 nm) - Philippines,Adreno 618,"Android 10, upgradable to Android 13, One UI 5",,"32 MP, f/2.2, 26mm (wide), 1/2.8"", 0.8µm","4K@30fps, 1080p@30fps",Yes,,Yes,,,,Noise -93.5dB / Crosstalk -92.6dB,Photo / Video,,"Glass front (Gorilla Glass 3), plastic back, plastic frame","64 MP, f/1.8, 26mm (wide), 1/1.72"", 0.8µm, PDAF 12 MP, f/2.2, 123˚ (ultrawide) 5 MP (macro) Auxiliary lens",Endurance rating 102h,515 nits max brightness (measured),"AnTuTu: 192 458(v7), 263396 (v8) GeekBench: 7039 (v4.4), 1733 (v5.1) GFXBench: 15fps (ES 3.1 onscreen)",,HDR,,,,,,,,
Samsung,Samsung Galaxy A51,Also available with 5GVersions: SM-A515F/DSN (Global); SM-A515F/DS (LATAM); SM-A515F/DST (Brazil); SM-A515F/DSM (Russia); SM-A515F/N (Australia); SM-A515U (USA),Phone,https://www.gsmarena.com/samsung_galaxy_a51-9963.php,2026-06-03 05:45 UTC,"2019, December 12. Released 2019, December 16",2019.0,Discontinued,158.5,73.6,7.9,172.0,6.5,1080.0,2400.0,405.0,128GB | 256GB | 64GB,4GB | 6GB | 8GB,48.0,32.0,4000.0,0.8,0.67,0.37,1.59,,,,,About 100 EUR,15W wired,,,"Li-Po 4000 mAh, non-removable",,158.5 x 73.6 x 7.9 mm (6.24 x 2.90 x 0.31 in),· Nano-SIM · Nano-SIM + Nano-SIM,172 g (6.07 oz),,"5.0, A2DP, LE",Yes,"GPS, GLONASS, GALILEO, BDS",FM radio,"USB Type-C 2.0, OTG","Wi-Fi 802.11 a/b/g/n/ac, dual-band, Wi-Fi Direct",,Corning Gorilla Glass 3,"1080 x 2400 pixels, 20:9 ratio (~405 ppi density)","6.5 inches, 102.0 cm 2 (~87.4% screen-to-body ratio)",Super AMOLED,,,,,Virtual proximity sensing ANT+,,,,,,,,"Fingerprint (under display, optical), accelerometer, gyro, compass","2019, December 12. Released 2019, December 16",Discontinued,,"LED flash, panorama, HDR",,,"4K@30fps, 1080p@30/120fps; gyro-EIS",UFS 2.0,,microSDXC (dedicated slot),"64GB 4GB RAM, 64GB 6GB RAM, 128GB 4GB RAM, 128GB 6GB RAM, 128GB 8GB RAM, 256GB 6GB RAM, 256GB 8GB RAM",,"Prism Crush Black, Prism Crush White, Prism Crush Blue, Prism Crush Pink","SM-A515F, SM-A515F/DSN, SM-A515F/DS, SM-A515F/DST, SM-A515F/DSM, SM-A515F/N, SM-A515U, SM-A515U1, SM-A515W, SM-A515X, SM-S515DL",About 100 EUR,0.80 W/kg (head)     0.67 W/kg (body),0.37 W/kg (head)     1.59 W/kg (body),HSDPA 850 / 900 / 1700(AWS) / 1900 / 2100,"2, 4, 5, 12, 13, 25, 26, 41, 66, 71 - SM-A515U",GSM 850 / 900 / 1800 / 1900,HSDPA 850 / 900 / 1900 / 2100,"1, 2, 3, 4, 5, 7, 8, 12, 13, 17, 20, 26, 28, 38, 40, 41, 66",,,,"HSPA, LTE",GSM / HSPA / LTE,-28.6 LUFS (Average),Octa-core (4x2.3 GHz Cortex-A73 & 4x1.7 GHz Cortex-A53),Exynos 9611 (10 nm),Mali-G72 MP3,"Android 10, upgradable to Android 13, One UI 5",,"32 MP, f/2.2, 26mm (wide), 1/2.8"", 0.8µm","4K@30fps, 1080p@30fps",Yes,,Yes,,,,Noise -93.1dB / Crosstalk -87.3dB,Photo / Video,,"Glass front (Gorilla Glass 3), plastic back, plastic frame","48 MP, f/2.0, 26mm (wide), 1/2.0"", 0.8µm, PDAF 12 MP, f/2.2, 123˚ (ultrawide) 5 MP (macro) Auxiliary lens",Endurance rating 86h,636 nits max brightness (measured),"AnTuTu: 113051 (v7), 175363 (v8) GeekBench: 5401 (v4.4), 1294 (v5.1) GFXBench: 5.6fps (ES 3.1 onscreen)",,HDR,,,,,,,,
Samsung,Samsung Galaxy XCover FieldPro,Versions: SM-G889F (Global); SM-G889A (AT&T),Phone,https://www.gsmarena.com/samsung_galaxy_xcover_fieldpro-9937.php,2026-06-03 05:45 UTC,"2019, October. Released 2020, April 06",2019.0,Discontinued,158.5,80.7,14.2,256.0,5.1,1440.0,2560.0,576.0,64GB,4GB,12.0,8.0,4500.0,1.2,0.67,0.8,1.37,,,,,About 1020 EUR,,,,"Li-Po 4500 mAh, removable",IP68 dust tight and water resistant (immersible up to 1.5m for 30 min) MIL-STD-810G compliant DGUV112-139 certified Emergency PTT key,158.5 x 80.7 x 14.2 mm (6.24 x 3.18 x 0.56 in),"Single SIM (Micro-SIM) or Dual SIM (Micro-SIM, dual stand-by)",256 g (9.03 oz),,"5.0, A2DP, LE",Yes,"GPS, GLONASS, GALILEO",FM radio,USB Type-C 2.0,"Wi-Fi 802.11 a/b/g/n/ac/6/i/r, dual-band, Wi-Fi Direct",,,"1440 x 2560 pixels, 16:9 ratio (~576 ppi density)","5.1 inches, 71.7 cm 2 (~56.1% screen-to-body ratio)",IPS LCD,,,,,,,,,,,,,"Fingerprint (rear-mounted), accelerometer, gyro, proximity, compass, barometer","2019, October. Released 2020, April 06",Discontinued,,"Triple-LED flash, HDR, panorama","12 MP, f/1.5-2.4, (wide), 1/2.55"", 1.4µm, PDAF",,1080p@30fps,UFS 2.1,,microSDXC (dedicated slot),64GB 4GB RAM,,Black,"SM-G889F, SM-G889A",About 1020 EUR,1.20 W/kg (head)     0.67 W/kg (body),0.80 W/kg (head)     1.37 W/kg (body),,,GSM 850 / 900 / 1800 / 1900,HSDPA 850 / 900 / 1700(AWS) / 1900 / 2100 - USA,"1, 2, 3, 4, 5, 7, 12, 14, 20, 29, 30, 38, 39, 40, 41, 66 - USA",,,,"HSPA 42.2/5.76 Mbps, LTE (3CA) Cat11 600/75 Mbps",GSM / HSPA / LTE,,Octa-core (4x2.7 GHz Mongoose M3 & 4x1.8 GHz Cortex-A55),Exynos 9810 (10 nm),Mali-G72 MP18,Android 8.0 (Oreo),,"8 MP, f/1.7",1080p@30fps,Yes,,"Yes, with dual speakers",,,,,,,,,,,,,HDR,,,,,,,,
Samsung,Samsung Galaxy A70s,"Versions: SM-A707F/DS, SM-A707FN/DS (Global); SM-A707GM/DS, SM-A707MN/DS, SM-A7070 (China, Hong Kong), SM-A707W (Canada)",Phone,https://www.gsmarena.com/samsung_galaxy_a70s-9899.php,2026-06-03 05:45 UTC,"2019, September. Released 2019, September",2019.0,Discontinued,164.3,76.7,7.9,187.0,6.7,1080.0,2400.0,393.0,128GB,6GB | 8GB,64.0,32.0,4500.0,,,0.42,1.48,,,,,About 380 EUR,25W wired,,,"Li-Po 4500 mAh, non-removable",,164.3 x 76.7 x 7.9 mm (6.47 x 3.02 x 0.31 in),· Nano-SIM · Nano-SIM + Nano-SIM,187 g (6.60 oz),,"5.0, A2DP, LE",Yes,"GPS, GLONASS, GALILEO, BDS",FM radio,USB Type-C 2.0,"Wi-Fi 802.11 a/b/g/n/ac, dual-band, Wi-Fi Direct",,Corning Gorilla Glass (unspecified),"1080 x 2400 pixels, 20:9 ratio (~393 ppi density)","6.7 inches, 108.4 cm 2 (~86.0% screen-to-body ratio)",Super AMOLED,,,,,ANT+,,,,,,,,"Fingerprint (under display, optical), accelerometer, gyro, proximity, compass","2019, September. Released 2019, September",Discontinued,,"LED flash, panorama, HDR",,"64 MP, f/1.8, 26mm (wide), 1/1.72"", 0.8µm, PDAF 8 MP, f/2.2, 12mm (ultrawide), 1/4.0"", 1.12µm Auxiliary lens","4K@30fps, 1080p@30/240fps",UFS 2.0,,microSDXC (dedicated slot),"128GB 6GB RAM, 128GB 8GB RAM",,"Prism Crush Red, Prism Crush White, Prism Crush Black","SM-A707F, SM-A707FN, SM-A707GM, SM-A707MN, SM-A7070, SM-A707W",About 380 EUR,,0.42 W/kg (head)     1.48 W/kg (body),HSDPA 850 / 900 / 1700(AWS) / 1900 / 2100,,GSM 850 / 900 / 1800 / 1900,HSDPA 850 / 900 / 1900 / 2100,"1, 3, 5, 7, 8, 20, 38, 40, 41",,,,"HSPA, LTE",GSM / HSPA / LTE,,Octa-core (2x2.0 GHz Kryo 460 Gold & 6x1.7 GHz Kryo 460 Silver),Qualcomm SDM675 Snapdragon 675 (11 nm),Adreno 612,"Android 9.0 (Pie), upgradable to Android 11, One UI 3.1",,"32 MP, f/2.0, 25mm (wide), 1/2.8"", 0.8µm",1080p@30fps,Yes,,Yes,,,,,,,"Glass front (Gorilla Glass 3), plastic back, plastic frame",,,,,,HDR,,,,,,,,
Samsung,Samsung Galaxy A20s,"Versions: SM-A207F/DS (Global), SM-A207M/DS (LATAM, Brazil), SM-A2070 (HK, China)",Phone,https://www.gsmarena.com/samsung_galaxy_a20s-9852.php,2026-06-03 05:45 UTC,"2019, September 24. Released 2019, October 05",2019.0,Discontinued,163.3,77.5,8.0,183.0,6.5,720.0,1560.0,264.0,32GB | 64GB,2GB | 3GB | 4GB,13.0,8.0,4000.0,0.69,1.43,0.35,0.83,,,,,About 250 EUR,15W wired,,,"Li-Po 4000 mAh, non-removable",,163.3 x 77.5 x 8 mm (6.43 x 3.05 x 0.31 in),· Nano-SIM · Nano-SIM + Nano-SIM,183 g (6.46 oz),,"4.2, A2DP, LE",No,"GPS, GLONASS, GALILEO, BDS",FM radio,USB Type-C 2.0,"Wi-Fi 802.11 b/g/n, Wi-Fi Direct",,,"720 x 1560 pixels, 19.5:9 ratio (~264 ppi density)","6.5 inches, 103.7 cm 2 (~81.9% screen-to-body ratio)",IPS LCD,,,,,,,,,,,,,"Fingerprint (rear-mounted), accelerometer, gyro, proximity, compass","2019, September 24. Released 2019, October 05",Discontinued,,"LED flash, panorama, HDR",,"13 MP, f/1.8, 27mm (wide), PDAF 8 MP, f/2.2, 13mm (ultrawide), 1/4.0"", 1.12µm Auxiliary lens",1080p@30fps,eMMC 5.1,,microSDXC (dedicated slot),"32GB 2GB RAM, 32GB 3GB RAM, 64GB 4GB RAM",,"Black, Blue, Red, Green","SM-A207F, SM-A207M, SM-A2070",About 250 EUR,0.69 W/kg (head)     1.43 W/kg (body),0.35 W/kg (head)     0.83 W/kg (body),HSDPA 850 / 900 / 1700(AWS) / 1900 / 2100 - SM-A207M/DS,"1, 2, 3, 4, 5, 7, 8, 12, 13, 17, 20, 28, 38, 40, 41, 66 - SM-A207M/DS",GSM 850 / 900 / 1800 / 1900,HSDPA 850 / 900 / 1900 / 2100 - SM-A207F/DS,"1, 2, 3, 5, 7, 8, 20, 28, 34, 38, 39, 40, 41 - SM-A207F/DS",,,,"HSPA, LTE",GSM / HSPA / LTE,,Octa-core 1.8 GHz Cortex-A53,Qualcomm SDM450 Snapdragon 450 (14 nm),Adreno 506,"Android 9.0 (Pie), upgradable to Android 11, One UI Core 3.1",,"8 MP, f/2.0",1080p@30fps,Yes,,Yes,,,,,,,"Glass front, plastic back, plastic frame",,,,,,,,,,,,,,
Samsung,Samsung Galaxy M30s,Versions: SM-M307FN/DS (Global); SM-M307F/DS (India),Phone,https://www.gsmarena.com/samsung_galaxy_m30s-9818.php,2026-06-03 05:45 UTC,"2019, September 18. Released 2019, October 30",2019.0,Discontinued,159.0,75.1,8.9,188.0,6.4,1080.0,2340.0,403.0,128GB | 64GB,4GB | 6GB,48.0,16.0,6000.0,0.47,,0.49,1.13,,,,,About 260 EUR,15W wired,,,"Li-Po 6000 mAh, non-removable",,159 x 75.1 x 8.9 mm (6.26 x 2.96 x 0.35 in),Nano-SIM + Nano-SIM,188 g (6.63 oz),,"5.0, A2DP, LE",Yes (market/region dependent),"GPS, GLONASS, BDS","FM radio, RDS, recording",USB Type-C 2.0,"Wi-Fi 802.11 a/b/g/n/ac, dual-band, Wi-Fi Direct",,,"1080 x 2340 pixels, 19.5:9 ratio (~403 ppi density)","6.4 inches, 100.5 cm 2 (~84.2% screen-to-body ratio)","Super AMOLED, 420 nits (peak)",,,,,,,,,,,,,"Fingerprint (rear-mounted), accelerometer, gyro, proximity, compass","2019, September 18. Released 2019, October 30",Discontinued,,"LED flash, panorama, HDR",,"48 MP, f/2.0, 26mm (wide), 1/2.0"", 0.8µm, PDAF 8 MP, f/2.2, 12mm (ultrawide), 1/4.0"", 1.12µm Auxiliary lens","4K@30fps, 1080p@30fps, gyro-EIS",UFS 2.1,,microSDXC (dedicated slot),"64GB 4GB RAM, 128GB 4GB RAM, 128GB 6GB RAM",,"Opal Black, Sapphire Blue, Pearl White","SM-M307F, SM-M307FN, SM-M307F/DS, SM-M307FN/DS, SM-M3070",About 260 EUR,0.47 W/kg (head),0.49 W/kg (head)     1.13 W/kg (body),,,GSM 850 / 900 / 1800 / 1900,HSDPA 850 / 900 / 1900 / 2100,"1, 3, 5, 7, 8, 20, 38, 40, 41",,,,"HSPA, LTE",GSM / HSPA / LTE,,Octa-core (4x2.3 GHz Cortex-A73 & 4x1.7 GHz Cortex-A53),Exynos 9611 (10 nm),Mali-G72 MP3,"Android 9.0 (Pie), upgradable to Android 11, One UI 3.0",,"16 MP, f/2.0, 26mm (wide), 1/3.06"", 1.0µm",1080p@30fps,Yes,,Yes,,,,Noise -93.7dB / Crosstalk -93.2dB,Photo / Video,,"Glass front, plastic back, plastic frame",,Endurance rating 130h,642 nits max brightness (measured),"AnTuTu: 152075 (v7), 180321 (v8) GeekBench: 5566 (v4.4), 1288 (v5.1) GFXBench: 8.7fps (ES 3.1 onscreen)",,HDR,,,,,,,,
Samsung,Samsung Galaxy M10s,"Versions: SM-M107F/DS (Global), SM-M107G/DS, SM-M107Y/DS, SM-M107M",Phone,https://www.gsmarena.com/samsung_galaxy_m10s-9861.php,2026-06-03 05:45 UTC,"2019, September. Released 2019, September",2019.0,Discontinued,158.4,74.7,7.8,169.0,6.4,720.0,1560.0,268.0,32GB,3GB,13.0,8.0,4000.0,0.39,,,,,,,,About 110 EUR,15W wired,,,"Li-Ion 4000 mAh, non-removable",,158.4 x 74.7 x 7.8 mm (6.24 x 2.94 x 0.31 in),Nano-SIM + Nano-SIM,169 g (5.96 oz),,"5.0, A2DP, LE",No,"GPS, GLONASS, BDS",FM radio,USB Type-C 2.0,"Wi-Fi 802.11 b/g/n, Wi-Fi Direct",,,"720 x 1560 pixels, 19.5:9 ratio (~268 ppi density)","6.4 inches, 100.5 cm 2 (~85.0% screen-to-body ratio)",Super AMOLED,,,,,,,,,,,,,"Fingerprint (rear-mounted), accelerometer, gyro, proximity, compass","2019, September. Released 2019, September",Discontinued,"13 MP, f/1.9, 27mm (wide), 1/3.1"", 1.12µm, PDAF 5 MP, f/2.2, 12mm (ultrawide)","LED flash, panorama, HDR",,,1080p@30fps,eMMC 5.1,,microSDXC (dedicated slot),32GB 3GB RAM,,"Stone Blue, Piano Black","SM-M107F, SM-M107G, SM-M107Y, SM-M107M",About 110 EUR,0.39 W/kg (head),,,,GSM 850 / 900 / 1800 / 1900,HSDPA 850 / 900 / 1900 / 2100,"1, 3, 5, 7, 8, 20, 38, 40, 41",,,,"HSPA 42.2/5.76 Mbps, LTE (2CA) Cat6 300/50 Mbps",GSM / HSPA / LTE,,Octa-core (2x1.6 GHz Cortex-A73 & 6x1.35 GHz Cortex-A53),Exynos 7884B (14 nm),Mali-G71 MP2,"Android 9.0 (Pie), upgradable to Android 10, One UI 2.0",,"8 MP, f/2.0",1080p@30fps,Yes,,Yes,,,,,,,"Glass front, plastic back, plastic frame",,,,,,HDR,,,,,,,,
Samsung,Samsung Galaxy Fold 5G,"Also available with 4G/LTE onlyVersions: SM-F907F, SM-F907B (Global); SM-F907U (USA); SM-F907W (Canada); SM-F9007 (China, Hong Kong); SM-F907N (Korea)Also known as Samsung Galaxy W20 5G for Chinese market with dual SIM cards slot",Tablet,https://www.gsmarena.com/samsung_galaxy_fold_5g-9851.php,2026-06-03 05:45 UTC,"2019, February. Released 2019, September",2019.0,Discontinued,160.9,117.9,6.9,276.0,7.3,1536.0,2152.0,362.0,512GB,12GB,12.0,10.0,4235.0,0.41,1.39,0.49,1.58,,,,,About 1400 EUR,15W wired 15W wireless 4.5W reverse wireless,,,"Li-Po 4235 mAh, non-removable",,Unfolded: 160.9 x 117.9 x 6.9 mm Folded: 160.9 x 62.9 x 15.5 mm,Nano-SIM,276 g (9.74 oz),,"5.0, A2DP, LE, aptX HD",Yes,"GPS, GLONASS, GALILEO, BDS",No,USB Type-C 3.1,"Wi-Fi 802.11 a/b/g/n/ac/6, dual-band, Wi-Fi Direct","Cover display: Super AMOLED, 4.6 inches, 720 x 1680 pixels, 21:9 ratio",,1536 x 2152 pixels (~362 ppi density),"7.3 inches, 162.6 cm 2 (~85.7% screen-to-body ratio)","Foldable Dynamic AMOLED, HDR10+",,,,,ANT+ Samsung DeX (desktop experience support),,,,,,,,"Fingerprint (side-mounted), accelerometer, gyro, proximity, compass, barometer","2019, February. Released 2019, September",Discontinued,,"LED flash, HDR, panorama",,"12 MP, f/1.5-2.4, 27mm (wide), 1/2.55"", 1.4µm, dual pixel PDAF, OIS 12 MP, f/2.4, 52mm (telephoto), 1/3.6"", 1.0µm, AF, OIS, 2x optical zoom 16 MP, f/2.2, 12mm (ultrawide), 1/3.1"", 1.0µm","4K@60fps, 1080p@60/240fps (gyro-EIS), 720p@960fps (gyro-EIS), HDR10",UFS 3.0,,No,512GB 12GB RAM,,"Space Silver, Cosmos Black","SM-F907F, SM-F9007, SM-F907W, SM-F907U, SM-F907B, SM-F907N",About 1400 EUR,0.41 W/kg (head)     1.39 W/kg (body),0.49 W/kg (head)     1.58 W/kg (body),HSDPA 850 / 1700(AWS) / 1900 / 2100,,GSM 850 / 900 / 1800 / 1900,HSDPA 850 / 900 / 1700(AWS) / 1900 / 2100,"1, 2, 3, 4, 5, 7, 8, 12, 13, 18, 19, 20, 25, 26, 28, 38, 39, 40, 41, 46, 66, 71",78 NSA/Sub6,,,"HSPA 42.2/5.76 Mbps, LTE (6CA) Cat18 1200/150 Mbps, 5G (2+ Gbps DL)",GSM / HSPA / LTE / 5G,Voice 70dB / Noise 73dB / Ring 90dB,Octa-core (1x2.84 GHz Kryo 485 & 3x2.42 GHz Kryo 485 & 4x1.78 GHz Kryo 485),Qualcomm SM8150 Snapdragon 855 (7 nm),Adreno 640,"Android 9.0 (Pie), upgradable to Android 12, One UI 4",,,"4K@30fps, 1080p@30fps, gyro-EIS",No,,"Yes, with stereo speakers",,,,,,High-bitrate audio support,"Glass front (folded), plastic front (unfolded), glass back, aluminum frame",,Endurance rating 90h,Contrast ratio: 185000:1 (nominal),Basemark OS II 2.0: 4527 Basemark X: 45154,"10 MP, f/2.2, 26mm (wide), 1/3"", 1.22µm 8 MP, f/1.9, 24mm (wide), 1.22µm, depth sensor Cover camera: 10 MP, f/2.2, 26mm (wide), 1/3"", 1.22µm",HDR,,,,,,,,
Samsung,Samsung Galaxy Fold,"Also available with 5GVersions: SM-F900F (Global); SM-F900U (USA); SM-F900W (Canada); SM-F9000 (China, Hong Kong); SM-F900N (Korea)",Tablet,https://www.gsmarena.com/samsung_galaxy_fold-9523.php,2026-06-03 05:45 UTC,"2019, February. Released 2019, September",2019.0,Discontinued,160.9,117.9,6.9,276.0,7.3,1536.0,2152.0,362.0,512GB,12GB,12.0,10.0,4380.0,0.41,1.39,0.49,1.58,,,,,About 1750 EUR,15W wired 15W wireless 4.5W reverse wireless,,,"Li-Po 4380 mAh, non-removable",,Unfolded: 160.9 x 117.9 x 6.9 mm Folded: 160.9 x 62.9 x 15.5 mm,Nano-SIM + eSIM,276 g (9.74 oz),,"5.0, A2DP, LE, aptX HD",Yes,"GPS, GLONASS, GALILEO, BDS",No,USB Type-C 3.1,"Wi-Fi 802.11 a/b/g/n/ac/6, dual-band, Wi-Fi Direct","Cover display: Super AMOLED, 4.6 inches, 720 x 1680 pixels, 21:9 ratio",,1536 x 2152 pixels (~362 ppi density),"7.3 inches, 162.6 cm 2 (~85.7% screen-to-body ratio)","Foldable Dynamic AMOLED, HDR10+",,,,,ANT+ Samsung DeX (desktop experience support),,,,,,,,"Fingerprint (side-mounted), accelerometer, gyro, proximity, compass, barometer","2019, February. Released 2019, September",Discontinued,,"LED flash, HDR, panorama",,"12 MP, f/1.5-2.4, 27mm (wide), 1/2.55"", 1.4µm, dual pixel PDAF, OIS 12 MP, f/2.4, 52mm (telephoto), 1/3.6"", 1.0µm, AF, OIS, 2x optical zoom 16 MP, f/2.2, 12mm (ultrawide), 1/3.1"", 1.0µm","4K@60fps, 1080p@60/240fps (gyro-EIS), 720p@960fps (gyro-EIS), HDR10",UFS 3.0,,No,512GB 12GB RAM,,"Space Silver, Cosmos Black, Martian Green, Astro Blue","SM-F900F, SM-F9000, SM-F900W, SM-F900U, SM-F900N, SM-F900U1",About 1750 EUR,0.41 W/kg (head)     1.39 W/kg (body),0.49 W/kg (head)     1.58 W/kg (body),HSDPA 850 / 1700(AWS) / 1900 / 2100 - SM-F900U,,GSM 850 / 900 / 1800 / 1900,HSDPA 850 / 900 / 1700(AWS) / 1900 / 2100,"1, 2, 3, 4, 5, 7, 8, 12, 13, 18, 19, 20, 25, 26, 28, 38, 39, 40, 41, 46, 66, 71 - SM-F900U",,,,"HSPA 42.2/5.76 Mbps, LTE (6CA) Cat18 1200/150 Mbps",GSM / HSPA / LTE,Voice 70dB / Noise 73dB / Ring 90dB,Octa-core (1x2.84 GHz Kryo 485 & 3x2.42 GHz Kryo 485 & 4x1.78 GHz Kryo 485),Qualcomm SM8150 Snapdragon 855 (7 nm),Adreno 640,"Android 9.0 (Pie), upgradable to Android 12, One UI 4",,,"4K@30/60fps, 1080p@30fps, gyro-EIS",No,,"Yes, with stereo speakers",,,,,Photo / Video,High-bitrate audio support,"Glass front (folded), plastic front (unfolded), glass back, aluminum frame",,Endurance rating 90h,557 nits max brightness (measured),AnTuTu: 363016 (v7) GeekBench: 11028 (v4.4) GFXBench: 32fps (ES 3.1 onscreen unfolded),"10 MP, f/2.2, 26mm (wide), 1/3"", 1.22µm 8 MP, f/1.9, 24mm (wide), 1.22µm, depth sensor Cover camera: 10 MP, f/2.2, 26mm (wide), 1/3"", 1.22µm",HDR,,,,,,,,
Samsung,Samsung Galaxy Tab Active Pro,Versions: SM-T540 (Wi-Fi); SM-T547 (LTE),Tablet,https://www.gsmarena.com/samsung_galaxy_tab_active_pro-9850.php,2026-06-03 05:45 UTC,"2019, September. Released 2019, October",2019.0,Discontinued,243.5,170.2,9.9,653.0,10.1,1920.0,1200.0,224.0,64GB,4GB,13.0,8.0,7600.0,,,,,,,,,About 600 EUR,15W wired,,,"Li-Po 7600 mAh, removable",Stylus IP68 dust tight and water resistant (immersible up to 1.5m for 30 min) MIL-STD-810G compliant* *does not guarantee ruggedness or use in extreme conditions,243.5 x 170.2 x 9.9 mm (9.59 x 6.70 x 0.39 in),Nano-SIM (cellular model only),653 g (1.44 lb),,"5.0, A2DP, LE",Yes,"GPS, GLONASS - cellular model only",No,USB Type-C 3.1,"Wi-Fi 802.11 a/b/g/n/ac, dual-band, Wi-Fi Direct",,,"1920 x 1200 pixels, 16:10 ratio (~224 ppi density)","10.1 inches, 295.8 cm 2 (~71.4% screen-to-body ratio)","LCD, 550 nits (peak)",,,,,Samsung DeX (desktop experience support),,,,,,,,"Fingerprint (front-mounted), accelerometer, gyro, proximity, compass","2019, September. Released 2019, October",Discontinued,,"LED flash, HDR, panorama","13 MP, AF",,"4K@30fps, 1080p@30fps",,,microSDXC (dedicated slot),64GB 4GB RAM,,Black,"SM-T540, SM-T547",About 600 EUR,,,,,GSM 900 / 1800 / 1900,HSDPA 850 / 900 / 1700(AWS) / 1900 / 2100,"1, 2, 3, 4, 5, 7, 8, 12, 13, 17, 20, 28, 38, 40, 41, 66",,,,"HSPA, LTE - cellular model only",GSM / HSPA / LTE,,Octa-core (2x2.0 GHz Kryo 360 Gold & 6x1.7 GHz Kryo 360 Silver),Qualcomm SDM670 Snapdragon 670 (10 nm),Adreno 616,Android 9.0 (Pie),,8 MP,1080p@30fps,Yes,,Yes,,,,,,,,,,,,,,,,,,,,,
Samsung,Samsung Galaxy A90 5G,Versions: SM-A908B (Global); SM-A908N (South Korea); SM-A9080 (China),Phone,https://www.gsmarena.com/samsung_galaxy_a90_5g-9795.php,2026-06-03 05:45 UTC,"2019, September. Released 2019, September",2019.0,Discontinued,164.8,76.4,8.4,206.0,6.7,1080.0,2400.0,393.0,128GB,6GB | 8GB,48.0,32.0,4500.0,,,0.38,1.55,,,,,About 400 EUR,25W wired,,,"Li-Po 4500 mAh, non-removable",,164.8 x 76.4 x 8.4 mm (6.49 x 3.01 x 0.33 in),· Nano-SIM · Nano-SIM + Nano-SIM,206 g (7.27 oz),,"5.0, A2DP, LE",Yes,"GPS, GLONASS, GALILEO, BDS",No,USB Type-C 3.1,"Wi-Fi 802.11 a/b/g/n/ac, dual-band, Wi-Fi Direct",,Corning Gorilla Glass 6,"1080 x 2400 pixels, 20:9 ratio (~393 ppi density)","6.7 inches, 108.4 cm 2 (~86.1% screen-to-body ratio)",Super AMOLED,,,,,Samsung DeX (desktop experience support) ANT+,,,,,,,,"Fingerprint (under display, optical), accelerometer, gyro, proximity, compass","2019, September. Released 2019, September",Discontinued,,"LED flash, panorama, HDR",,"48 MP, f/2.0, 26mm (wide), 1/2.0"", 0.8µm, PDAF 8 MP, f/2.2, 12mm (ultrawide), 1/4.0"", 1.12µm Auxiliary lens","4K@30fps, 1080p@30/60fps (gyro-EIS), 720p@960fps",UFS 3.0,,microSDXC (6GB model only),"128GB 6GB RAM, 128GB 8GB RAM",,"White, Black","SM-A908B, SM-A908N, SM-A9080",About 400 EUR,,0.38 W/kg (head)     1.55 W/kg (body),HSDPA 850 / 900 / 1900 / 2100,"1, 3, 5, 7, 8, 20, 34, 38, 39, 40, 41",GSM 850 / 900 / 1800 / 1900,HSDPA 850 / 900 / 1700(AWS) / 1900 / 2100,"1, 2, 3, 4, 5, 7, 8, 12, 13, 17, 20, 26, 28, 38, 40, 41, 66","41, 78 Sub6",,,"HSPA, LTE, 5G",GSM / HSPA / LTE / 5G,,Octa-core (1x2.84 GHz Kryo 485 & 3x2.42 GHz Kryo 485 & 4x1.78 GHz Kryo 485),Qualcomm SM8150 Snapdragon 855 (7 nm),Adreno 640,"Android 9.0 (Pie), upgradable to Android 12, One UI 4.1",,"32 MP, f/2.0, 25mm (wide), 1/2.8"", 0.8µm",1080p@30fps,No,,Yes,,,,,,,"Glass front (Gorilla Glass 6), glass back (Gorilla Glass 6), aluminum frame",,,,,,HDR,,,,,,,,
Samsung,Samsung Galaxy A30s,"Versions: SM-A307F/DS, SM-A307FN/DS (Global); SM-A307G/DS (LATAM), SM-A307GN/DS (APAC), SM-A307GT/DS (Brazil)",Phone,https://www.gsmarena.com/samsung_galaxy_a30s-9796.php,2026-06-03 05:45 UTC,"2019, August 22. Released 2019, September 11",2019.0,Discontinued,158.5,74.7,7.8,169.0,6.4,720.0,1560.0,268.0,128GB | 32GB | 64GB,3GB | 4GB,25.0,16.0,4000.0,0.87,0.43,1.05,1.54,,,,,About 260 EUR,15W wired,,,"Li-Po 4000 mAh, non-removable",,158.5 x 74.7 x 7.8 mm (6.24 x 2.94 x 0.31 in),· Nano-SIM · Nano-SIM + Nano-SIM,169 g (5.96 oz),,"5.0, A2DP, LE",Yes (market/region dependent),"GPS, GLONASS, GALILEO, BDS",FM radio,"USB Type-C 2.0, OTG","Wi-Fi 802.11 a/b/g/n/ac, dual-band, Wi-Fi Direct",,,"720 x 1560 pixels, 19.5:9 ratio (~268 ppi density)","6.4 inches, 100.5 cm 2 (~84.9% screen-to-body ratio)",Super AMOLED,,,,,,,,,,,,,"Fingerprint (under display, optical), accelerometer, gyro, proximity, compass","2019, August 22. Released 2019, September 11",Discontinued,,"LED flash, panorama, HDR",,"25 MP, f/1.7, 27mm (wide), PDAF 8 MP, f/2.2, 13mm (ultrawide), 1/4.0"", 1.12µm Auxiliary lens",1080p@30fps,eMMC 5.1,,microSDXC (dedicated slot),"32GB 3GB RAM, 64GB 4GB RAM, 128GB 4GB RAM",,"Prism Crush Black, Prism Crush White, Prism Crush Green, Prism Crush Violet2","SM-A307F, SM-A307FN, SM-A307G, SM-A307GN, SM-A307GT",About 260 EUR,0.87 W/kg (head)     0.43 W/kg (body),1.05 W/kg (head)     1.54 W/kg (body),,,GSM 850 / 900 / 1800 / 1900,HSDPA 850 / 900 / 1700(AWS) / 1900 / 2100,"1, 2, 3, 4, 5, 7, 8, 12, 13, 17, 20, 28, 38, 40, 41, 66",,,,"HSPA, LTE",GSM / HSPA / LTE,,Octa-core (2x1.8 GHz Cortex-A73 & 6x1.6 GHz Cortex-A53),Exynos 7904 (14 nm),Mali-G71 MP2,"Android 9.0 (Pie), upgradable to Android 11, One UI 3.1",,"16 MP, f/2.0, 26mm (wide), 1/3.06"", 1.0µm",1080p@30fps,Yes,,Yes,,,,,,,"Glass front, plastic back, plastic frame",,,,,,,,,,,,,,
Samsung,Samsung Galaxy A50s,"Versions: SM-A507FN/DS (Global); SM-A507F/DS (Vietnam); SM-A5070 (Hong Kong, China)",Phone,https://www.gsmarena.com/samsung_galaxy_a50s-9806.php,2026-06-03 05:45 UTC,"2019, August 22. Released 2019, September",2019.0,Discontinued,158.5,74.5,7.7,169.0,6.4,1080.0,2340.0,403.0,128GB | 64GB,4GB | 6GB,48.0,32.0,4000.0,,,0.43,1.55,,,,,About 290 EUR,15W wired,,,"Li-Po 4000 mAh, non-removable",,158.5 x 74.5 x 7.7 mm (6.24 x 2.93 x 0.30 in),· Nano-SIM · Nano-SIM + Nano-SIM,169 g (5.96 oz),,"5.0, A2DP, LE",Yes (market/region dependent),"GPS, GLONASS, GALILEO, BDS",FM radio,"USB Type-C 2.0, OTG","Wi-Fi 802.11 a/b/g/n/ac, dual-band, Wi-Fi Direct",,Corning Gorilla Glass 3,"1080 x 2340 pixels, 19.5:9 ratio (~403 ppi density)","6.4 inches, 100.5 cm 2 (~85.1% screen-to-body ratio)",Super AMOLED,,,,,ANT+,,,,,,,,"Fingerprint (under display, optical), accelerometer, gyro, proximity, compass","2019, August 22. Released 2019, September",Discontinued,,"LED flash, panorama, HDR",,"48 MP, f/2.0, 26mm (wide), 1/2.0"", 0.8µm, PDAF 8 MP, f/2.2, 13mm (ultrawide), 1/4.0"", 1.12µm Auxiliary lens","4K@30fps, 1080p@30fps",UFS 2.1,,microSDXC (dedicated slot),"64GB 4GB RAM, 128GB 4GB RAM, 128GB 6GB RAM",,"Prism Crush Black, Prism Crush White, Prism Crush Green, Prism Crush Violet2","SM-A507F, SM-A507FN, SM-A5070",About 290 EUR,,0.43 W/kg (head)     1.55 W/kg (body),,,GSM 850 / 900 / 1800 / 1900,HSDPA 850 / 900 / 1900 / 2100,"1, 3, 5, 7, 8, 20, 28, 38, 40, 41",,,,"HSPA, LTE",GSM / HSPA / LTE,,Octa-core (4x2.3 GHz Cortex-A73 & 4x1.7 GHz Cortex-A53),Exynos 9611 (10 nm),Mali-G72 MP3,"Android 9.0 (Pie), upgradable to Android 11, One UI 3.1",,"32 MP, f/2.0, 25mm (wide), 1/2.8"", 0.8µm","4K@30fps, 1080p@30fps",Yes,,Yes,,,,,,,"Glass front (Gorilla Glass 3), plastic back, plastic frame",,,,AnTuTu: 154761 (v7) GeekBench: 5295 (v4.4) GFXBench: 9.2fps (ES 3.1 onscreen),,HDR,,,,,,,,
Samsung,Samsung Galaxy Note10+ 5G,Also available with 4G/LTE onlyVersions: SM-N976F (Global); SM-N976U (USA); SM-N976N (South Korea),Phone,https://www.gsmarena.com/samsung_galaxy_note10+_5g-9787.php,2026-06-03 05:45 UTC,"2019, August. Released 2019, August",2019.0,Discontinued,162.3,77.2,7.9,198.0,6.8,1440.0,3040.0,498.0,256GB | 512GB,12GB,12.0,10.0,4300.0,,,,,,,,,About 700 EUR,"45W wired, PD3.0 15W wireless (Qi) 4.5W reverse wireless",,,"Li-Ion 4300 mAh, non-removable","IP68 dust tight and water resistant (immersible up to 1.5m for 30 min) Stylus, 42ms latency (Bluetooth integration, accelerometer, gyro)",162.3 x 77.2 x 7.9 mm (6.39 x 3.04 x 0.31 in),Nano-SIM,198 g (6.98 oz),,"5.0, A2DP, LE, aptX",Yes,"GPS, GLONASS, BDS, GALILEO",FM radio (USA & Canada only),USB Type-C 3.1,"Wi-Fi 802.11 a/b/g/n/ac/6, dual-band, Wi-Fi Direct",,Corning Gorilla Glass 6,"1440 x 3040 pixels, 19:9 ratio (~498 ppi density)","6.8 inches, 114.0 cm 2 (~91.0% screen-to-body ratio)","Dynamic AMOLED, HDR10+",,,,,"Samsung DeX, Samsung Wireless DeX (desktop experience support) ANT+",,,,,,,,"Fingerprint (under display, ultrasonic), accelerometer, gyro, proximity, compass, barometer","2019, August. Released 2019, August",Discontinued,,"LED flash, auto-HDR, panorama",,"12 MP, f/1.5-2.4, 27mm (wide), 1/2.55"", 1.4µm, dual pixel PDAF, OIS 12 MP, f/2.1, 52mm (telephoto), 1/3.6"", 1.0µm, PDAF, OIS, 2x optical zoom 16 MP, f/2.2, 12mm (ultrawide), 1/3.1"", 1.0µm, Super Steady video 0.3 MP, TOF 3D, (depth)","4K@30/60fps, 1080p@30/60/240fps, 720p@960fps, HDR10+, stereo sound rec., gyro-EIS & OIS",UFS 3.0,,microSDXC (dedicated slot),"256GB 12GB RAM, 512GB 12GB RAM",,"Aura Glow, Aura White, Aura Black","SM-N976F, SM-N976U, SM-N976, SM-N976B, SM-N976N, SM-N976V, SM-N9760, SM-N976Q",About 700 EUR,,,CDMA 800 / 1900 - USA,CDMA2000 1xEV-DO - USA,GSM 850 / 900 / 1800 / 1900,HSDPA 850 / 900 / 1700(AWS) / 1900 / 2100,"1, 2, 3, 4, 5, 7, 8, 12, 13, 17, 18, 19, 20, 25, 26, 28, 32, 38, 39, 40, 41, 66 - Global","5, 71, 260, 261 NSA/Sub6",,,"HSPA 42.2/5.76 Mbps, LTE (7CA) Cat20 2000/150 Mbps, 5G (2+ Gbps DL)",GSM / CDMA / HSPA / EVDO / LTE / 5G,,Octa-core (2x2.73 GHz Mongoose M4 & 2x2.4 GHz Cortex-A75 & 4x1.9 GHz Cortex-A55) - EMEA/LATAM Octa-core (1x2.84 GHz Kryo 485 & 3x2.42 GHz Kryo 485 & 4x1.78 GHz Kryo 485) - USA/China,Exynos 9825 (7 nm) - EMEA/LATAM Qualcomm SM8150 Snapdragon 855 (7 nm) - USA/China,Mali-G76 MP12 - EMEA/LATAM Adreno 640 - USA/China,"Android 9.0 (Pie), upgradable to Android 12, One UI 4",,"10 MP, f/2.2, 26mm (wide), 1/3"", 1.22µm, dual pixel PDAF",4K@30/60fps,No,,"Yes, with stereo speakers",,,,,,High-bitrate audio support Tuned by AKG,"Glass front (Gorilla Glass 6), glass back (Gorilla Glass 6), aluminum frame",,,,,,HDR,,"1, 2, 3, 4, 5, 7, 8, 12, 13, 14, 18, 19, 20, 25, 26, 28, 29, 30, 46, 48, 66, 71 - USA",,,,,,
Samsung,Samsung Galaxy Note10+,"Also available with 5GVersions: SM-N975F (Europe); SM-N975F/DS (Global); SM-N975U (USA); SM-N975U1 (USA unlocked); SM-N975W (Canada); SM-N9750/DS (LATAM, Brazil, China); SM-N975N (South Korea)Also known as Samsung Galaxy Note10 Pro",Phone,https://www.gsmarena.com/samsung_galaxy_note10+-9732.php,2026-06-03 05:45 UTC,"2019, August 07. Released 2019, August 23",2019.0,Discontinued,162.3,77.2,7.9,196.0,6.8,1440.0,3040.0,498.0,256GB | 512GB,12GB,12.0,10.0,4300.0,0.35,0.7,0.19,1.4,,,,,About 220 EUR,"45W wired, PD3.0 15W wireless (Qi) 4.5W reverse wireless",,,"Li-Ion 4300 mAh, non-removable","IP68 dust tight and water resistant (immersible up to 1.5m for 30 min) Stylus, 42ms latency (Bluetooth integration, accelerometer, gyro)",162.3 x 77.2 x 7.9 mm (6.39 x 3.04 x 0.31 in),· Nano-SIM · Nano-SIM + Nano-SIM,196 g (6.91 oz),,"5.0, A2DP, LE, aptX",Yes,"GPS, GLONASS, BDS, GALILEO",FM radio (USA & Canada only),USB Type-C 3.1,"Wi-Fi 802.11 a/b/g/n/ac/6, dual-band, Wi-Fi Direct",,Corning Gorilla Glass 6,"1440 x 3040 pixels, 19:9 ratio (~498 ppi density)","6.8 inches, 114.0 cm 2 (~91.0% screen-to-body ratio)","Dynamic AMOLED, HDR10+",,,,,"Samsung DeX, Samsung Wireless DeX (desktop experience support) ANT+",,,,,,,,"Fingerprint (under display, ultrasonic), accelerometer, gyro, proximity, compass, barometer","2019, August 07. Released 2019, August 23",Discontinued,,"LED flash, auto-HDR, panorama",,"12 MP, f/1.5-2.4, 27mm (wide), 1/2.55"", 1.4µm, dual pixel PDAF, OIS 12 MP, f/2.1, 52mm (telephoto), 1/3.6"", 1.0µm, PDAF, OIS, 2x optical zoom 16 MP, f/2.2, 12mm (ultrawide), 1/3.1"", 1.0µm, Super Steady video 0.3 MP, TOF 3D, (depth)","4K@30/60fps, 1080p@30/60/240fps, 720p@960fps, HDR10+, stereo sound rec., gyro-EIS & OIS",UFS 3.0,,microSDXC (uses shared SIM slot) - dual SIM model only,"256GB 12GB RAM, 512GB 12GB RAM",,"Aura Glow, Aura White, Aura Black, Aura Blue","SM-N975F, SM-N975U, SM-N9750, SM-N975U1, SM-N975W, SM-N975N, SM-N975X, SCV45",About 220 EUR,0.35 W/kg (head)     0.70 W/kg (body),0.19 W/kg (head)     1.40 W/kg (body),CDMA 800 / 1900 - USA,CDMA2000 1xEV-DO - USA,GSM 850 / 900 / 1800 / 1900,HSDPA 850 / 900 / 1700(AWS) / 1900 / 2100,"1, 2, 3, 4, 5, 7, 8, 12, 13, 17, 18, 19, 20, 25, 26, 28, 32, 38, 39, 40, 41, 66 - Global, LATAM",,,,"HSPA 42.2/5.76 Mbps, LTE (7CA) Cat20 2000/150 Mbps",GSM / CDMA / HSPA / EVDO / LTE,-26.0 LUFS (Very good),Octa-core (2x2.73 GHz Mongoose M4 & 2x2.4 GHz Cortex-A75 & 4x1.9 GHz Cortex-A55) - EMEA/LATAM Octa-core (1x2.84 GHz Kryo 485 & 3x2.42 GHz Kryo 485 & 4x1.78 GHz Kryo 485) - USA/China,Exynos 9825 (7 nm) - EMEA/LATAM Qualcomm SM8150 Snapdragon 855 (7 nm) - USA/China,Mali-G76 MP12 - EMEA/LATAM Adreno 640 - USA/China,"Android 9.0 (Pie), upgradable to Android 12, One UI 4",,"10 MP, f/2.2, 26mm (wide), 1/3"", 1.22µm, dual pixel PDAF",4K@30/60fps,No,,"Yes, with stereo speakers",,,,Noise -94.0dB / Crosstalk -95.1dB,Photo / Video,High-bitrate audio support Tuned by AKG,"Glass front (Gorilla Glass 6), glass back (Gorilla Glass 6), aluminum frame",,Endurance rating 107h,794 nits max brightness (measured),"AnTuTu: 342208 (v7), 438622 (v8) GeekBench: 10403 (v4.4), 2154 (v5.1) GFXBench: 24fps (ES 3.1 onscreen)",,HDR,,"1, 2, 3, 4, 5, 7, 8, 12, 13, 14, 18, 19, 20, 25, 26, 28, 29, 30, 46, 48, 66, 71 - USA","1, 2, 3, 4, 5, 7, 8, 12, 13, 18, 19, 20, 25, 29, 30, 38, 39, 40, 41, 46, 66, 71 - Canada",,,,,
Ulefone,Ulefone Armor X5,,Phone,https://www.gsmarena.com/ulefone_armor_x5-10025.php,2026-06-03 05:45 UTC,"2019, December. Released 2019, December",2019.0,Discontinued,150.0,78.9,14.4,223.8,5.5,720.0,1440.0,293.0,32GB,3GB,13.0,5.0,5000.0,,,,,,,,,,10W wired,,,Li-Po 5000 mAh,IP68 dust tight and water resistant (immersible up to 1.5m for 30 min) Drop resistant up to 1.2m MIL-STD-810G compliant,150 x 78.9 x 14.4 mm (5.91 x 3.11 x 0.57 in),Nano-SIM + Nano-SIM,223.8 g (7.90 oz),,"5.0, A2DP, LE",No,"GPS, GLONASS","Stereo FM radio, RDS, recording",microUSB 2.0,"Wi-Fi 802.11 a/b/g/n/ac, dual-band, Wi-Fi Direct",,,"720 x 1440 pixels, 18:9 ratio (~293 ppi density)","5.5 inches, 78.1 cm 2 (~66.0% screen-to-body ratio)",IPS LCD,,,,,,,,,,,,,"Accelerometer, proximity, compass","2019, December. Released 2019, December",Discontinued,"13 MP, f/1.8, (wide), AF 2 MP",Dual-LED flash,,,1080p@30fps,eMMC 5.1,,microSDXC (uses shared SIM slot),32GB 3GB RAM,,"Black, Red, Orange",,,,,,,GSM 850 / 900 / 1800 / 1900,HSDPA 850 / 900 / 1700(AWS) / 1900 / 2100,"1, 2, 3, 4, 5, 7, 8, 12, 17, 19, 20, 28",,,,"HSPA 21.1/5.76 Mbps, LTE (2CA) Cat7 300/150 Mbps",GSM / HSPA / LTE,,Octa-core (4x2.3 GHz Cortex-A53 & 4x1.5 GHz Cortex-A53),Mediatek MT6763 Helio P23 (16 nm),Mali-G71 MP2,Android 9.0 (Pie),,5 MP,720p@30fps,Yes,,Yes,,,,,,,,,,,,,,,,,,,,,
Ulefone,Ulefone T2,,Phone,https://www.gsmarena.com/ulefone_t2-10027.php,2026-06-03 05:45 UTC,"2019, August. Released 2019, August",2019.0,Discontinued,167.6,80.3,8.7,197.2,6.7,1080.0,2280.0,377.0,128GB,6GB,16.0,8.0,4200.0,,,,,,,,,,18W wired 10W wireless,,,Li-Po 4200 mAh,,167.6 x 80.3 x 8.7 mm (6.60 x 3.16 x 0.34 in),Nano-SIM + Nano-SIM,197.2 g (6.95 oz),,"4.2, A2DP, LE",Yes,"GPS, GLONASS, BDS","Stereo FM radio, RDS, recording","USB Type-C 2.0, OTG","Wi-Fi 802.11 a/b/g/n/ac, dual-band, Wi-Fi Direct",,,"1080 x 2280 pixels, 19:9 ratio (~377 ppi density)","6.7 inches, 112.0 cm 2 (~83.3% screen-to-body ratio)",IPS LCD,,,,,,,,,,,,,"Fingerprint (rear-mounted), accelerometer, gyro, proximity, compass","2019, August. Released 2019, August",Discontinued,,"Dual-LED dual-tone flash, HDR, panorama","16 MP, f/1.8, (wide), AF 8 MP",,1080p@30fps,eMMC 5.1,,microSDXC (uses shared SIM slot),128GB 6GB RAM,,"Bordeaux Red, Glacier Blue",,,,,CDMA 800 / 1900,CDMA2000 1xEV-DO,GSM 850 / 900 / 1800 / 1900,HSDPA 850 / 900 / 1700(AWS) / 1900 / 2100,"1, 2, 3, 4, 5, 7, 8, 12, 17, 19, 20, 28, 34, 38, 39, 40, 41",,,,"HSPA 42.2/11.5 Mbps, LTE (2CA) Cat7 300/150 Mbps",GSM / CDMA / HSPA / EVDO / LTE,,Octa-core (4x2.1 GHz Cortex-A73 & 4x2.1 GHz Cortex-A53),Mediatek MT6771 Helio P70 (12 nm),Mali-G72 MP3,Android 9.0 (Pie),,8 MP,1080p@30fps,No,,Yes,,,,,,,,,,,,,,,,,,,,,
Ulefone,Ulefone Armor X3,,Phone,https://www.gsmarena.com/ulefone_armor_x3-10026.php,2026-06-03 05:45 UTC,"2019, July. Released 2019, July",2019.0,Discontinued,158.0,77.5,13.9,235.0,5.5,720.0,1440.0,293.0,32GB,2GB,8.0,5.0,5000.0,,,,,,,,,,10W wired,,,Li-Po 5000 mAh,IP68 dust tight and water resistant (immersible up to 1.5m for 30 min) Drop resistant up to 1.2m MIL-STD-810G compliant,158 x 77.5 x 13.9 mm (6.22 x 3.05 x 0.55 in),Nano-SIM + Nano-SIM,235 g (8.29 oz),,"4.0, A2DP",No,GPS,"Stereo FM radio, RDS, recording",microUSB 2.0,Wi-Fi 802.11 b/g/n,,,"720 x 1440 pixels, 18:9 ratio (~293 ppi density)","5.5 inches, 78.1 cm 2 (~63.8% screen-to-body ratio)",IPS LCD,,,,,,,,,,,,,"Accelerometer, proximity, compass","2019, July. Released 2019, July",Discontinued,"8 MP, f/1.8, (wide), AF 2 MP",Dual-LED flash,,,1080p@30fps,eMMC 5.1,,microSDXC (uses shared SIM slot),32GB 2GB RAM,,"Black, Red, Silver",,,,,,,GSM 850 / 900 / 1800 / 1900,HSDPA 850 / 900 / 1700(AWS) / 1900 / 2100,,,,,HSPA 21.1/5.76 Mbps,GSM / HSPA,,Quad-core 1.3 GHz Cortex-A7,Mediatek MT6580 (28 nm),Mali-400,Android 9.0 (Pie),,5 MP,720p@30fps,Yes,,Yes,,,,,,,,,,,,,,,,,,,,,
Ulefone,Ulefone Armor 5S,,Phone,https://www.gsmarena.com/ulefone_armor_5s-10028.php,2026-06-03 05:45 UTC,"2019, July. Released 2019, July",2019.0,Discontinued,158.3,76.0,12.6,228.0,5.85,720.0,1512.0,286.0,64GB,4GB,13.0,8.0,5000.0,,,,,,,,,,10W wired 10W wireless,,,Li-Po 5000 mAh,IP68 dust tight and water resistant (immersible up to 1.5m for 30 min) Drop resistant up to 1.2m MIL-STD-810G compliant,158.3 x 76 x 12.6 mm (6.23 x 2.99 x 0.50 in),Nano-SIM + Nano-SIM,228 g (8.04 oz),,"4.0, A2DP",Yes,"GPS, GLONASS","Stereo FM radio, RDS, recording","USB Type-C 2.0, OTG","Wi-Fi 802.11 a/b/g/n, dual-band, Wi-Fi Direct",,,"720 x 1512 pixels, 19:9 ratio (~286 ppi density)","5.85 inches, 85.7 cm 2 (~71.2% screen-to-body ratio)",IPS LCD,,,,,,,,,,,,,"Fingerprint (rear-mounted), accelerometer, gyro, proximity, compass, coulombmeter","2019, July. Released 2019, July",Discontinued,"13 MP, f/1.8, (wide), AF 2 MP","Dual-LED dual-tone flash, HDR, panorama",,,1080p@30fps,eMMC 5.1,,microSDXC (uses shared SIM slot),64GB 4GB RAM,,Black,,,,,,,GSM 850 / 900 / 1800 / 1900,HSDPA 850 / 900 / 1700(AWS) / 1900 / 2100,"1, 2, 3, 4, 5, 7, 8, 12, 17, 19, 20",,,,"HSPA 21.1/5.76 Mbps, LTE (2CA) Cat7 300/150 Mbps",GSM / HSPA / LTE,,Octa-core (4x2.3 GHz Cortex-A53 & 4x1.5 GHz Cortex-A53),Mediatek MT6763 Helio P23 (16 nm),Mali-G71 MP2,Android 9.0 (Pie),,8 MP,1080p@30fps,No,,Yes,,,,,,,,,,,,,,,,,,,,,
Ulefone,Ulefone Armor 6E,,Phone,https://www.gsmarena.com/ulefone_armor_6e-10031.php,2026-06-03 05:45 UTC,"2019, May. Released 2019, May",2019.0,Discontinued,166.0,83.0,13.3,267.5,6.2,1080.0,2246.0,402.0,64GB,4GB,16.0,8.0,5000.0,,,,,,,,,,18W wired 10W wireless,,,Li-Po 5000 mAh,IP68 dust tight and water resistant (immersible up to 1.5m for 30 min) Drop resistant up to 1.2m MIL-STD-810G compliant,166 x 83 x 13.3 mm (6.54 x 3.27 x 0.52 in),Nano-SIM + Nano-SIM,267.5 g (9.45 oz),,"4.2, A2DP, LE",Yes,"GPS, GLONASS, BDS","Stereo FM radio, RDS, recording","USB Type-C 2.0, OTG","Wi-Fi 802.11 a/b/g/n/ac, dual-band, Wi-Fi Direct",,,"1080 x 2246 pixels, 18.7:9 ratio (~402 ppi density)","6.2 inches, 96.9 cm 2 (~70.3% screen-to-body ratio)",IPS LCD,,,,,,,,,,,,,"Fingerprint (rear-mounted), accelerometer, gyro, proximity, compass, baroceptor, uv sensor","2019, May. Released 2019, May",Discontinued,"16 MP, f/1.8, (wide), AF 2 MP","LED flash, HDR, panorama",,,1080p@30fps,eMMC 5.1,,microSDXC (uses shared SIM slot),64GB 4GB RAM,,"Black, Red",,,,,CDMA 800 / 1900,CDMA2000 1xEV-DO,GSM 850 / 900 / 1800 / 1900,HSDPA 850 / 900 / 1700(AWS) / 1900 / 2100,"1, 2, 3, 4, 5, 7, 8, 12, 17, 18, 19, 20, 25, 26, 28, 66, 34, 38, 39, 40, 41",,,,"HSPA 42.2/11.5 Mbps, LTE (2CA) Cat7 300/150 Mbps",GSM / CDMA / HSPA / EVDO / LTE,,Octa-core (4x2.1 GHz Cortex-A73 & 4x2.1 GHz Cortex-A53),Mediatek MT6771 Helio P70 (12 nm),Mali-G72 MP3,Android 9.0 (Pie),,8 MP,1080p@30fps,No,,Yes,,,,,,,,,,,,,,,,,,,,,
Ulefone,Ulefone Note 7P,,Phone,https://www.gsmarena.com/ulefone_note_7p-10032.php,2026-06-03 05:45 UTC,"2019, May. Released 2019, May",2019.0,Discontinued,156.1,73.7,9.7,178.8,6.1,600.0,1280.0,232.0,32GB,3GB,8.0,5.0,3500.0,,,,,,,,,,,,,Li-Po 3500 mAh,,156.1 x 73.7 x 9.7 mm (6.15 x 2.90 x 0.38 in),Nano-SIM + Micro-SIM,178.8 g (6.31 oz),,"5.0, A2DP, LE",No,"GPS, GLONASS","Stereo FM radio, RDS, recording",microUSB 2.0,"Wi-Fi 802.11 a/b/g/n/ac, dual-band, Wi-Fi Direct",,,600 x 1280 pixels (~232 ppi density),"6.1 inches, 92.3 cm 2 (~80.2% screen-to-body ratio)",IPS LCD,,,,,,,,,,,,,"Fingerprint (rear-mounted), accelerometer, proximity","2019, May. Released 2019, May",Discontinued,,"LED flash, HDR",,"8 MP, f/1.8, (wide), AF 2 MP 2 MP",1080p@30fps,eMMC 5.1,,microSDXC (uses shared SIM slot),32GB 3GB RAM,,"Black, Gold, Twilight",,,,,,,GSM 850 / 900 / 1800 / 1900,HSDPA 850 / 900 / 2100,"1, 3, 5, 7, 8, 20",,,,"HSPA 42.2/11.5 Mbps, LTE (2CA) Cat7 300/150 Mbps",GSM / HSPA / LTE,,Quad-core 2.0 GHz Cortex-A53,Mediatek MT6761 Helio A22 (16 nm),PowerVR GE8320,Android 9.0 (Pie),,5 MP,,Yes,,Yes,,,,,,,,,,,,,,,,,,,,,
Ulefone,Ulefone S11,,Phone,https://www.gsmarena.com/ulefone_s11-10034.php,2026-06-03 05:45 UTC,"2019, April. Released 2019, April",2019.0,Discontinued,156.1,73.7,9.7,177.5,6.1,600.0,1280.0,232.0,32GB,3GB,8.0,5.0,3500.0,,,,,,,,,,,,,Li-Po 3500 mAh,,156.1 x 73.7 x 9.7 mm (6.15 x 2.90 x 0.38 in),Nano-SIM + Micro-SIM,177.5 g (6.28 oz),,"4.0, A2DP",No,GPS,"Stereo FM radio, RDS, recording",microUSB 2.0,Wi-Fi 802.11 b/g/n,,,600 x 1280 pixels (~232 ppi density),"6.1 inches, 92.3 cm 2 (~80.2% screen-to-body ratio)",IPS LCD,,,,,,,,,,,,,"Accelerometer, proximity","2019, April. Released 2019, April",Discontinued,,"LED flash, HDR",,"8 MP, f/1.8, (wide), AF 2 MP 2 MP",720p@30fps,eMMC 5.1,,microSDXC (uses shared SIM slot),32GB 3GB RAM,,"Black, Gold, Twilight",,,,,,,GSM 850 / 900 / 1800 / 1900,HSDPA 850 / 900 / 1900 / 2100,,,,,HSPA 21.1/5.76 Mbps,GSM / HSPA,,Quad-core 1.3 GHz Cortex-A7,Mediatek MT6580 (28 nm),Mali-400,Android 8.1 Oreo (Go edition),,5 MP,720p@30fps,Yes,,Yes,,,,,,,,,,,,,,,,,,,,,
Ulefone,Ulefone Note 7,,Phone,https://www.gsmarena.com/ulefone_note_7-10033.php,2026-06-03 05:45 UTC,"2019, April. Released 2019, April",2019.0,Discontinued,156.1,73.7,9.7,177.5,6.1,600.0,1280.0,232.0,32GB,3GB,8.0,5.0,3500.0,,,,,,,,,,,,,Li-Po 3500 mAh,,156.1 x 73.7 x 9.7 mm (6.15 x 2.90 x 0.38 in),Nano-SIM + Micro-SIM,177.5 g (6.28 oz),,"4.0, A2DP",No,GPS,"Stereo FM radio, RDS, recording",microUSB 2.0,Wi-Fi 802.11 b/g/n,,,600 x 1280 pixels (~232 ppi density),"6.1 inches, 92.3 cm 2 (~80.2% screen-to-body ratio)",IPS LCD,,,,,,,,,,,,,"Accelerometer, proximity","2019, April. Released 2019, April",Discontinued,,"LED flash, HDR",,"8 MP, f/1.8, (wide), AF 2 MP 2 MP",720p@30fps,eMMC 5.1,,microSDXC (uses shared SIM slot),32GB 3GB RAM,,"Black, Gold, Twilight",,,,,,,GSM 850 / 900 / 1800 / 1900,HSDPA 850 / 900 / 1900 / 2100,,,,,HSPA 21.1/5.76 Mbps,GSM / HSPA,,Quad-core 1.3 GHz Cortex-A7,Mediatek MT6580 (28 nm),Mali-400,Android 8.1 Oreo (Go edition),,5 MP,720p@30fps,Yes,,Yes,,,,,,,,,,,,,,,,,,,,,
Ulefone,Ulefone Armor X2,,Phone,https://www.gsmarena.com/ulefone_armor_x2-10035.php,2026-06-03 05:45 UTC,"2018, December. Released 2018, December",2018.0,Discontinued,163.0,76.6,13.9,256.0,5.5,720.0,1440.0,293.0,16GB,2GB,8.0,5.0,5500.0,,,,,,,,,,10W wired,,,Li-Po 5500 mAh,IP68 dust tight and water resistant (immersible up to 1.5m for 30 min) Drop resistant up to 1.2m MIL-STD-810G compliant,163 x 76.6 x 13.9 mm (6.42 x 3.02 x 0.55 in),Nano-SIM + Nano-SIM,256 g (9.03 oz),,"4.0, A2DP",Yes,GPS,"Stereo FM radio, RDS, recording",microUSB 2.0,Wi-Fi 802.11 b/g/n,,,"720 x 1440 pixels, 18:9 ratio (~293 ppi density)","5.5 inches, 78.1 cm 2 (~62.5% screen-to-body ratio)",IPS LCD,,,,,,,,,,,,,"Fingerprint (side-mounted), accelerometer, proximity","2018, December. Released 2018, December",Discontinued,"8 MP, f/1.8, (wide), AF 5 MP","Dual-LED flash, HDR",,,720p@30fps,eMMC 5.1,,microSDXC (uses shared SIM slot),16GB 2GB RAM,,"Dark Gray, Rose Gold",,,,,,,GSM 850 / 900 / 1800 / 1900,HSDPA 900 / 2100,,,,,HSPA 21.1/5.76 Mbps,GSM / HSPA,,Quad-core 1.3 GHz Cortex-A7,Mediatek MT6580 (28 nm),Mali-400,Android 8.1 (Oreo),,5 MP,720p@30fps,Yes,,Yes,,,,,,,,,,,,,,,,,,,,,
Ulefone,Ulefone S1,,Phone,https://www.gsmarena.com/ulefone_s1-10036.php,2026-06-03 05:45 UTC,"2018, August. Released 2018, August",2018.0,Discontinued,148.6,70.7,9.6,183.0,5.5,480.0,960.0,195.0,8GB,1GB,5.0,2.0,3000.0,,,,,,,,,,,,,Li-Po 3000 mAh,,148.6 x 70.7 x 9.6 mm (5.85 x 2.78 x 0.38 in),Nano-SIM + Nano-SIM,183 g (6.46 oz),,"4.0, A2DP",No,GPS,"Stereo FM radio, RDS, recording",microUSB 2.0,Wi-Fi 802.11 b/g/n,,,"480 x 960 pixels, 18:9 ratio (~195 ppi density)","5.5 inches, 78.1 cm 2 (~74.3% screen-to-body ratio)",IPS LCD,,,,,,,,,,,,,"Accelerometer, proximity","2018, August. Released 2018, August",Discontinued,"5 MP, f/2.2, (wide), AF 5 MP","LED flash, HDR",,,720p@30fps,,,microSDXC (uses shared SIM slot),8GB 1GB RAM,,"Gold, Black",,,,,,,GSM 850 / 900 / 1800 / 1900,HSDPA 900 / 2100,,,,,HSPA 21.1/5.76 Mbps,GSM / HSPA,,Quad-core 1.3 GHz Cortex-A7,Mediatek MT6580 (28 nm),Mali-400,Android 8.1 Oreo (Go edition),,2 MP,,Yes,,Yes,,,,,,,,,,,,,,,,,,,,,
verykool,verykool s810,,Phone,https://www.gsmarena.com/verykool_s810-4002.php,2026-06-03 05:45 UTC,2011. Released 2011,2011.0,Discontinued,115.0,54.0,13.5,101.6,2.4,240.0,320.0,167.0,23MB,,2.0,,1000.0,,,,,,,,,,,Up to 240 h,Up to 3 h 30 min,Removable Li-Ion 1000 mAh battery,,115 x 54 x 13.5 mm (4.53 x 2.13 x 0.53 in),Mini-SIM,101.6 g (3.56 oz),,2.0,,No,FM radio,Proprietary,No,,,"240 x 320 pixels, 4:3 ratio (~167 ppi density)","2.4 inches, 17.8 cm 2 (~28.7% screen-to-body ratio)",TFT,,,,,MP3 player Organizer SNS applications Document viewer/editor Voice memo,,,,Yes,"Yes, MIDP 2.0",,"SMS, MMS, Email, IM",,2011. Released 2011,Discontinued,,,2 MP,,Yes,,Yes,microSDHC (dedicated slot),23MB,Yes,Black,,,,,,,GSM 850 / 900 / 1800 / 1900,UMTS 850 / 1900 / 2100,,,,,HSPA 3.6/0.384 Mbps,GSM / UMTS,,,,,,No,,,Yes,,Yes,,QWERTY,,,,,,,,,,,,,,,,,,,
verykool,verykool i650,,Phone,https://www.gsmarena.com/verykool_i650-4003.php,2026-06-03 05:45 UTC,2011. Released 2011,2011.0,Discontinued,116.0,62.0,13.2,130.0,2.4,320.0,240.0,167.0,80MB,,2.0,,,,,,,,,,,,,Up to 240 h,Up to 3 h,Removable Li-Ion battery,Flashlight,116 x 62 x 13.2 mm (4.57 x 2.44 x 0.52 in),Mini-SIM,130 g (4.59 oz),,2.0,,No,FM radio,1.2,Wi-Fi 802.11,,,"320 x 240 pixels, 4:3 ratio (~167 ppi density)","2.4 inches, 17.8 cm 2 (~24.8% screen-to-body ratio)",TFT,,,,,MP3/MP4/3GP player Organizer Unit & currency converter Webcam SNS applications Predictive text input,,,,Yes,"Yes, MIDP 2.0",,"SMS, MMS, Email, IM",,2011. Released 2011,Discontinued,,LED flash,2 MP,,Yes,,Yes,microSDHC (dedicated slot),80MB,1000 entries,Black,,,,,GSM 850 / 900 / 1800 / 1900 - SIM 2 (optional),,GSM 850 / 900 / 1800 / 1900 - SIM 1,,,,"Class 12 (4+1/3+2 slots), 180 - 230 kbps",Class 12,,GSM,,,,,,No,,,Yes,,Yes,,QWERTY,,,,,,,,,,,,,,,,,,,
verykool,verykool i610,,Phone,https://www.gsmarena.com/verykool_i610-4050.php,2026-06-03 05:45 UTC,2011. Released 2011,2011.0,Discontinued,115.0,61.5,13.0,88.0,2.2,240.0,320.0,,,,3.0,,,,,,,,,,,,,Up to 240 h,Up to 3 h,Removable Li-Ion battery,,115 x 61.5 x 13 mm (4.53 x 2.42 x 0.51 in),Mini-SIM,88 g (3.10 oz),,Yes,,No,FM radio,Proprietary,No,,,"240 x 320 pixels, 4:3 ratio","2.2 inches, 15.0 cm 2 (~21.2% screen-to-body ratio)",TFT,,,,,MP3/MP4/3GP player Organizer Predictive text input,,,,Yes,,,"SMS, MMS",,2011. Released 2011,Discontinued,,,1.3 MP,,Yes,,Yes,microSDHC (dedicated slot),,500 entries,"Red, white, yellow, green, blue",,,,,GSM 850 / 900 / 1800 / 1900 - SIM 2 (optional),,GSM 850 / 900 / 1800 / 1900 - SIM 1,,,,No,Class 12,,GSM,,,,,,No,,,Yes,,Yes,,QWERTY,,,,,,,,,,,,,,,,,,,
verykool,verykool i600,,Phone,https://www.gsmarena.com/verykool_i600-4004.php,2026-06-03 05:45 UTC,2011. Released 2011,2011.0,Discontinued,98.0,56.5,13.6,88.0,2.0,240.0,320.0,,,,,,,,,,,,,,,,,Up to 240 h,Up to 3 h,Removable Li-Ion battery,Flashlight,98 x 56.5 x 13.6 mm (3.86 x 2.22 x 0.54 in),Mini-SIM,88 g (3.10 oz),,2.0,,No,FM radio,No,No,,,"240 x 320 pixels, 4:3 ratio","2.0 inches, 12.4 cm 2 (~22.4% screen-to-body ratio)",TFT,,,,,MP3/MP4/3GP player Organizer Unit & currency converter SNS applications Predictive text input,,,,Yes,,,"SMS, MMS",,2011. Released 2011,Discontinued,,,VGA,,Yes,,Yes,microSDHC (dedicated slot),2.9MB,500 entries,"Black/gray, Black/red",,,,,GSM 850 / 1900 - SIM 2 (optional),,GSM 850 / 1900 - SIM 1,,,,No,Class 12,,GSM,,,,,,No,,,Yes,,Yes,,QWERTY,,,,,,,,,,,,,,,,,,,
verykool,verykool i410,,Watch,https://www.gsmarena.com/verykool_i410-4016.php,2026-06-03 05:45 UTC,2011. Released 2011,2011.0,Discontinued,93.0,45.0,18.0,84.0,1.8,160.0,240.0,,,,,,,,,,,,,,,,,Up to 200 h,Up to 3 h,Removable Li-Ion battery,,93 x 45 x 18 mm (3.66 x 1.77 x 0.71 in),Mini-SIM,84 g (2.96 oz),,Yes,,No,FM radio,1.2,No,1.0 inches Sub LCD display Dedicated music keys,,"160 x 240 pixels, 3:2 ratio","1.8 inches, 9.6 cm 2 (~23.1% screen-to-body ratio)",TFT,,,,,MP4/H.263 player MP3/eAAC+ player WebCam Organizer Unit & Currency Converter Voice memo Predictive text input,,,,Yes,Yes,,"SMS, MMS",,2011. Released 2011,Discontinued,,,VGA,,Yes,,Yes,microSD (dedicated slot),,500 entries,"Black, Blue, Red",,,,,,,GSM 850 / 900 / 1800 / 1900,,,,No,Class 12,,GSM,,,,,,No,,,Yes,,Yes,,,,,,,,,,,,,,,,,,,,,
verykool,verykool i310,,Phone,https://www.gsmarena.com/verykool_i310-4015.php,2026-06-03 05:45 UTC,2011. Released 2011,2011.0,Discontinued,91.0,46.0,16.2,90.0,2.0,240.0,320.0,,,,3.0,,,,,,,,,,,,,Up to 216 h,Up to 4 h,Removable Li-Ion battery,,91 x 46 x 16.2 mm (3.58 x 1.81 x 0.64 in),Mini-SIM,90 g (3.17 oz),,Yes,,No,FM radio,Proprietary,No,,,"240 x 320 pixels, 4:3 ratio","2.0 inches, 12.4 cm 2 (~29.6% screen-to-body ratio)",TFT,,,,,MP3/MP4/3GP player Voice memo Predictive text input,,,,Yes,Yes,,"SMS, MMS",,2011. Released 2011,Discontinued,,,1.3 MP,,Yes,,Yes,microSDHC (dedicated slot),,500 entries,"Black, Blue, Red",,,,,GSM 850 / 1900 - SIM 2 (optional),,GSM 850 / 1900 - SIM 1,,,,No,Class 12,,GSM,,,,,,No,,,Yes,,Yes,,,,,,,,,,,,,,,,,,,,,
verykool,verykool i315,,Watch,https://www.gsmarena.com/verykool_i315-4017.php,2026-06-03 05:45 UTC,2011. Released 2011,2011.0,Discontinued,80.0,37.0,20.0,76.5,1.5,128.0,128.0,,2GB,,,,,,,,,,,,,,,Up to 120 h,Up to 3 h,Removable Li-Ion battery,,80 x 37 x 20 mm (3.15 x 1.46 x 0.79 in),Mini-SIM,76.5 g (2.68 oz),,Yes,,No,FM radio,1.2,No,Dedicated music keys,,"128 x 128 pixels, 1:1 ratio","1.5 inches, 7.3 cm 2 (~24.5% screen-to-body ratio)",TFT,,,,,MP3/MP4/3GP player Organizer Voice memo Unit & currency converter Predictive text input,,,,Yes,Yes,,"SMS, MMS",,2011. Released 2011,Discontinued,,,VGA,,No,,Yes,No,2GB,Yes,"Red, Gray",,,,,GSM 900 / 1800 - SIM 1 & SIM 2 (optional),,GSM 850 / 1900 - SIM 1 & SIM 2 (optional),,,,No,Class 12,,GSM,,,,,,No,,,Yes,,Yes,,,,,,,,,,,,,,,,,,,,,
Sony,Sony Xperia Z2 Tablet LTE,,Tablet,https://www.gsmarena.com/sony_xperia_z2_tablet_lte-6145.php,2026-06-03 05:54 UTC,"2014, February. Released 2014, March",2014.0,Discontinued,266.0,172.0,6.4,439.0,10.1,1200.0,1920.0,224.0,16GB,3GB,1.0,2.0,6000.0,,,,,,,,,About 350 EUR,"18W wired, QC2",Up to 1240 h (2G) / Up to 1200 h (3G),Up to 13 h (multimedia),"Li-Po 6000 mAh, non-removable",IP58 dust/water resistant (up to 1.5m for 30 min),266 x 172 x 6.4 mm (10.47 x 6.77 x 0.25 in),Micro-SIM,439 g (15.49 oz),,"4.0, A2DP, aptX",Yes,"GPS, GLONASS","FM radio, RDS","microUSB 2.0 (MHL 3 TV-out), magnetic connector","Wi-Fi 802.11 a/b/g/n/ac, dual-band, Wi-Fi Direct, DLNA, hotspot",Triluminos display X-Reality Engine,Shatter proof glass,"1200 x 1920 pixels, 16:10 ratio (~224 ppi density)","10.1 inches, 295.8 cm 2 (~64.7% screen-to-body ratio)",TFT,,,,,ANT+,,,,,,,,"Accelerometer, gyro, compass","2014, February. Released 2014, March",Discontinued,,"HDR, panorama","8.1 MP, AF",,"1080p@30fps, 720p@30fps (HDR), stereo sound rec.",eMMC 5.0,,microSDXC (dedicated slot),16GB 3GB RAM,,"Black, White (SGP521) / Black (SGP541, SGP551)",,About 350 EUR,,,"1, 2, 3, 4, 5, 7, 8 - SGP551",,GSM 850 / 900 / 1800 / 1900 - all models,"HSDPA 850 / 900 / 1700 / 1900 / 2100 - SGP541, SGP521, SGP551","1, 2, 3, 4, 5, 7, 8, 13, 17, 20 - SGP521",,,,"HSPA 42.2/5.76 Mbps, LTE Cat3 100/50 Mbps",GSM / HSPA / LTE,,Quad-core 2.3 GHz Krait 400,Qualcomm MSM8974AB Snapdragon 801 (28 nm),Adreno 330,"Android 4.4.2 (KitKat), upgradable to 5.1.1 (Lollipop)",,2.2 MP,1080p@30fps,Yes,,"Yes, with stereo speakers",Up to 188 h,,Yes,,Photo / Video,3D surround sound,,,,,,,,,,,,,,,
Sony,Sony Xperia Z2 Tablet Wi-Fi,SGP511 16 GBSGP512 32 GB,Tablet,https://www.gsmarena.com/sony_xperia_z2_tablet_wi_fi-6161.php,2026-06-03 05:54 UTC,"2014, February. Released 2014, March",2014.0,Discontinued,266.0,172.0,6.4,426.0,10.1,1200.0,1920.0,224.0,16GB | 32GB,3GB,1.0,2.0,6000.0,,,,,,,,,About 380 EUR,"18W wired, QC2",Up to 1420 h,Up to 13 h (multimedia),"Li-Po 6000 mAh, non-removable",IP58 dust/water resistant (up to 1.5m for 30 min),266 x 172 x 6.4 mm (10.47 x 6.77 x 0.25 in),No,426 g (15.03 oz),,"4.0, A2DP, aptX",Yes,"GPS, GLONASS","FM radio, RDS","microUSB 2.0 (MHL 3 TV-out), magnetic connector","Wi-Fi 802.11 a/b/g/n/ac, dual-band, Wi-Fi Direct, DLNA, hotspot",Triluminos display X-Reality Engine,Shatter proof glass,"1200 x 1920 pixels, 16:10 ratio (~224 ppi density)","10.1 inches, 295.8 cm 2 (~64.7% screen-to-body ratio)",TFT,,,,,ANT+,,,,,,,,"Accelerometer, gyro, compass","2014, February. Released 2014, March",Discontinued,,"HDR, panorama","8.1 MP, AF",,"1080p@30fps, 720p@30fps (HDR), stereo sound rec.",eMMC 5.0,,microSDXC (dedicated slot),"16GB 3GB RAM, 32GB 3GB RAM",,"Black, White",,About 380 EUR,,,,,,,,,No,No,,No cellular connectivity,,Quad-core 2.3 GHz Krait 400,Qualcomm APQ8074AB Snapdragon 801 (28 nm),Adreno 330,"Android 4.4.2 (KitKat), upgradable to 6.0 (Marshmallow)",,2.2 MP,1080p@30fps,Yes,,"Yes, with stereo speakers",Up to 200 h,,Yes,,,3D surround sound,,,,,,,,,,,,,,,
Sony,Sony Xperia Z2,,Phone,https://www.gsmarena.com/sony_xperia_z2-6144.php,2026-06-03 05:54 UTC,"2014, February. Released 2014, April",2014.0,Discontinued,146.8,73.3,8.2,163.0,5.2,1080.0,1920.0,424.0,16GB,3GB,7.0,2.0,3200.0,1.34,0.82,0.38,,,,,,About 260 EUR,"18W wired, QC2 (Japan)",Up to 690 h (2G) / Up to 740 h (3G),Up to 15 h (2G) / Up to 19 h (3G),"Li-Ion 3200 mAh, non-removable",IP58 dust/water resistant (up to 1.5m for 30 min),146.8 x 73.3 x 8.2 mm (5.78 x 2.89 x 0.32 in),Micro-SIM,163 g (5.75 oz),,"4.0, A2DP, aptX",Yes,"GPS, GLONASS","FM radio, RDS","microUSB 2.0 (MHL TV-out), OTG, magnetic connector","Wi-Fi 802.11 a/b/g/n/ac, dual-band, Wi-Fi Direct, DLNA, hotspot",Triluminos display X-Reality Engine,Shatter proof glass,"1080 x 1920 pixels, 16:9 ratio (~424 ppi density)","5.2 inches, 74.5 cm 2 (~69.3% screen-to-body ratio)",IPS LCD,,,,,ANT+,,,,,,,,"Accelerometer, gyro, proximity, compass, barometer","2014, February. Released 2014, April",Discontinued,,"LED flash, HDR, panorama","20.7 MP, f/2.0, 1/2.3"", 1.12µm, AF",,"4K@30fps, 1080p@60fps, 720p@120fps, HDR",eMMC 5.0,,microSDXC (dedicated slot),16GB 3GB RAM,,"Black, White, Purple","D6503, D6502, SO-03F, Xperia Z2",About 260 EUR,1.34 W/kg (head)     0.82 W/kg (body),0.38 W/kg (head),"1, 2, 3, 4, 5, 7, 8 - D6543",,"GSM 850 / 900 / 1800 / 1900 - D6502, D6503, D6543","HSDPA 850 / 900 / 1700 / 1900 / 2100 - D6502, D6503, D6543","1, 2, 3, 4, 5, 7, 8, 13, 17, 20 - D6503",,,,"HSPA 42.2/5.76 Mbps, LTE Cat4 150/50 Mbps",GSM / HSPA / LTE,Voice 66dB / Noise 64dB / Ring 75dB,Quad-core 2.3 GHz Krait 400,Qualcomm MSM8974AB Snapdragon 801 (28 nm),Adreno 330,"Android 4.4.2 (KitKat), upgradable to 6.0 (Marshmallow)",,2.2 MP,1080p@30fps,Yes,,"Yes, with stereo speakers",Up to 120 h,,,Noise -88.2dB / Crosstalk -88.9dB,Photo / Video,,"Glass front, glass back, aluminum frame",,Endurance rating 89h,"Contrast ratio: 1195 (nominal), 1.944 (sunlight)",,,,,,,,,,,
Sony,Sony Xperia E1 dual,,Phone,https://www.gsmarena.com/sony_xperia_e1_dual-5967.php,2026-06-03 05:54 UTC,"2014, January. Released 2014, March",2014.0,Discontinued,118.0,62.4,12.0,122.0,4.0,480.0,800.0,233.0,4GB,512MB,15.0,,1750.0,0.72,1.35,0.63,0.65,,,,,About 120 EUR,,Up to 366 h (2G) / Up to 441 h (3G),Up to 8 h 13 min (2G) / Up to 8 h 41 min (3G),"Li-Ion 1750 mAh, removable",,118 x 62.4 x 12 mm (4.65 x 2.46 x 0.47 in),"Dual SIM (Mini-SIM, dual stand-by)",122 g (4.30 oz),,"4.0, A2DP",No,"GPS, GLONASS","FM radio, RDS",microUSB 2.0,"Wi-Fi 802.11 b/g/n, Wi-Fi Direct, hotspot",,Scratch-resistant glass,"480 x 800 pixels, 5:3 ratio (~233 ppi density)","4.0 inches, 45.5 cm 2 (~61.8% screen-to-body ratio)",TFT,,,,,,,,,,,,,"Accelerometer, proximity, compass","2014, January. Released 2014, March",Discontinued,,"HDR, panorama",3.15 MP,,SVGA@20fps,eMMC 4.5,,microSDHC (dedicated slot),4GB 512MB RAM,,"Black, Purple, White","D2105, D2104, D2114",About 120 EUR,0.72 W/kg (head)     1.35 W/kg (body),0.63 W/kg (head)     0.65 W/kg (body),HSDPA 900 / 2100 - D2105,,GSM 850 / 900 / 1800 / 1900 - all versions,HSDPA 850 / 1900 / 2100 - D2104/D2114,,,,,HSPA 21.1/5.76 Mbps,GSM / HSPA,,Dual-core 1.2 GHz Cortex-A7,Qualcomm MSM8210 Snapdragon 200 (28 nm),Adreno 302,"Android 4.3 (Jelly Bean), upgradable to 4.4.2 (KitKat), Timescape UI",No,,,Yes,,Yes,,,,,,,,,,,,,,,,,,,,,
Sony,Sony Xperia E1,,Phone,https://www.gsmarena.com/sony_xperia_e1-5966.php,2026-06-03 05:54 UTC,"2014, January. Released 2014, March",2014.0,Discontinued,118.0,62.4,12.0,120.0,4.0,480.0,800.0,233.0,4GB,512MB,15.0,,1700.0,0.71,1.33,0.65,0.81,,,,,About 140 EUR,,Up to 498 h (2G) / Up to 454 h (3G),Up to 8 h 13 min (2G) / Up to 8 h 41 min (3G),"Li-Ion 1700 mAh, removable",,118 x 62.4 x 12 mm (4.65 x 2.46 x 0.47 in),Mini-SIM,120 g (4.23 oz),,"4.0, A2DP",No,"GPS, GLONASS","FM radio, RDS",microUSB 2.0,"Wi-Fi 802.11 b/g/n, Wi-Fi Direct, hotspot",,Scratch-resistant glass,"480 x 800 pixels, 5:3 ratio (~233 ppi density)","4.0 inches, 45.5 cm 2 (~61.8% screen-to-body ratio)",TFT,,,,,,,,,,,,,"Accelerometer, proximity, compass","2014, January. Released 2014, March",Discontinued,,"HDR, panorama","3.15 MP, f/2.5",,SVGA@20fps,eMMC 4.5,,microSDHC (dedicated slot),4GB 512MB RAM,,"Black, Purple, White","D2004, D2005",About 140 EUR,0.71 W/kg (head)     1.33 W/kg (body),0.65 W/kg (head)     0.81 W/kg (body),HSDPA 900 / 2100 - D2005,,GSM 850 / 900 / 1800 / 1900 - all versions,HSDPA 850 / 1900 / 2100 - D2004,,,,,HSPA 21.1/5.76 Mbps,GSM / HSPA,Voice 63dB / Noise 65dB / Ring 75dB,Dual-core 1.2 GHz Cortex-A7,Qualcomm MSM8210 Snapdragon 200 (28 nm),Adreno 302,"Android 4.3 (Jelly Bean), upgradable to 4.4.2 (KitKat), Timescape UI",No,,,Yes,,Yes,,,,Noise -83.3dB / Crosstalk -80.1dB,Photo,,,,Endurance rating 56h,Contrast ratio: 1.372 (sunlight),,,,,,,,,,,
Sony,Sony Xperia T2 Ultra dual,"Also known as Sony Xperia T2 Ultra dual SIM D5322, XM50h",Phone,https://www.gsmarena.com/sony_xperia_t2_ultra_dual-5968.php,2026-06-03 05:54 UTC,"2014, January. Released 2014, March",2014.0,Discontinued,165.2,83.8,7.7,171.8,6.0,720.0,1280.0,245.0,8GB,1GB,13.0,1.0,3000.0,1.22,1.1,0.49,0.82,,,,,About 280 EUR,,Up to 1120 h (2G) / Up to 1093 h (3G),Up to 16 h (2G) / Up to 30 h (3G),"Li-Ion 3000 mAh, non-removable",,165.2 x 83.8 x 7.7 mm (6.50 x 3.30 x 0.30 in),"Dual SIM (Micro-SIM, dual stand-by)",171.8 g (6.03 oz),,"4.0, A2DP, aptX",Yes,"GPS, GLONASS","FM radio, RDS",microUSB 2.0 (MHL TV-out),"Wi-Fi 802.11 a/b/g/n, dual-band, Wi-Fi Direct, DLNA, hotspot",Triluminos display,,"720 x 1280 pixels, 16:9 ratio (~245 ppi density)","6.0 inches, 99.2 cm 2 (~71.7% screen-to-body ratio)",IPS LCD,,,,,ANT+,,,,,,,,"Accelerometer, gyro, proximity, compass","2014, January. Released 2014, March",Discontinued,,"LED flash, HDR","13 MP, AF",,"1080p@30fps, HDR",eMMC 4.5,,microSDHC (dedicated slot),8GB 1GB RAM,,"Black, White, Purple",D5322,About 280 EUR,1.22 W/kg (head)     1.10 W/kg (body),0.49 W/kg (head)     0.82 W/kg (body),,,GSM 850 / 900 / 1800 / 1900 - SIM 1 & SIM 2,HSDPA 850 / 900 / 1900 / 2100 - SIM 1,,,,,HSPA 42.2/5.76 Mbps,GSM / HSPA,Voice 74dB / Noise 66dB / Ring 75dB,Quad-core 1.4 GHz Cortex-A7,Qualcomm MSM8228 Snapdragon 400 (28 nm),Adreno 305,"Android 4.3 (Jelly Bean), upgradable to 5.1.1 (Lollipop)",,1.1 MP,720p@30fps,Yes,,Yes,Up to 89 h,,,Noise -90.5dB / Crosstalk -92.2dB,,,,,,"Contrast ratio: 1287 (nominal), 1.740 (sunlight)",,,,,,,,,,,
Sony,Sony Xperia T2 Ultra,,Phone,https://www.gsmarena.com/sony_xperia_t2_ultra-5965.php,2026-06-03 05:54 UTC,"2014, January. Released 2014, May",2014.0,Discontinued,165.2,83.8,7.7,171.7,6.0,720.0,1280.0,245.0,8GB,1GB,13.0,1.0,3000.0,1.22,1.1,1.22,1.53,,,,,About 230 EUR,,Up to 1071 h (2G) / Up to 1046 h (3G),Up to 14 h (2G) / Up to 24 h (3G),"Li-Ion 3000 mAh, non-removable",,165.2 x 83.8 x 7.7 mm (6.50 x 3.30 x 0.30 in),Micro-SIM,171.7 g (D5303)/ 172.4 g (D5306) (6.07 oz),,"4.0, A2DP, aptX",Yes,"GPS, GLONASS","FM radio, RDS","microUSB 2.0 (MHL TV-out), OTG","Wi-Fi 802.11 a/b/g/n, dual-band, Wi-Fi Direct, DLNA, hotspot",Triluminos display,,"720 x 1280 pixels, 16:9 ratio (~245 ppi density)","6.0 inches, 99.2 cm 2 (~71.7% screen-to-body ratio)",IPS LCD,,,,,ANT+,,,,,,,,"Accelerometer, gyro, proximity, compass","2014, January. Released 2014, May",Discontinued,,"LED flash, HDR","13 MP, f/2.3, AF",,"1080p@30fps, HDR",eMMC 4.5,,microSDHC (dedicated slot),8GB 1GB RAM,,"Black, White, Purple","D5303, D5316",About 230 EUR,1.22 W/kg (head)     1.10 W/kg (body),1.22 W/kg (head)     1.53 W/kg (body),HSDPA 850 / 900 / 1700 / 1900 / 2100 - D5306,"2, 4, 7, 17 - D5306",GSM 850 / 900 / 1800 / 1900 - all versions,HSDPA 850 / 900 / 2100 - D5303,"1, 3, 5, 7, 8, 20 - D5303",,,,"HSPA 42.2/5.76 Mbps, LTE Cat4 150/50 Mbps",GSM / HSPA / LTE,Voice 74dB / Noise 66dB / Ring 75dB,Quad-core 1.4 GHz Cortex-A7,Qualcomm MSM8928 Snapdragon 400 (28 nm),Adreno 305,"Android 4.3 (Jelly Bean), upgradable to 5.1 (Lollipop)",,1.1 MP,720p@30fps,Yes,,Yes,Up to 93 h,,,Noise -90.5dB / Crosstalk -92.2dB,Photo / Video,,,,Endurance rating 96h,"Contrast ratio: 1287 (nominal), 1.740 (sunlight)",,,,,,,,,,,
Sony,Sony Xperia Z1s,"For T-MobileAlso known as Sony Xperia Z1s C6916, Sony Xperia Z1S 4G LTE",Phone,https://www.gsmarena.com/sony_xperia_z1s-5950.php,2026-06-03 05:54 UTC,"2014, January. Released 2014, January",2014.0,Discontinued,145.7,73.9,8.6,162.0,5.0,1080.0,1920.0,441.0,32GB,2GB,7.0,2.0,3000.0,0.72,1.25,,,,,,,About 260 EUR,,Up to 600 h (2G) / Up to 620 h (3G),Up to 15 h (2G) / Up to 15 h (3G),"Li-Ion 3000 mAh, non-removable",IP58 dust/water resistant (up to 1.5m for 30 min),145.7 x 73.9 x 8.6 mm (5.74 x 2.91 x 0.34 in),Micro-SIM,162 g (5.71 oz),,"4.0, A2DP",Yes,"GPS, GLONASS","Stereo FM radio, RDS","microUSB 2.0 (MHL TV-out), OTG, magnetic connector","Wi-Fi 802.11 a/b/g/n/ac, dual-band, Wi-Fi Direct, DLNA, hotspot",Triluminos display X-Reality Engine,Shatter proof glass,"1080 x 1920 pixels, 16:9 ratio (~441 ppi density)","5.0 inches, 68.9 cm 2 (~64.0% screen-to-body ratio)",TFT,,,,,ANT+,,,,,,,,"Accelerometer, gyro, proximity, compass","2014, January. Released 2014, January",Discontinued,,"LED flash, HDR, panorama","20.7 MP, 1/2.3"", AF",,"1080p@30fps, HDR",eMMC 4.5,,microSDXC (dedicated slot),32GB 2GB RAM,,Black,C6916,About 260 EUR,0.72 W/kg (head)     1.25 W/kg (body),,,,GSM 850 / 900 / 1800 / 1900,HSDPA 850 / 900 / 1700 / 1900 / 2100,"4, 17",,,,"HSPA 42.2/5.76 Mbps, LTE Cat4 150/50 Mbps",GSM / HSPA / LTE,,Quad-core 2.2 GHz Krait 400,Qualcomm MSM8974 Snapdragon 800 (28 nm),Adreno 330,"Android 4.3 (Jelly Bean), upgradable to 5.1 (Lollipop)",,2 MP,1080p@30fps,Yes,,Yes,Up to 40 h,,,,,,,,,,,,,,,,,,,,
Sony,Sony Xperia Z1 Compact,Also known as Sony Xperia Z1 Compact D5503,Phone,https://www.gsmarena.com/sony_xperia_z1_compact-5753.php,2026-06-03 05:54 UTC,"2014, January. Released 2014, January",2014.0,Discontinued,127.0,64.9,9.5,137.0,4.3,720.0,1280.0,342.0,16GB,2GB,7.0,2.0,2300.0,1.43,1.0,0.74,0.73,,,,,About 320 EUR,,Up to 670 h (2G) / Up to 600 h (3G),Up to 10 h (2G) / Up to 18 h (3G),"Li-Ion 2300 mAh, non-removable",IP58 dust/water resistant (up to 1.5m for 30 min),127 x 64.9 x 9.5 mm (5.0 x 2.56 x 0.37 in),Micro-SIM,137 g (4.83 oz),,"4.0, A2DP, aptX",Yes,"GPS, GLONASS","Stereo FM radio, RDS","microUSB 2.0 (MHL TV-out), OTG, magnetic connector","Wi-Fi 802.11 a/b/g/n/ac, dual-band, Wi-Fi Direct, DLNA, hotspot",Triluminos display X-Reality Engine,Shatter proof glass,"720 x 1280 pixels, 16:9 ratio (~342 ppi density)","4.3 inches, 51.0 cm 2 (~61.8% screen-to-body ratio)",IPS LCD,,,,,ANT+,,,,,,,,"Accelerometer, gyro, proximity, compass","2014, January. Released 2014, January",Discontinued,,"LED flash, HDR, panorama","20.7 MP, f/2.0, 1/2.3"", AF",,"1080p@30fps, HDR",eMMC 4.5,,microSDXC (dedicated slot),16GB 2GB RAM,,"Black, White, Pink, Lime","550, SO-02F",About 320 EUR,1.43 W/kg (head)     1.00 W/kg (body),0.74 W/kg (head)     0.73 W/kg (body),,,GSM 850 / 900 / 1800 / 1900,HSDPA 850 / 900 / 1700 / 1900 / 2100,"1, 2, 3, 4, 5, 7, 8, 20",,,,"HSPA 42.2/5.76 Mbps, LTE Cat4 150/50 Mbps",GSM / HSPA / LTE,Voice 60dB / Noise 58dB / Ring 66dB,Quad-core 2.2 GHz Krait 400,Qualcomm MSM8974 Snapdragon 800 (28 nm),Adreno 330,"Android 4.3 (Jelly Bean), upgradable to 5.1 (Lollipop)",,2 MP,1080p@30fps,Yes,,Yes,Up to 94 h,,,Noise -91.7dB / Crosstalk -41.7dB,Photo / Video,,"Glass front, plastic back, aluminum frame",,Endurance rating 65h,"Contrast ratio: 1819 (nominal), 1.772 (sunlight)",,,,,,,,,,,
Sony,Sony Xperia Z1,"Also known as Sony Xperia Z1 Honami, Sony Xperia Z1 C6902/L39h, Sony Xperia Z1 C6903, Sony Xperia Z1 C6906, Sony Xperia Z1 C6943",Phone,https://www.gsmarena.com/sony_xperia_z1-5596.php,2026-06-03 05:54 UTC,"2013, September. Released 2013, September",2013.0,Discontinued,144.0,74.0,8.5,170.0,5.0,1080.0,1920.0,441.0,16GB,2GB,7.0,2.0,3000.0,0.75,1.15,0.77,,,,,,About 330 EUR,,Up to 880 h (2G) / Up to 850 h (3G),Up to 13 h 50 min (2G) / Up to 15 h (3G),"Li-Ion 3000 mAh, non-removable",IP58 dust/water resistant (up to 1.5m for 30 min),144 x 74 x 8.5 mm (5.67 x 2.91 x 0.33 in),Micro-SIM,170 g (6.00 oz),,"4.0, A2DP, aptX",Yes,"GPS, GLONASS","Stereo FM radio, RDS","microUSB 2.0 (MHL TV-out), OTG, magnetic connector","Wi-Fi 802.11 a/b/g/n/ac, dual-band, Wi-Fi Direct, DLNA, hotspot",Triluminos display X-Reality Engine,Shatter proof glass,"1080 x 1920 pixels, 16:9 ratio (~441 ppi density)","5.0 inches, 68.9 cm 2 (~64.7% screen-to-body ratio)",TFT,,,,,ANT+,,,,,,,,"Accelerometer, gyro, proximity, compass","2013, September. Released 2013, September",Discontinued,,"LED flash, HDR, panorama","20.7 MP, f/2.0, 27mm (wide), 1/2.3"", AF",,"1080p@30fps, HDR",eMMC 4.5,,microSDXC (dedicated slot),16GB 2GB RAM,,"Black, White, Purple","C6903, C6902, C6906, SO-01F, SOL23",About 330 EUR,0.75 W/kg (head)     1.15 W/kg (body),0.77 W/kg (head),"1, 2, 4, 5, 7, 8, 17 - C6906",,GSM 850 / 900 / 1800 / 1900 - all versions,HSDPA 850 / 900 / 1700 / 1900 / 2100 - all versions,"1, 2, 3, 4, 5, 7, 8, 20 - C6903, C6943",,,,"HSPA 42.2/5.76 Mbps, LTE Cat4 150/50 Mbps",GSM / HSPA / LTE,Voice 65dB / Noise 62dB / Ring 65dB,Quad-core 2.2 GHz Krait 400,Qualcomm MSM8974 Snapdragon 800 (28 nm),Adreno 330,"Android 4.2 (Jelly Bean), upgradable to 5.1 (Lollipop)",,2 MP,1080p@30fps,Yes,,Yes,Up to 110 h,,,Noise -91.8dB / Crosstalk -89.9dB,Photo / Video,,"Glass front, glass back, aluminum frame",,Endurance rating 53h,"Contrast ratio: 1513 (nominal), 2.950 (sunlight)",Basemark X: 9399,,,,,,,,,,
Sony,Sony Xperia Z Ultra,"Also known as Sony Xperia Z Ultra HSPA+ C6802, Sony Xperia Z Ultra LTE C6806, Sony Xperia Z Ultra LTE C6833",Phone,https://www.gsmarena.com/sony_xperia_z_ultra-5540.php,2026-06-03 05:54 UTC,"2013, June. Released 2013, July",2013.0,Discontinued,179.4,92.2,6.5,212.0,6.4,1080.0,1920.0,344.0,16GB,2GB,8.0,2.0,3050.0,1.01,1.54,0.34,,,,,,About 280 EUR,,Up to 790 h (2G) / Up to 820 h (3G),Up to 14 h (2G) / Up to 16 h (3G),"Li-Ion 3050 mAh, non-removable",IP58 dust/water resistant (up to 1.5m for 30 min),179.4 x 92.2 x 6.5 mm (7.06 x 3.63 x 0.26 in),Micro-SIM,212 g (7.48 oz),,"4.0, A2DP, aptX",Yes,"GPS, GLONASS","Stereo FM radio, RDS","microUSB 2.0 (MHL TV-out), OTG","Wi-Fi 802.11 a/b/g/n/ac, dual-band, Wi-Fi Direct, DLNA, hotspot",Triluminos display X-Reality Engine,Shatter proof glass,"1080 x 1920 pixels, 16:9 ratio (~344 ppi density)","6.4 inches, 112.9 cm 2 (~68.3% screen-to-body ratio)",IPS LCD,,,,,ANT+,,,,,,,,"Accelerometer, gyro, proximity, compass","2013, June. Released 2013, July",Discontinued,,HDR,"8 MP, f/2.4, AF",,"1080p@30fps, HDR",eMMC 4.5,,microSDXC (dedicated slot),16GB 2GB RAM,,"Black, White, Purple","C6833, C6802, C6806, C6806",About 280 EUR,1.01 W/kg (head)     1.54 W/kg (body),0.34 W/kg (head),"1, 2, 3, 4, 5, 7, 8, 20 - C6833",,GSM 850 / 900 / 1800 / 1900 - all versions,HSDPA 850 / 900 / 1700 / 1900 / 2100 - all versions,"1, 2, 4, 5, 7, 8, 17 - C6806",,,,"HSPA 42.2/5.76 Mbps, LTE Cat4 150/50 Mbps",GSM / HSPA / LTE,Voice 63dB / Noise 60dB / Ring 59dB,Quad-core 2.2 GHz Krait 400,Qualcomm MSM8274 or MSM8974 Snapdragon 800 (28 nm),Adreno 330,"Android 4.2 (Jelly Bean), upgradable to 5.1 (Lollipop)",,2 MP,1080p@30fps,Yes,,Yes,Up to 120 h,,,Noise -92.5dB / Crosstalk -90.7dB,Photo / Video,,,,Endurance rating 52h,Contrast ratio: 1001:1 (nominal) / 1.578:1 (sunlight),Basemark X: 11606,,,,,,,,,,
Sony,Sony Xperia C,Also known as Sony Xperia C HSPA+ C2305,Phone,https://www.gsmarena.com/sony_xperia_c-5541.php,2026-06-03 05:54 UTC,"2013, June. Released 2013, July",2013.0,Discontinued,141.5,74.2,8.9,153.0,5.0,540.0,960.0,220.0,4GB,1GB,8.0,,2390.0,0.54,0.36,0.52,,,,,,About 220 EUR,,Up to 588 h (2G) / Up to 605 h (3G),Up to 14 h (2G) / Up to 12 h 25 min (3G),"Li-Ion 2390 mAh, non-removable",,141.5 x 74.2 x 8.9 mm (5.57 x 2.92 x 0.35 in),"Dual SIM (Micro-SIM, dual stand-by)",153 g (5.40 oz),,"4.0, A2DP",No,GPS,"Stereo FM radio, RDS","microUSB 2.0, OTG","Wi-Fi 802.11 b/g/n, Wi-Fi Direct, DLNA, hotspot",,Yes,"540 x 960 pixels, 16:9 ratio (~220 ppi density)","5.0 inches, 68.9 cm 2 (~65.6% screen-to-body ratio)",TFT,,,,,,,,,,,,,"Accelerometer, proximity, compass","2013, June. Released 2013, July",Discontinued,,"LED flash, HDR","8 MP, f/2.6, AF",,1080p@30fps,,,microSDHC (dedicated slot),4GB 1GB RAM,,"Black, White, Purple",C2305,About 220 EUR,0.54 W/kg (head)     0.36 W/kg (body),0.52 W/kg (head),,,GSM 900 / 1800 / 1900 - SIM 1 & SIM 2,HSDPA 900 / 2100,,,,,HSPA 42.2/11.5 Mbps,GSM / HSPA,Voice 65dB / Noise 61dB / Ring 75dB,Quad-core 1.2 GHz Cortex-A7,Mediatek MT6589 (28 nm),PowerVR SGX544,Android 4.2.2 (Jelly Bean),,VGA,,Yes,,Yes,Up to 111 h,,,Noise -83.5dB / Crosstalk -80.1dB,Photo / Video,,,,Endurance rating 68h,"Contrast ratio: 962:1 (nominal), 1.283 (sunlight)",,,,,,,,,,,
Sony,Sony Xperia acro HD SOI12,For Japan,Phone,https://www.gsmarena.com/sony_xperia_acro_hd_soi12-4772.php,2026-06-03 05:54 UTC,"2012, May. Released 2012, Q4",2012.0,Discontinued,126.0,66.0,11.9,149.0,4.3,720.0,1280.0,342.0,11GB,1GB,12.0,3.0,1900.0,,,,,,,,,About 280 EUR,,Up to 440 h (2G) / Up to 410 h (3G),Up to 8 h 10 min (2G) / Up to 8 h 50 min (3G),Removable Li-Ion 1900 mAh battery,Water resistant,126 x 66 x 11.9 mm (4.96 x 2.60 x 0.47 in),Micro-SIM,149 g (5.26 oz),,"2.1, A2DP, EDR",,"GPS, A-GPS, GLONASS",FM radio,microUSB 2.0,"Wi-Fi 802.11 b/g/n, Wi-Fi Direct, DLNA, hotspot",,Scratch-resistant glass,"720 x 1280 pixels, 16:9 ratio (~342 ppi density)","4.3 inches, 51.0 cm 2 (~61.3% screen-to-body ratio)","LED-backlit LCD,",,,,,Mobile FeliCa client Digital TV and TV launcher HDMI port MP4/H.264/WMV player MP3/eAAC+/WMA/WAV player TrackID music recognition Document viewer Voice memo/dial/commands Predictive text input,,,,,,,,"Accelerometer, gyro, proximity, compass","2012, May. Released 2012, Q4",Discontinued,,"LED flash, panorama","12 MP, AF",,1080p@30fps,,,microSDHC (dedicated slot),11GB 1GB RAM,,"White, Black, Rouge",,About 280 EUR,,,CDMA2000 1x,,GSM 850 / 900 / 1800 / 1900,HSDPA 850 / 2100,,,,,"HSPA 10.2/5.76 Mbps, EV-DO Rev.A 3.1 Mbps",GSM / HSPA / CDMA2000,,Dual-core 1.5 GHz Scorpion,Qualcomm MSM8660 Snapdragon S3,Adreno 220,Android 2.3 (Gingerbread),,1.3 MP,720p@30fps,Yes,,Yes,Up to 26 h,,Yes,,,,,,,,,,,,,,,Up to 330 h,Up to 9 h 30 min,,
Sony,Sony Xperia neo L,Also known as Sony MT25i,Phone,https://www.gsmarena.com/sony_xperia_neo_l-4647.php,2026-06-03 05:54 UTC,"2012, March. Released 2012, June",2012.0,Discontinued,121.0,61.1,12.2,131.5,4.0,480.0,854.0,245.0,1GB | 512MB,512MB,5.0,,1500.0,0.84,0.46,1.01,,,,,,About 150 EUR,,Up to 575 h (2G) / Up to 410 h (3G),Up to 7 h 53 min (2G) / Up to 7 h 9 min (3G),Removable Li-Po 1500 mAh battery,,121 x 61.1 x 12.2 mm (4.76 x 2.41 x 0.48 in),Mini-SIM,131.5 g (4.62 oz),,Yes,,"GPS, A-GPS",No,microUSB 2.0,"Wi-Fi 802.11 b/g/n, DLNA, hotspot",Timescape UI,,"480 x 854 pixels, 16:9 ratio (~245 ppi density)","4.0 inches, 44.1 cm 2 (~59.6% screen-to-body ratio)","LED-backlit LCD,",,,,,MP4/H.264/WMV player MP3/WMA/WAV/eAAC+ player TrackID music recognition Organizer Document viewer Voice memo/dial/commands Predictive text input,,,,,,,,"Accelerometer, proximity, compass","2012, March. Released 2012, June",Discontinued,,LED flash,"5 MP, AF",,720p@30fps,,,microSDHC (dedicated slot),"1GB (300MB user available), 512MB RAM",,"Black, White",M25i,About 150 EUR,0.84 W/kg (head)     0.46 W/kg (body),1.01 W/kg (head),,,GSM 850 / 900 / 1800 / 1900,HSDPA 900 / 2100,,,,,HSPA 7.2/5.76 Mbps,GSM / HSPA,Voice 65dB / Noise 65dB / Ring 76dB,1.0 GHz Scorpion,Qualcomm MSM8255 Snapdragon S2,Adreno 205,Android 4.0.4 (Ice Cream Sandwich),,VGA,,Yes,,Yes,Up to 37 h,,,Noise -85.6dB / Crosstalk -85.6dB,Photo / Video,,,,,Contrast ratio: 1097:1 (nominal) / 1.169:1 (sunlight),,,,,,,,,,,
Sony,Sony Xperia sola,Previously rumored as MT27i Pepper,Phone,https://www.gsmarena.com/sony_xperia_sola-4408.php,2026-06-03 05:54 UTC,"2012, March. Released 2012, May",2012.0,Discontinued,116.0,59.0,9.9,107.0,3.7,480.0,854.0,265.0,512MB | 8GB,512MB,5.0,,1320.0,,,1.25,,,,,,About 120 EUR,,Up to 470 h (2G) / Up to 475 h (3G),Up to 6 h (2G) / Up to 5 h (3G),Non-removable Li-Ion 1320 mAh battery,,116 x 59 x 9.9 mm (4.57 x 2.32 x 0.39 in),Mini-SIM,107 g (3.77 oz),,"3.0, A2DP, EDR",Yes,"GPS, A-GPS","Stereo FM radio, RDS","microUSB 2.0, OTG","Wi-Fi 802.11 b/g/n, DLNA, hotspot",Floating touch display,Scratch-resistant glass,"480 x 854 pixels, 16:9 ratio (~265 ppi density)","3.7 inches, 37.7 cm 2 (~55.1% screen-to-body ratio)","LED-backlit LCD,",,,,,MP4/H.264/WMV player MP3/eAAC+/WMA/WAV player Document viewer Voice memo/dial/commands Predictive text input,,,,,,,,"Accelerometer, proximity, compass","2012, March. Released 2012, May",Discontinued,,"LED flash, panorama","5 MP, AF",,720p@30fps,,,microSDHC (dedicated slot),"8GB (5GB user available), 512MB RAM",,"Black, White, Red",,About 120 EUR,,1.25 W/kg (head),,,GSM 850 / 900 / 1800 / 1900,HSDPA 850 / 900 / 1900 / 2100,,,,,HSPA 14.4/5.76 Mbps,GSM / HSPA,Voice 60dB / Noise 59dB / Ring 61dB,Dual-core 1.0 GHz Cortex-A9,NovaThor U8500,Mali-400,"Android 2.3 (Gingerbread), upgradable to 4.0 (Ice Cream Sandwich)",No,,,Yes,,Yes,Up to 40 h,,,Noise -81.6dB / Crosstalk -83.5dB,Photo / Video,3D surround sound,,,,Contrast ratio: 1002:1 (nominal),,,,,,,,,,,
Samsung,Samsung Vibrant,For T-MobileAlso known as Samsung T959 Galaxy S,Phone,https://www.gsmarena.com/samsung_vibrant-3416.php,2026-06-03 06:03 UTC,"2010, June. Released 2010, August",2010.0,Discontinued,122.4,64.5,9.9,,4.0,480.0,800.0,233.0,16GB,512MB,5.0,,1500.0,0.89,0.92,,,,,,,About 150 EUR,,Up to 432 h,Up to 6 h 30 min,Removable Li-Ion 1500 mAh battery,,122.4 x 64.5 x 9.9 mm (4.82 x 2.54 x 0.39 in),Mini-SIM,"117,9 (4.13 oz)",,"3.0, A2DP",,"GPS, A-GPS",No,microUSB 2.0,Wi-Fi 802.11 b/g/n; DLNA,TouchWiz 3.0 UI,Corning Gorilla Glass,"480 x 800 pixels, 5:3 ratio (~233 ppi density)","4.0 inches, 45.5 cm 2 (~57.7% screen-to-body ratio)",Super AMOLED,,,,,MP4/DivX/WMV/H.264 player MP3/WAV/eAAC+/FLAC player Organizer Photo/video editor Document editor Voice memo/dial/commands Predictive text input (Swype),,"HTML, Adobe Flash Lite",,,,,,"Accelerometer, proximity, compass","2010, June. Released 2010, August",Discontinued,,,"5 MP, AF",,720p@30fps,,,"microSDHC (dedicated slot), 2 GB included",16GB 512MB RAM,,Black and Grey,,About 150 EUR,0.89 W/kg (head)     0.92 W/kg (body),,,,GSM 850 / 900 / 1800 / 1900,HSDPA 1700 / 1900 / 2100,,,,,HSPA,GSM / HSPA,,1.0 GHz Cortex-A8,Hummingbird,PowerVR SGX540,"Android 2.1 (Eclair), upgradable to 2.2 (Froyo)",No,,,Yes,,Yes,,,,,,,,,,,,,,,,,,,,,
Samsung,Samsung A927 Flight II,For AT&T,Phone,https://www.gsmarena.com/samsung_a927_flight_ii-3467.php,2026-06-03 06:03 UTC,"2010, August. Released 2010, August",2010.0,Discontinued,111.8,53.3,12.7,99.0,3.0,240.0,400.0,155.0,512MB,,2.0,,,1.07,1.1,0.64,,,,,,About 110 EUR,,Up to 250 h,Up to 5 h,Removable Li-Ion battery,,111.8 x 53.3 x 12.7 mm (4.40 x 2.10 x 0.5 in),Mini-SIM,99 g (3.49 oz),,"2.1, A2DP",,A-GPS only; AT&T Navigator,No,microUSB 2.0,No,TouchWiz UI 2.0 Plus,,"240 x 400 pixels, 5:3 ratio (~155 ppi density)","3.0 inches, 25.6 cm 2 (~43.0% screen-to-body ratio)","TFT, 256K colors",,,,,SNS integration MP3/WAV/eAAC+ player MP4/H.264 player Organizer Document viewer Voice memo/dial Predictive text input,,"WAP 2.0/xHTML, HTML",,Yes,"Yes, MIDP 2.0",,"SMS, MMS, Email, Push Email, IM, RSS",,"2010, August. Released 2010, August",Discontinued,,,2 MP,,Yes,,"90 received, dialed and missed calls",microSDHC (dedicated slot),512MB,"Yes, Photocall",Grey,,About 110 EUR,1.07 W/kg (head)     1.10 W/kg (body),0.64 W/kg (head),,,GSM 850 / 900 / 1800 / 1900,HSDPA 850 / 1900,,,,,HSPA,GSM / HSPA,,,,,,No,,,Yes,,Yes,,QWERTY,,,,,,,,,,,,,,,,,,,
Samsung,Samsung T669 Gravity T,For T-Mobile,Phone,https://www.gsmarena.com/samsung_t669_gravity_t-3336.php,2026-06-03 06:03 UTC,"2010, June. Released 2010, June",2010.0,Discontinued,110.0,56.6,15.0,120.0,,240.0,320.0,,50MB,,2.0,,1000.0,,,0.41,,,,,,About 120 EUR,,Up to 400 h,Up to 6 h,Removable Li-Ion 1000 mAh battery,,110 x 56.6 x 15 mm (4.33 x 2.23 x 0.59 in),Mini-SIM,120 g (4.23 oz),,"2.1, A2DP",,A-GPS only; Google Maps,No,microUSB 2.0,No,,,"240 x 320 pixels, 4:3 ratio",,"TFT resistive touchscreen, 256K colors",,,,,SNS integration T-Mobile Social Buzz MP3/WAV/eAAC+ player MP4/H.264 player Organizer Document viewer Voice memo/dial Predictive text input,,"WAP 2.0/xHTML, HTML",,Yes,"Yes, MIDP 2.0",,"SMS, MMS, Email, Push Email, IM, RSS",Accelerometer,"2010, June. Released 2010, June",Discontinued,,,2 MP,,Yes,,"90 received, dialed and missed calls",microSDHC (dedicated slot),50MB,"Yes, Photocall",Black,,About 120 EUR,,0.41 W/kg (head),,,GSM 850 / 900 / 1800 / 1900,HSDPA 1700 / 2100,,,,,HSPA,GSM / HSPA,,184 MHz,,,,No,,,No,,Yes,,QWERTY,,,,,,,,,,,,,,,,,,,
Sonim,Sonim XP7,,Phone,https://www.gsmarena.com/sonim_xp7-6828.php,2026-06-03 06:03 UTC,"2014, November. Released 2015, April",2014.0,Discontinued,137.0,72.1,20.8,290.0,4.0,480.0,800.0,233.0,16GB,1GB,8.0,1.0,4800.0,,,,,,,,,About 700 EUR,,Up to 1000 h,Up to 40 h,"Li-Ion 4800 mAh, non-removable",IP69 dust tight and water resistant (high pressure water jets; immersible up to 1m for 30 min),137 x 72.1 x 20.8 mm (5.39 x 2.84 x 0.82 in),Micro-SIM,290 g (10.23 oz),,"4.0, A2DP, LE",Yes,"GPS, GLONASS",FM radio,microUSB 2.0,"Wi-Fi 802.11 a/b/g/n, dual-band, hotspot",,Corning Gorilla Glass 2,"480 x 800 pixels, 5:3 ratio (~233 ppi density)","4.0 inches, 45.5 cm 2 (~46.1% screen-to-body ratio)",IPS LCD,,,,,,,,,,,,,"Accelerometer, proximity","2014, November. Released 2015, April",Discontinued,,LED flash,"8 MP, AF",,1080p@30fps,eMMC 4.5,,No,16GB 1GB RAM,,"Black, Yellow",XP7700,About 700 EUR,,,HSDPA 850 / 1900 / 2100 - Telus,"1, 2, 3, 4, 5, 7, 17 - Telus",GSM 850 / 900 / 1800 / 1900,HSDPA 850 / 900 / 1900 / 2100,"1, 2, 4, 5, 7, 8, 12, 17",,,,"HSPA, LTE",GSM / HSPA / LTE,,Quad-core 1.2 GHz Cortex-A7,Qualcomm MSM8926 Snapdragon 400 (28 nm),Adreno 305,Android 4.4.2 (KitKat),,1 MP,,Yes,,Yes,,,,,,,,,,,,,,,,,,,,,
Sonim,Sonim XP6,,Phone,https://www.gsmarena.com/sonim_xp6-7224.php,2026-06-03 06:03 UTC,"2014, November. Released 2014, December",2014.0,Discontinued,137.0,64.5,20.5,270.0,2.63,320.0,432.0,204.0,8GB,1GB,5.0,,4800.0,,,,,,,,,About 490 EUR,,Up to 1080 h,Up to 40 h,"Li-Ion 4800 mAh, non-removable",MIL-STD-810G compliant IP68/IP69 dust tight and water resistant (high pressure water jets; immersible up to 1.8m for 30 min) Drop resistant up to 2m Operational range -20°C to +55°C Flashlight,137 x 64.5 x 20.5 mm (5.39 x 2.54 x 0.81 in),Micro-SIM,270 g (9.52 oz),,"4.0, A2DP, LE",No,"GPS, GLONASS",FM radio,microUSB 2.0,"Wi-Fi 802.11 a/b/g/n, dual-band, hotspot",,Yes,"320 x 432 pixels, 4:3 ratio (~204 ppi density)","2.63 inches, 21.3 cm 2 (~24.2% screen-to-body ratio)",IPS LCD,,,,,,,,,,,,,"Accelerometer, proximity","2014, November. Released 2014, December",Discontinued,,,5 MP,,720p@30fps,eMMC 4.5,,No,8GB 1GB RAM,,Black,,About 490 EUR,,,,,GSM 850 / 900 / 1800 / 1900,HSDPA 850 / 900 / 1900 / 2100,"1, 2, 4, 5, 7, 8, 12, 17",,,,"HSPA, LTE",GSM / HSPA / LTE,,Quad-core 1.2 GHz Cortex-A7,Qualcomm MSM8926 Snapdragon 400 (28 nm),Adreno 305,Android 4.4.2 (KitKat),No,,,Yes,,Yes,,,,,,,,,,,,,,,,,,,,,
Sonim,Sonim XP3400 Armor,,Phone,https://www.gsmarena.com/sonim_xp3400_armor-4256.php,2026-06-03 06:03 UTC,"2011, Q3. Released 2012, Q1",2011.0,Discontinued,126.0,60.0,25.0,185.0,2.0,240.0,320.0,200.0,,,2.0,,1750.0,,,,,,,,,,,Up to 850 h,Up to 9 h 30 min,Removable Li-Ion 1750 mAh battery,MIL-STD-810G compliant IP68 dust tight and water resistant (immersible up to 2m for 60 min) Drop resistant up to 2m Operational range -20°C to +55°C Flashlight,126 x 60 x 25 mm (4.96 x 2.36 x 0.98 in),Mini-SIM,185 g (6.53 oz),,"2.1, A2DP, EDR",,"GPS, A-GPS",FM radio,2.0,No,,Corning Gorilla Glass,"240 x 320 pixels, 4:3 ratio (~200 ppi density)","2.0 inches, 12.4 cm 2 (~16.4% screen-to-body ratio)","TFT, 65K colors",,,,,Organizer MP3/WAV/AAC player MP4/H.263 player Voice memo Stopwatch Count-down timer File manager,,,,Yes,No,,"SMS, MMS, Email",,"2011, Q3. Released 2012, Q1",Discontinued,,LED flash,2 MP,,Yes,,Yes,microSDHC (dedicated slot),,Yes,"Black, Black/Yellow",,,,,,,CDMA 800 / 1900,CDMA2000 1xEV-DO,,,,,EV-DO Rev.A 3.1 Mbps,CDMA / EVDO,,,Qualcomm QSC6085,,,No,,,Yes,,Yes,,,,,,,,,,,,,,,,,,,,,
Sonim,Sonim XP5300 Force 3G,,Phone,https://www.gsmarena.com/sonim_xp5300_force_3g-4255.php,2026-06-03 06:03 UTC,"2011, August",2011.0,Discontinued,126.0,60.0,25.0,185.0,2.0,240.0,320.0,200.0,,,2.0,,1950.0,,,,,,,,,,,Up to 1500 h,Up to 22 h (2G) / Up to 12 h (3G),Removable Li-Ion 1950 mAh battery,MIL-STD-810G compliant IP68 dust tight and water resistant (immersible up to 2m for 60 min) Drop resistant up to 2m Operational range -20°C to +55°C Flashlight,126 x 60 x 25 mm (4.96 x 2.36 x 0.98 in),Mini-SIM,185 g (6.53 oz),,"2.1, A2DP, EDR",,"GPS, A-GPS",FM radio,2.0,No,,Corning Gorilla Glass,"240 x 320 pixels, 4:3 ratio (~200 ppi density)","2.0 inches, 12.4 cm 2 (~16.4% screen-to-body ratio)","TFT, 65K colors",,,,,Organizer MP3/WAV/AAC player MP4/H.263 player Voice memo Stopwatch Count-down timer File manager,,,,Yes,"Yes, MIDP 2.0",,"SMS, MMS, Email",Accelerometer,"2011, August",Discontinued,,LED flash,2 MP,,Yes,,Yes,microSDHC (dedicated slot),,Yes,"Black, Black/Yellow",,,,,,,GSM 850 / 900 / 1800 / 1900,HSDPA 900 / 1700 / 2100,,,,,"Yes, 384 kbps",GSM / HSPA,,,,,,No,,,Yes,,Yes,,,,,,,,,,,,,,,,,,,,,
Sonim,Sonim XP3340 Sentinel,,Phone,https://www.gsmarena.com/sonim_xp3340_sentinel-4254.php,2026-06-03 06:03 UTC,"2011, August",2011.0,Discontinued,126.0,60.0,25.0,185.0,2.0,240.0,320.0,200.0,,,2.0,,1750.0,,,,,,,,,,,Up to 800 h,Up to 24 h,Removable Li-Ion 1750 mAh battery,MIL-STD-810G compliant IP68 dust tight and water resistant (immersible up to 2m for 60 min) Drop resistant up to 2m Operational range -20°C to +55°C Flashlight,126 x 60 x 25 mm (4.96 x 2.36 x 0.98 in),Mini-SIM,185 g (6.53 oz),,"2.1, A2DP",,"GPS, A-GPS",FM radio,2.0,No,,Corning Gorilla Glass,"240 x 320 pixels, 4:3 ratio (~200 ppi density)","2.0 inches, 12.4 cm 2 (~16.4% screen-to-body ratio)","TFT, 65K colors",,,,,Organizer MP3/WAV/AAC player MP4/H.263 player Voice memo Stopwatch Count-down timer File manager,,,,,,,,Accelerometer,"2011, August",Discontinued,,LED flash,2 MP,,Yes,,,microSDHC (dedicated slot),,,"Black, Black/Yellow",,,,,,,GSM 850 / 900 / 1800 / 1900,,,,Class 12,Class 12,,GSM,,,,,MediaTek MT6235 platform,No,,,Yes,,Yes,,,,,,,,,,,,,,,,,,,,,
Sonim,Sonim XP3300 Force,,Phone,https://www.gsmarena.com/sonim_xp3300_force-3792.php,2026-06-03 06:03 UTC,"2011, February. Released 2011, March",2011.0,Discontinued,126.0,60.0,25.0,185.0,2.0,240.0,320.0,200.0,,,2.0,,1750.0,,,,,,,,,About 370 EUR,,Up to 800 h,Up to 18 h,Removable Li-Ion 1750 mAh battery,MIL-STD-810G compliant IP68 dust tight and water resistant (immersible up to 2m for 60 min) Drop resistant up to 2m Operational range -20°C to +55°C Flashlight,126 x 60 x 25 mm (4.96 x 2.36 x 0.98 in),Mini-SIM,185 g (6.53 oz),,"2.1, A2DP",,"GPS, A-GPS",FM radio,2.0,No,,Corning Gorilla Glass,"240 x 320 pixels, 4:3 ratio (~200 ppi density)","2.0 inches, 12.4 cm 2 (~16.4% screen-to-body ratio)","TFT, 65K colors",,,,,Organizer MP3/WAV/AAC player MP4/H.263 player Voice memo Stopwatch Count-down timer File manager,,WAP 2.0/xHTML,,,,,,,"2011, February. Released 2011, March",Discontinued,,LED flash,2 MP,,No,,,microSDHC (dedicated slot),,,"Black, Black/Yellow",,About 370 EUR,,,,,GSM 850 / 900 / 1800 / 1900,,,,Class 12,Class 12,,GSM,,,,,MediaTek MT6235 platform,No,,,Yes,,Yes,,,,,,,,,,,,,,,,,,,,,
Sonim,Sonim XP1300 Core,,Phone,https://www.gsmarena.com/sonim_xp1300_core-3546.php,2026-06-03 06:03 UTC,"2010, October. Released 2010, November",2010.0,Discontinued,126.0,60.0,25.0,185.0,2.0,240.0,320.0,200.0,,,,,1750.0,,,,,,,,,About 290 EUR,,Up to 800 h,Up to 18 h,Removable Li-Ion 1750 mAh battery,MIL-STD-810F compliant IP68 dust tight and water resistant (immersible up to 1.5m for 30 min) Drop resistant up to 2m Operational range -20°C to +55°C Flashlight,126 x 60 x 25 mm (4.96 x 2.36 x 0.98 in),Mini-SIM,185 g (6.53 oz),No,"2.1, A2DP",,No,FM radio,2.0,No,,Corning Gorilla Glass,"240 x 320 pixels, 4:3 ratio (~200 ppi density)","2.0 inches, 12.4 cm 2 (~16.4% screen-to-body ratio)","TFT, 65K colors",,,,,Organizer MP3/WAV/AAC player MP4/H.263 player Voice memo Stopwatch Count-down timer File manager,,WAP 2.0/xHTML (Opera Mini),,,,,,,"2010, October. Released 2010, November",Discontinued,,,,,,,,microSDHC (dedicated slot),,,"Black, Black/Yellow",,About 290 EUR,,,,,GSM 850 / 900 / 1800 / 1900,,,,Class 10,Class 10,,GSM,,,,,MediaTek MT6235 platform,,,,Yes,,Yes,,,,,,,,,,,,,,,,,,,,,
Sonim,Sonim XP3 Sentinel,,Phone,https://www.gsmarena.com/sonim_xp3_sentinel-3417.php,2026-06-03 06:03 UTC,"2010, July. Released 2010, July",2010.0,Discontinued,119.0,56.0,25.0,170.0,,176.0,220.0,,,,2.0,,1850.0,,,,,,,,,,,Up to 1500 h,Up to 18 h,Removable Li-Ion 1850 mAh battery,IP67 dust/water resistant (up to 1m for 30 min) MIL-STD-810G compliant Drop resistant up to 2m Operational range -20°C to +55°C Flashlight Dedicated red risk side button for emergency GPS alerts,119 x 56 x 25 mm (4.69 x 2.20 x 0.98 in),Mini-SIM,170 g (6.00 oz),,2.0,,"GPS, A-GPS; SIRF InstantFix",Stereo FM radio,miniUSB 2.0,No,,Corning Gorilla Glass,176 x 220 pixels,,"TFT, 65K colors",,,,,Lone worker app with GPS tracking Accelerometer-based Man-Down sensor Organizer Voice memo Stopwatch Count-down timer File manager,,WAP 2.0/xHTML,,Yes,"Yes, MIDP 2.0",,SMS(1000),Accelerometer,"2010, July. Released 2010, July",Discontinued,,LED flash,2 MP,,Yes,,Yes,microSD (dedicated slot),,"Yes, up to 1000 entries",Black,,,,,GSM 850 / 1800 / 1900,,GSM 900 / 1800 / 1900,,,,Class 10,Class 10,,GSM,,264 MHz ARM 9,Philips Nexperia 5210,,,No,,,No,,Yes,,,,,,2.5 mm audio jack,,,,,,,,,,,,,,,
Sonim,Sonim XP2.10 Spirit,,Phone,https://www.gsmarena.com/sonim_xp2_10_spirit-3009.php,2026-06-03 06:03 UTC,"2010, February. Released 2010, March",2010.0,Discontinued,130.7,59.7,21.7,180.0,2.0,240.0,320.0,200.0,40MB,,15.0,,1300.0,,,,,,,,,,,Up to 428 h,Up to 8 h,Removable Li-Ion 1300 mAh battery,IP67 dust/water resistant (up to 1m for 30 min) MIL-STD-810D compliant Drop resistant up to 2m Operational range -20°C to +55°C Flashlight,130.7 x 59.7 x 21.7 mm (5.15 x 2.35 x 0.85 in),Mini-SIM,180 g (6.35 oz),,"1.2, A2DP",,No,Stereo FM radio,microUSB 2.0,No,,Corning Gorilla Glass,"240 x 320 pixels, 4:3 ratio (~200 ppi density)","2.0 inches, 12.4 cm 2 (~15.9% screen-to-body ratio)","TFT, 256K colors",,,,,Organizer MP3/WAV/eAAC+ player MP4/H.264 player Nimbuzz IM Voice memo Stopwatch Predictive text input,,"WAP 2.0/xHTML, HTML (Opera Mini)",,Yes,"Yes, MIDP 2.0",,"SMS, MMS, Email",,"2010, February. Released 2010, March",Discontinued,,LED flash,3.15 MP,,Yes,,Yes,microSDHC (dedicated slot),40MB,"Yes, up to 1000 entries",Black,,,,,GSM 850 / 1800 / 1900,,GSM 900 / 1800 / 1900,HSDPA 2100,,,,,HSPA 7.2/0.384 Mbps,GSM / HSPA,,,,,,No,,,No,,Yes,,,,,,Water resistant speaker (GORE-TEX cover) 2.5 mm audio jack,,,,,,,,,,,,,,,
Sonim,Sonim XP3.20 Quest Pro,,Watch,https://www.gsmarena.com/sonim_xp3_20_quest_pro-3461.php,2026-06-03 06:03 UTC,"2010, January. Released 2010, Q2",2010.0,Discontinued,119.0,56.0,25.0,170.0,1.77,176.0,220.0,159.0,,,2.0,,1850.0,,,,,,,,,,,Up to 1500 h,Up to 18 h,Removable Li-Ion 1850 mAh battery,IP67 dust/water resistant (up to 1m for 30 min) MIL-STD-810F compliant Drop resistant up to 2m Operational range -20°C to +55°C Flashlight,119 x 56 x 25 mm (4.69 x 2.20 x 0.98 in),Mini-SIM,170 g (6.00 oz),,2.0,,"GPS, A-GPS; navigation software",FM radio,miniUSB,No,,Corning Gorilla Glass,176 x 220 pixels (~159 ppi density),"1.77 inches, 9.9 cm 2 (~14.8% screen-to-body ratio)","TFT, 65K colors",,,,,Organizer Voice memo Stopwatch,,WAP 2.0/xHTML,,Yes,Yes,,SMS(1000),,"2010, January. Released 2010, Q2",Discontinued,,LED flash,2 MP,,,,Yes,microSD (dedicated slot),,"Yes, up to 1000 entries",Black,,,,,GSM 850 / 1800 / 1900,,GSM 900 / 1800 / 1900,,,,Yes,Class 10,,GSM,,,,,,No,,,No,,Yes,,,,,,20mm water resistant speaker 2.5 mm audio jack,,,,,,,,,,,,,,,
Sonim,Sonim XP3.20 Quest,,Watch,https://www.gsmarena.com/sonim_xp3_20_quest-2881.php,2026-06-03 06:03 UTC,"2009, July. Released 2009, July",2009.0,Discontinued,119.0,56.0,25.0,170.0,1.77,176.0,220.0,159.0,,,2.0,,1850.0,,,,,,,,,About 430 EUR,,Up to 1500 h,Up to 18 h,Removable Li-Ion 1850 mAh battery,IP67 dust/water resistant (up to 1m for 30 min) MIL-STD-810F compliant Drop resistant up to 2m Operational range -20°C to +55°C Flashlight,119 x 56 x 25 mm (4.69 x 2.20 x 0.98 in),Mini-SIM,170 g (6.00 oz),,2.0,,"GPS, A-GPS; navigation software",FM radio,miniUSB,No,,Corning Gorilla Glass,176 x 220 pixels (~159 ppi density),"1.77 inches, 9.9 cm 2 (~14.8% screen-to-body ratio)","TFT, 65K colors",,,,,Organizer Voice memo Stopwatch,,WAP 2.0/xHTML,,Yes,Yes,,SMS(1000),,"2009, July. Released 2009, July",Discontinued,,LED flash,2 MP,,,,Yes,microSD (dedicated slot),,"Yes, up to 1000 entries","Black, Yellow",,About 430 EUR,,,GSM 850 / 1800 / 1900,,GSM 900 / 1800 / 1900,,,,Yes,Class 10,,GSM,,,,,,No,,,No,,Yes,,,,,,20mm water resistant speaker 2.5 mm audio jack,,,,,,,,,,,,,,,
Xiaomi,Xiaomi Redmi K Pad,,Tablet,https://www.gsmarena.com/xiaomi_redmi_k_pad-13960.php,2026-06-03 06:03 UTC,"2025, June 26",2025.0,"Available. Released 2025, June 26",205.1,132.0,6.5,326.0,8.8,1880.0,3008.0,403.0,1TB | 256GB | 512GB,12GB | 16GB | 8GB,13.0,8.0,7500.0,,,,,,,,,About 330 EUR,"67W wired, PD3.0, QC3+ 18W reverse wired Bypass charging",,,7500 mAh,Stylus support (magnetic),205.1 x 132 x 6.5 mm (8.07 x 5.20 x 0.26 in),No,326 g (11.50 oz),,"5.4, LHDC 5",No,No,No,"1x USB Type-C 3.2, 1x USB Type-C 2.0, Display Port 1.4, accessory connector","Wi-Fi 802.11 a/b/g/n/ac/6/7, dual-band, Wi-Fi Direct",,,"1880 x 3008 pixels, 16:10 ratio (~403 ppi density)","8.8 inches, 224.5 cm 2 (~82.9% screen-to-body ratio)","IPS LCD, 68B colors, 165Hz, HDR Vivid, Dolby Vision, 700 nits (HBM)",,,,,,,,,,,,,"Accelerometer, gyro, proximity, compass","2025, June 26","Available. Released 2025, June 26",,"LED flash, HDR","13 MP, f/2.2, (wide), 1/3.06"" 1.12μm, PDAF",,"4K@30fps, 1080p@30/60fps",UFS 4.1,,No,"256GB 8GB RAM, 256GB 12GB RAM, 512GB 12GB RAM, 512GB 16GB RAM, 1TB 16GB RAM",,"Black, Green, Purple",,About 330 EUR,,,,,,,,,,,,No cellular connectivity,,Octa-core (1x3.73 GHz Cortex-X925 & 3x3.3 GHz Cortex-X4 & 4x2.4 GHz Cortex-A720),Mediatek Dimensity 9400+ (3 nm),Immortalis-G925,"Android 15, HyperOS 2",,"8 MP, f/2.3, (wide), 1/4"" 1.12μm",1080p@30fps,No,,"Yes, with stereo speakers (with Dolby Atmos)",,,Yes,,,24-bit/192kHz Hi-Res & Hi-Res Wireless audio,,,,,,,HDR,,,,,,,,
Xiaomi,Xiaomi Poco F7,,Phone,https://www.gsmarena.com/xiaomi_poco_f7_5g-13951.php,2026-06-03 06:03 UTC,"2025, June 24",2025.0,"Available. Released 2025, June 24",163.1,77.9,8.2,215.7,6.83,1280.0,2772.0,447.0,256GB | 512GB,12GB,50.0,20.0,6500.0,,,,,381.56,322.6,318.9,35999.0,"$ 381.56 / £ 318.90 / € 322.60 / ₹ 35,999","90W wired, PD3.0, QC3+, 80% in 30 min 22.5W reverse wired",,,Market-dependent versions: · 6500 mAh - International model · Si/C Li-Ion 7550 mAh - India model,IP68 dust tight and water resistant (immersible up to 1.5m for 30 min),163.1 x 77.9 x 8.2 mm (6.42 x 3.07 x 0.32 in),Nano-SIM + Nano-SIM,215.7 g (7.62 oz),,"6.0, A2DP, LE, aptX HD, aptX Adaptive, LHDC 5",Yes,"GPS (L1+L5), BDS (B1I+B1c+B2a), GALILEO (E1+E5a), QZSS (L1+L5), NavIC (L5), GLONASS",No,"USB Type-C 2.0, OTG","Wi-Fi 802.11 a/b/g/n/ac/6/7, dual-band, Wi-Fi Direct",,"Corning Gorilla Glass 7i, Mohs level 5","1280 x 2772 pixels, 19.5:9 ratio (~447 ppi density)","6.83 inches, 114.5 cm 2 (~90.2% screen-to-body ratio)","AMOLED, 68B colors, 120Hz, 3840Hz PWM, Dolby Vision, HDR10+, 700 nits (typ), 1700 nits (HBM), 3200 nits (peak","64:03h endurance, 1000 cycles",Class B,Class D (45 falls),Class C,,,,,,,,,"Fingerprint (under display, optical), accelerometer, gyro, proximity, compass","2025, June 24","Available. Released 2025, June 24","50 MP, f/1.5, 26mm (wide), 1/1.95"", 0.8µm, PDAF, OIS 8 MP, f/2.2, 15mm (ultrawide), 1/4.0"", 1.12µm","LED flash, HDR, panorama",,,"4K@30/60fps, 1080p@30/60/120/240/960fps, gyro-EIS",UFS 4.1,,No,"256GB 12GB RAM, 512GB 12GB RAM",,"Black, White, Cyber Silver","25053PC47G, 25053PC47I","$ 381.56 / £ 318.90 / € 322.60 / ₹ 35,999",,,,,GSM 850 / 900 / 1800 / 1900,HSDPA 800 / 850 / 900 / 1700(AWS) / 1900 / 2100,"1, 2, 3, 4, 5, 7, 8, 18, 19, 20, 26, 28, 38, 40, 41, 42, 48, 66","1, 2, 3, 5, 7, 8, 20, 28, 38, 40, 41, 48, 66, 77, 78 SA/NSA/Sub6",,,"HSPA, LTE, 5G",GSM / HSPA / LTE / 5G,-26.2 LUFS (Good),Octa-core (1x3.21 GHz Cortex-X4 & 3x3.0 GHz Cortex-A720 & 2x2.8 GHz Cortex-A720 & 2x2.0 GHz Cortex-A720),Qualcomm SM8735 Snapdragon 8s Gen 4 (4 nm),Adreno 825,"Android 15, HyperOS 2",,"20 MP, f/2.2, (wide), 1/4""",1080p@30/60fps,No,,"Yes, with stereo speakers",,,Yes,,,24-bit/192kHz Hi-Res & Hi-Res Wireless audio,"Glass front (Gorilla Glass 7i), aluminum frame, glass back",,,1525 nits max brightness (measured),AnTuTu: 2024751 (v10) GeekBench: 6402 (v6) 3DMark: 4476 (Wild Life Extreme),,HDR,,,,,,,Active use score 14:45h,
Xiaomi,Xiaomi Redmi Pad 2,Versions: Redmi Pad 2 4g with Wi-Fi/LTE or Redmi Pad 2 Wifi + Cellular; Redmi Pad 2 with Wi-Fi only,Tablet,https://www.gsmarena.com/xiaomi_redmi_pad_2-13908.php,2026-06-03 06:03 UTC,"2025, June 05",2025.0,"Available. Released 2025, June 05",254.6,166.0,7.4,510.0,11.0,1600.0,2560.0,274.0,128GB | 256GB,4GB | 6GB | 8GB,8.0,5.0,9000.0,,,,,,,,,About 230 EUR,"18W wired, PD2, QC2.0",,,Li-Po 9000 mAh,Stylus support Dust protected and splash resistant,254.6 x 166 x 7.4 mm (10.02 x 6.54 x 0.29 in),Nano-SIM + Nano-SIM (cellular model only),510 g or 519 g (1.12 lb),,"5.3, A2DP, LE, aptX HD",No,"GPS, GALILEO, GLONASS, BDS, QZSS (cellular model only)",FM radio,"USB Type-C 2.0, OTG","Wi-Fi 802.11 a/b/g/n/ac, dual-band, Wi-Fi Direct",,Corning Gorilla Glass 3 or Panda glass,"1600 x 2560 pixels, 16:10 ratio (~274 ppi density)","11.0 inches, 350.9 cm 2 (~83.0% screen-to-body ratio)","IPS LCD, 1B colors, 90Hz, 600 nits (HBM)",,,,,,,,,,,,,"Accelerometer, gyro/compass (cellular model only)","2025, June 05","Available. Released 2025, June 05",,HDR,"8 MP, f/2.0, (wide), 1/4.0"", 1.12µm",,1080p@30fps,UFS 2.2,,microSDXC (uses shared SIM slot),"128GB 4GB RAM, 128GB 6GB RAM, 256GB 8GB RAM",,"Graphite Gray, Mint Green, Lavender Purple","25040RP0AG, 25040RP0AI",About 230 EUR,,,,,GSM 850 / 900 / 1800 / 1900 - cellular model only,HSDPA 800 / 850 / 900 / 1700(AWS) / 1900 / 2100 - cellular model only,"1, 2, 3, 4, 5, 7, 8, 13, 18, 19, 20, 26, 28, 38, 40, 41, 66 - cellular model only",,,,"HSPA, LTE - cellular model only",GSM / HSPA / LTE,-26.9 LUFS (Good),Octa-core (2x2.2 GHz Cortex-A76 & 6x2.0 GHz Cortex-A55),Mediatek Helio G100 Ultra (6 nm),Mali-G57 MC2,"Android 15, HyperOS 2",,"5 MP, f/2.2, (wide), 1/5.0"", 1.12µm",1080p@30fps,Yes,,"Yes, with stereo speakers (4 speakers, with Dolby Atmos)",,,,,,24-bit/192kHz Hi-Res audio,"Glass front, aluminum back, plastic frame",,,,,,HDR,,,,,,,Active use score 11:09h,
Xiaomi,Xiaomi 15S Pro,,Phone,https://www.gsmarena.com/xiaomi_15s_pro_5g-13895.php,2026-06-03 06:03 UTC,"2025, May 22",2025.0,"Available. Released 2025, May 22",161.3,75.3,8.3,216.0,6.73,1440.0,3200.0,521.0,1TB | 512GB,16GB,50.0,32.0,6100.0,,,,,,,,,About 680 EUR,"90W wired, PD3.0 50W wireless 10W reverse wireless",,,Si/C Li-Ion 6100 mAh,IP68 dust tight and water resistant (immersible up to 1.5m for 30 min),161.3 x 75.3 x 8.3 mm (6.35 x 2.96 x 0.33 in),Nano-SIM + Nano-SIM,216 g (7.62 oz),,"5.4, A2DP, LE, aptX HD, aptX Adaptive, LHDC 5",Yes,"GPS (L1+L5), BDS (B1I+B1c+B2a), GALILEO (E1+E5a), QZSS (L1+L5), GLONASS",No,"USB Type-C 3.2 Gen2, Display Port, OTG","Wi-Fi 802.11 a/b/g/n/ac/6e/7, dual-band, Wi-Fi Direct",,Shatterproof glass (2024 gen),"1440 x 3200 pixels, 20:9 ratio (~521 ppi density)","6.73 inches, 109.4 cm 2 (~90.0% screen-to-body ratio)","LTPO AMOLED, 68B colors, 120Hz, 1920Hz PWM, Dolby Vision, HDR10+, HDR Vivid, 3200 nits (peak)",,,,,UWB support,,,,,,,,"Fingerprint (under display, ultrasonic), accelerometer, proximity, gyro, compass, barometer","2025, May 22","Available. Released 2025, May 22",,"Laser AF, color spectrum sensor, Leica lens, Dual-LED dual-tone flash, HDR, panorama",,"50 MP, f/1.4, 23mm (wide), 1/1.31"", 1.2µm, dual pixel PDAF, OIS 50 MP, f/2.5, 120mm (periscope telephoto), PDAF (30cm - ∞), OIS, 5x optical zoom 50 MP, f/2.2, 14mm, 115˚ (ultrawide), AF","8K@24fps (HDR), 4K@30/60fps (HDR10+, 10-bit Dolby Vision HDR, 10-bit LOG), 1080p@30/60/120/240/960fps, gyro-EIS",UFS 4.1,,No,"512GB 16GB RAM, 1TB 16GB RAM",,"Black, Blue",,About 680 EUR,,,CDMA 800,CDMA2000 1xEV-DO,GSM 850 / 900 / 1800 / 1900,HSDPA 800 / 850 / 900 / 1700(AWS) / 1900 / 2100,"1, 2, 3, 4, 5, 7, 8, 12, 17, 18, 19, 20, 26, 28, 34, 38, 39, 40, 41, 42, 48, 66","1, 2, 3, 5, 7, 8, 12, 20, 26, 28, 38, 40, 41, 48, 66, 77, 78, 79 SA/NSA",,,"HSPA, LTE, 5G",GSM / CDMA / HSPA / EVDO / LTE / 5G,,10-core (2x3.9GHz Cortex-X925 & 4x3.4GHz Cortex-A725 & 2x1.9GHz Cortex-A725 & 2x1.8GHz Cortex-A520),Xring O1 (3 nm),Immortalis-G925 MP16,"Android 15, HyperOS 2",,"32 MP, f/2.0, 22mm (wide), 0.7µm","4K@30/60fps, 1080p@30/60fps, gyro-EIS",No,,"Yes, with stereo speakers",,,Yes,,,24-bit/192kHz Hi-Res & Hi-Res wireless audio,,,,,,,"HDR, panorama",,,,,,,,
Xiaomi,Xiaomi Civi 5 Pro,,Phone,https://www.gsmarena.com/xiaomi_civi_5_pro_5g-13875.php,2026-06-03 06:03 UTC,"2025, May 22",2025.0,"Available. Released 2025, May 22",,,,181.0,6.55,1236.0,2750.0,460.0,256GB | 512GB,12GB | 16GB,50.0,50.0,6000.0,,,,,,,,,About 370 EUR,"67W wired, PD3.0, QC3+",,,Si/C Li-Ion 6000 mAh,,157.1 x 73.2 x 7.5 or 7.7 g,Nano-SIM + Nano-SIM,181 g or 184 g (6.38 oz),,"5.4, A2DP, LE, aptX HD, aptX Adaptive, LHDC 5",Yes,"GPS, GALILEO, GLONASS, QZSS, BDS (B1I+B1c)",No,"USB Type-C 2.0, OTG","Wi-Fi 802.11 a/b/g/n/ac/6/7, dual-band, Wi-Fi Direct",,,"1236 x 2750 pixels, 20:9 ratio (~460 ppi density)","6.55 inches, 103.5 cm 2 (~90.0% screen-to-body ratio)","AMOLED, 68B colors, 120Hz, 2560Hz PWM, Dolby Vision, HDR10+, HDR Vivid, 3200 nits (peak)",,,,,,,,,,,,,"Fingerprint (under display, optical), accelerometer, gyro, proximity, compass","2025, May 22","Available. Released 2025, May 22",,"Color spectrum sensor, Dual-LED flash, HDR, panorama, Leica lenses",,"50 MP, f/1.6, 25mm (wide), 1/1.55"", 1.0µm, PDAF, OIS 50 MP, f/2.0, 60mm (telephoto), PDAF (10cm - ∞), 2.5x optical zoom 12 MP, f/2.2, 15mm, 120˚ (ultrawide), 1.12µm, AF","4K@30/60fps, 1080p@30/60/120/240/960fps, HDR, gyro-EIS",UFS 4.0,,No,"256GB 12GB RAM, 512GB 12GB RAM, 512GB 16GB RAM",,"Gray, Rose Gold, Violet, White, Brown",,About 370 EUR,,,CDMA 800,CDMA2000 1x,GSM 850 / 900 / 1800 / 1900,HSDPA 800 / 850 / 900 / 1700(AWS) / 1900 / 2100,"1, 3, 4, 5, 8, 19, 28, 34, 38, 39, 40, 41, 42, 48, 66","1, 3, 5, 8, 28, 38, 40, 41, 48, 66, 77, 78 SA/NSA",,,"HSPA, LTE, 5G",GSM / CDMA / HSPA / CDMA2000 / LTE / 5G,,Octa-core (1x3.21 GHz Cortex-X4 & 3x3.0 GHz Cortex-A720 & 2x2.8 GHz Cortex-A720 & 2x2.0 GHz Cortex-A720),Qualcomm SM8735 Snapdragon 8s Gen 4 (4 nm),Adreno 825,"Android 15, HyperOS 2",,"50 MP, f/2.0, (wide), 0.64µm, PDAF","4K@30/60fps, 1080p@30/60fps; gyro-EIS",No,,"Yes, with stereo speakers",,,Yes,,,24-bit/192kHz Hi-Res & Hi-Res wireless audio,,,,,,,"HDR, panorama",,,,,,,,
Xiaomi,Xiaomi Pad 7 Ultra,,Tablet,https://www.gsmarena.com/xiaomi_pad_7_ultra-13896.php,2026-06-03 06:03 UTC,"2025, May 22",2025.0,"Available. Released 2025, May 22",305.8,207.5,5.1,609.0,14.0,2136.0,3200.0,275.0,1TB | 256GB | 512GB,12GB | 16GB,50.0,32.0,12000.0,,,,,,,,,About 700 EUR,"120W wired, PD3.0 7.5W reverse wired",,,12000 mAh,Stylus support (magnetic),305.8 x 207.5 x 5.1 mm (12.04 x 8.17 x 0.20 in),No,609 g or 619 g (1.34 lb),,"5.4, A2DP, LE, LHDC 5",Yes (data transfer only),No,No,"USB Type-C 3.2 Gen2, OTG, accessory connector pins","Wi-Fi 802.11 a/b/g/n/a/6/7, dual-band, Wi-Fi Direct",,Corning Gorilla Glass 5,"2136 x 3200 pixels, 3:2 ratio (~275 ppi density)","14.0 inches, 583.9 cm 2 (~92.0% screen-to-body ratio)","AMOLED, 68B colors, 120Hz, 4800Hz PWM, Dolby Vision, HDR10+, HDR Vivid, 1600 nits (peak)",,,,,,,,,,,,,"Fingerprint (side-mounted), accelerometer, gyro, proximity, compass","2025, May 22","Available. Released 2025, May 22",,"LED flash, HDR, panorama","50 MP, f/1.8, (wide), 1/2.76"", 0.64µm, PDAF",,"4K@30/60fps, 1080p@30/60fps",UFS 4.1,,No,"256GB 12GB RAM, 512GB 12GB RAM, 1TB 16GB RAM",,"Gray, Blue",,About 700 EUR,,,,,,,,,,,,No cellular connectivity,,10-core (2x3.7GHz Cortex-X925 & 4x3.4GHz Cortex-A725 & 2x1.9GHz Cortex-A725 & 2x1.8GHz Cortex-A520),Xring O1 (3 nm),Immortalis-G925 MP16,"Android 15, HyperOS 2",,"32 MP, f/2.2, 19mm (ultrawide), 1/3.6"", 0.61µm",1080p@30fps,No,,"Yes, with stereo speakers (8 speakers)",,,Yes,,,24-bit/192kHz Hi-Res & Hi-Res Wireless audio,"Glass front (Gorilla Glass 5), aluminum frame, aluminum back",,,,,,HDR,,,,,,,,
Xiaomi,Xiaomi Redmi Turbo 4 Pro,,Phone,https://www.gsmarena.com/xiaomi_redmi_turbo_4_pro-13617.php,2026-06-03 06:03 UTC,"2025, April 24",2025.0,"Available. Released 2025, April 24",163.1,77.9,8.0,219.0,6.83,1280.0,2772.0,447.0,1TB | 256GB | 512GB,12GB | 16GB,50.0,20.0,7550.0,,,,,,,,,About 240 EUR,"90W wired, PD3.0, QC3+ 22.5W reverse wired",,,Si/C Li-Ion 7550 mAh,IP68 dust tight and water resistant (immersible up to 2m for 30 min),163.1 x 77.9 x 8 mm (6.42 x 3.07 x 0.31 in),Nano-SIM + Nano-SIM,219 g (7.72 oz),,"5.4, A2DP, LE, aptX, LHDC 5",Yes,"GPS (L1+L5), BDS (B1I+B1c+B2a), GALILEO (E1+E5a), QZSS (L1+L5), NavIC (L5), GLONASS",No,"USB Type-C 2.0, OTG","Wi-Fi 802.11 a/b/g/n/ac/6/7, dual-band, Wi-Fi Direct",,,"1280 x 2772 pixels, 19.5:9 ratio (~447 ppi density)","6.83 inches, 114.5 cm 2 (~90.2% screen-to-body ratio)","AMOLED, 68B colors, 120Hz, 3840Hz PWM, Dolby Vision, HDR10+, HDR Vivid, 800 nits (typ), 1800 nits (HBM), 3200 nits (peak",,,,,,,,,,,,,"Fingerprint (under display, optical), accelerometer, gyro, proximity, compass","2025, April 24","Available. Released 2025, April 24","50 MP, f/1.5, 26mm (wide), 1/1.95"", 0.8µm, PDAF, OIS 8 MP, f/2.2, 15mm (ultrawide), 1/4.0"", 1.12µm","LED flash, HDR, panorama",,,"4K@30/60fps, 1080p@30/60/120/240/960fps, gyro-EIS",UFS 4.1,,No,"256GB 12GB RAM, 256GB 16GB RAM, 512GB 12GB RAM, 512GB 16GB RAM, 1TB 16GB RAM",,"Black, White, Green, Harry Potter edition",25053RT47C,About 240 EUR,,,CDMA 800,CDMA2000 1x,GSM 850 / 900 / 1800 / 1900,HSDPA 800 / 850 / 900 / 1700(AWS) / 2100,"1, 3, 4, 5, 8, 19, 28, 34, 38, 39, 40, 41, 42, 48, 66","1, 3, 5, 8, 28, 38, 40, 41, 48, 66, 77, 78 SA/NSA/Sub6",,,"HSPA, LTE, 5G",GSM / CDMA / HSPA / CDMA2000 / LTE / 5G,,Octa-core (1x3.21 GHz Cortex-X4 & 3x3.0 GHz Cortex-A720 & 2x2.8 GHz Cortex-A720 & 2x2.0 GHz Cortex-A720),Qualcomm SM8735 Snapdragon 8s Gen 4 (4 nm),Adreno 825,"Android 15, HyperOS 2",,"20 MP, f/2.2, (wide), 1/4""",1080p@30/60fps,No,,"Yes, with stereo speakers",,,Yes,,,24-bit/192kHz Hi-Res & Hi-Res Wireless audio,"Glass front, aluminum frame, glass back",,,,,,,,,,,,,,
Xiaomi,Redmi Watch Move,,Watch,https://www.gsmarena.com/xiaomi_redmi_watch_move-13806.php,2026-06-03 06:03 UTC,,,,,,,,,,,,,,,,,,,,,,,,,,,,,,,,,,,,,,,,,,,,,,,,,,,,,,,,,,,,,,,,,,,,,,,,,,,,,,,,,,,,,,,,,,,,,,,,,,,,,,,,,,,,,,,,,,,,,
Tecno,Tecno Phantom V Fold2,,Tablet,https://www.gsmarena.com/tecno_phantom_v_fold2-13334.php,2026-06-03 06:03 UTC,"2024, September 13",2024.0,"Available. Released 2024, October",159.0,140.4,6.1,249.0,7.85,2000.0,2296.0,388.0,512GB,12GB,50.0,32.0,5750.0,,,,,,,,,About 410 EUR,"70W wired, 50% in 20 min, 100% in 49 min 15W wireless",,,5750 mAh,IP54 dust protected and water resistant (water splashes) Stylus support,Unfolded: 159 x 140.4 x 6.1 mm Folded: 159 x 72.2 x 11.8-12 mm,Nano-SIM + Nano-SIM,249 g (8.78 oz),,"5.3, A2DP, LE",Yes,"GPS, GLONASS, GALILEO, BDS","FM radio, recording","USB Type-C, OTG","Wi-Fi 802.11 a/b/g/n/ac/6e, dual-band","Cover display: LTPO AMOLED, 1B colors, 120Hz, 1600 nits (peak), Corning Gorilla Glass Victus 6.42 inches, 1080 x 2550 pixels, 431 PPI",,2000 x 2296 pixels (~388 ppi density),"7.85 inches, 196.9 cm 2 (~88.2% screen-to-body ratio)","Foldable LTPO AMOLED, 1B colors, 120Hz",,,,,,,,,,,,,"Fingerprint (under display, optical), accelerometer, gyro, proximity, compass","2024, September 13","Available. Released 2024, October",,"Dual-LED flash, HDR, panorama",,"50 MP, f/1.9, 23mm (wide), 1/1.3"", 1.2µm, PDAF, OIS 50 MP, f/2.0, 50mm (telephoto), 1/2.8"", 0.64µm, PDAF, 2x optical zoom 50 MP, f/2.2, 115˚ (ultrawide), PDAF","4K@30fps, 1080p@30/60fps",UFS,,No,512GB 12GB RAM,,"Karst Green, Rippling Blue",AE10,About 410 EUR,,,,,GSM 850 / 900 / 1800 / 1900,HSDPA 850 / 900 / 1700(AWS) / 1900 / 2100,"1, 2, 3, 4, 5, 7, 8, 12, 17, 20, 28, 34, 38, 39, 40, 41, 66","1, 3, 5, 7, 8, 12, 20, 28, 38, 40, 41, 66, 77, 78 SA/NSA",,,"HSPA, LTE, 5G",GSM / HSPA / LTE / 5G,-27.1 LUFS (Good),Octa-core (1x3.20 GHz Cortex-X2 & 3x2.85 GHz Cortex-A710 & 4x1.80 GHz Cortex-A510),Mediatek Dimensity 9000+ (4 nm),Mali-G710 MC10,"Android 14, up to 2 major Android upgrades, HiOS 14 Fold",,"32 MP, f/2.5, (wide), 1/2.8"", 0.8µm Cover camera: 32 MP, f/2.5, (wide), 1/2.8"", 0.8µm",1080p@60fps,No,,"Yes, with stereo speakers",,,,,,24-bit/192kHz Hi-Res audio,,,,573 nits max brightness (measured),AnTuTu: 1158040 (v10) GeekBench: 4327 (v6) 3DMark: 2559 (Wild Life Extreme),,,,,,,,,Active use score 9:34h,
Tecno,Tecno Phantom V Flip2,,Phone,https://www.gsmarena.com/tecno_phantom_v_flip2-13335.php,2026-06-03 06:03 UTC,"2024, September 13",2024.0,"Available. Released 2024, October",170.8,73.4,7.6,196.0,6.9,1080.0,2640.0,413.0,256GB,8GB,50.0,32.0,4720.0,,,,,,,,,,"70W wired, 50% in 15 min, 100% in 45 min",,,4720 mAh,,Unfolded: 170.8 x 73.4 x 7.6 mm Folded: 87.8 x 73.4 x 16 mm,Nano-SIM,196 g (6.91 oz),,"5.3, A2DP, LE",Yes,GPS,Unspecified,USB Type-C,"Wi-Fi 802.11 a/b/g/n/ac/6, dual-band","Cover display: AMOLED 3.64 inches, 1056 x 1066 pixels, 413 ppi, Corning Gorilla Glass",,1080 x 2640 pixels (~413 ppi density),"6.9 inches, 107.6 cm 2 (~85.9% screen-to-body ratio)","Foldable LTPO AMOLED, 120Hz",,,,,,,,,,,,,"Fingerprint (side-mounted), accelerometer, gyro, proximity (incl. for accessories), compass","2024, September 13","Available. Released 2024, October","50 MP, (wide), 1/1.57"", 1.0µm, PDAF, OIS 50 MP, 114˚ (ultrawide)","LED flash, HDR, panorama",,,"4K@30fps, 1080p@30/60fps",UFS,,No,256GB 8GB RAM,,"Travertine Green, Moondust Grey",,,,,,,GSM 850 / 900 / 1800 / 1900,HSDPA 850 / 900 / 1900 / 2100,"1, 2, 3, 4, 5, 7, 8, 12, 17, 20, 28, 34, 38, 39, 40, 41, 66","1, 3, 5, 7, 8, 12, 20, 28, 38, 40, 41, 66, 77, 78 SA/NSA",,,"HSPA, LTE, 5G",GSM / HSPA / LTE / 5G,-26.6 LUFS (Good),Octa-core (4x2.6 GHz Cortex-A78 & 4x2.0 GHz Cortex-A55),Mediatek Dimensity 8020 (6 nm),Mali-G77 MC9,"Android 14, HIOS 14",,"32 MP, f/2.5, 24mm (wide), 1/2.8"", 0.8µm, PDAF","1440p@30fps, 1080p@30/60fps",No,,"Yes, with stereo speakers",,,,,,24-bit/192kHz Hi-Res audio,"Eco leather back, aluminum frame, steel hinge",,,893 nits max brightness (measured),AnTuTu: 775306 (v10) GeekBench: 2544 (v6) 3DMark: 1247 (Wild Life Extreme),,LED flash,,,,,,,Active use score 11:37h,
Tecno,Tecno Pova 6 Neo 5G,,Phone,https://www.gsmarena.com/tecno_pova_6_neo_5g-13326.php,2026-06-03 06:03 UTC,"2024, September 11",2024.0,"Available. Released 2024, September 14",165.4,76.8,7.8,,6.67,720.0,1600.0,263.0,128GB | 256GB,6GB | 8GB,108.0,8.0,5000.0,,,,,,,,,About 140 EUR,18W wired,,,5000 mAh,IP54 dust protected and water resistant (water splashes),165.4 x 76.8 x 7.8 mm (6.51 x 3.02 x 0.31 in),Nano-SIM + Nano-SIM,192.3 (6.77 oz),,"5.3, A2DP, LE",Yes,"GPS, GLONASS, GALILEO, BDS",Unspecified,USB Type-C 2.0,"Wi-Fi 802.11 a/b/g/n/ac, dual-band",,,"720 x 1600 pixels, 20:9 ratio (~263 ppi density)","6.67 inches, 107.4 cm 2 (~84.6% screen-to-body ratio)","IPS LCD, 120Hz",,,,,,,,,,,,,"Fingerprint (side-mounted), accelerometer, proximity, compass","2024, September 11","Available. Released 2024, September 14","108 MP, f/1.9, (wide), PDAF Unspecified camera",Dual-LED flash,,,Yes,UFS 2.2,,microSDXC (dedicated slot),"128GB 6GB RAM, 256GB 8GB RAM",,"Azure Sky, Midnight Shadow, Aurora Cloud",,About 140 EUR,,,,,GSM 850 / 900 / 1800 / 1900,HSDPA 850 / 900 / 2100,LTE,SA/NSA,,,"HSPA, LTE, 5G",GSM / HSPA / LTE / 5G,,Octa-core (2x2.4 GHz Cortex-A76 & 6x2.0 GHz Cortex-A55),Mediatek Dimensity 6300 (6 nm),Mali-G57 MC2,"Android 14, HIOS 14.5",,"8 MP, f/2.0",Yes,Yes,,"Yes, with stereo speakers",,,,,,,,,,,,,,,,,,,,,
Tecno,Tecno Spark 30C,,Phone,https://www.gsmarena.com/tecno_spark_30c-13310.php,2026-06-03 06:03 UTC,"2024, September 09",2024.0,"Available. Released 2024, October",,,,,6.67,720.0,1600.0,263.0,128GB | 256GB,4GB | 6GB | 8GB,50.0,8.0,5000.0,,,,,,,,,About 150 EUR,18W wired,,,5000 mAh,IP54 dust protected and water resistant (water splashes),-,Nano-SIM + Nano-SIM,-,,Yes,No,GPS,Unspecified,"USB Type-C, OTG",Yes,,,"720 x 1600 pixels, 20:9 ratio (~263 ppi density)","6.67 inches, 107.4 cm 2","IPS LCD, 120Hz",,,,,,,,,,,,,"Fingerprint (side-mounted), accelerometer, compass","2024, September 09","Available. Released 2024, October",,"LED flash, HDR","50 MP, (wide), 1/2.8"", PDAF Auxiliary lens",,1080p@30fps,,,microSDXC,"128GB 4GB RAM, 128GB 6GB RAM, 256GB 4GB RAM, 256GB 8GB RAM",,"Orbit Black, Orbit White, Magic Skin 3.0","kl5, kl5n",About 150 EUR,,,,,GSM 850 / 900 / 1800 / 1900,HSDPA 900 / 2100,LTE,,,,"HSPA, LTE",GSM / HSPA / LTE,,Octa-core (2x2.0 GHz Cortex-A75 & 6x1.8 GHz Cortex-A55),Mediatek Helio G81,Mali-G52 MC2,Android 14,,8 MP,Yes,Yes,,"Yes, with stereo speakers",,,Yes,,,,"Glass front, plastic back, plastic frame",,,,,,,,,,,,,,
Tecno,Tecno Spark Go 1,,Phone,https://www.gsmarena.com/tecno_spark_go_1-13274.php,2026-06-03 06:03 UTC,"2024, August 19",2024.0,"Available. Released 2024, August",165.6,77.0,8.4,,6.67,720.0,1600.0,263.0,128GB | 64GB,3GB | 4GB,13.0,8.0,5000.0,,,,,172.6,,,,$ 172.60,15W wired,,,5000 mAh,IP54 dust protected and water resistant (water splashes),165.6 x 77 x 8.4 mm (6.52 x 3.03 x 0.33 in),Nano-SIM + Nano-SIM,-,,Yes,No,GPS,Unspecified,"USB Type-C, OTG",Yes,,,"720 x 1600 pixels, 20:9 ratio (~263 ppi density)","6.67 inches, 107.4 cm 2 (~84.2% screen-to-body ratio)","IPS LCD, 120Hz",,,,,,,,,,,,,Fingerprint (side-mounted); unspecified sensors,"2024, August 19","Available. Released 2024, August",,"Dual-LED flash, HDR","13 MP, f/1.8, 27mm (wide), PDAF",,1080p@30fps,eMMC 5.1,,microSDXC,"64GB 3GB RAM, 64GB 4GB RAM, 128GB 3GB RAM, 128GB 4GB RAM",,"Startrail Black, Glittery White",,$ 172.60,,,,,GSM 850 / 900 / 1800 / 1900,HSDPA 900 / 2100,LTE,,,,"HSPA, LTE",GSM / HSPA / LTE,,Octa-core (2x1.8 GHz Cortex-A75 & 6x1.6 GHz Cortex-A55),Unisoc T615 (12 nm),Mali-G57 MP1,"Android 14 (Go edition), HIOS 14",,8 MP,Yes,Yes,,"Yes, with dual speakers",,,Yes,,,,"Glass front, plastic back, plastic frame",,,,,,Dual-LED flash,,,,,,,,
Tecno,Tecno Camon 30S Pro,,Phone,https://www.gsmarena.com/tecno_camon_30s_pro-13242.php,2026-06-03 06:03 UTC,"2024, July 30",2024.0,"Available. Released 2024, August",164.6,74.6,7.8,,6.78,1080.0,2436.0,393.0,256GB,8GB,50.0,50.0,5000.0,,,,,,,,,,"45W wired, 0-100% in 45 min 20W wireless",,,5000 mAh,IP53 dust protected and water resistant (vertical water sprays),164.6 x 74.6 x 7.8 mm (6.48 x 2.94 x 0.31 in),Nano-SIM + Nano-SIM,-,,Yes,Yes,GPS,FM radio,"USB Type-C 2.0, OTG",Yes,,,1080 x 2436 pixels (~393 ppi density),"6.78 inches, 109.9 cm 2 (~89.5% screen-to-body ratio)","AMOLED, 1B colors, 120Hz, 1300 nits (HBM)",,,,,,,,,,,,,"Fingerprint (under display, optical), accelerometer, gyro, proximity, compass","2024, July 30","Available. Released 2024, August",,"Dual-LED flash, HDR, panorama",,"50 MP, f/1.9, (wide), 1/1.56"", 1.0µm, PDAF, OIS Auxiliary lenses",Yes,,,Unspecified,256GB 8GB RAM,,"Interstellar Grey, Pearl Gold, Shim Silver Green",CLA6,,,,,,GSM 850 / 900 / 1800 / 1900,HSDPA 850 / 900 / 2100,LTE,,,,"HSPA, LTE",GSM / HSPA / LTE,,Octa-core (2x2.2 GHz Cortex-A76 & 6x2.0 GHz Cortex-A55),Mediatek Helio G100 (6 nm),Mali-G57 MC2,"Android 14, up to 2 major Android upgrades, HIOS 14",,"50 MP, AF",Yes,No,,"Yes, with dual speakers",,,Yes,,,,,,,,,,Dual-LED flash,,,,,,,,
Tecno,Tecno Spark 20P,,Phone,https://www.gsmarena.com/tecno_spark_20p-13125.php,2026-06-03 06:03 UTC,"2024, June 13",2024.0,"Available. Released 2024, June",163.7,75.6,8.6,,6.6,720.0,1612.0,267.0,256GB,4GB,50.0,8.0,5000.0,,,,,,,,,About 240 EUR,18W wired,,,5000 mAh,,163.7 x 75.6 x 8.6 mm (6.44 x 2.98 x 0.34 in),Nano-SIM + Nano-SIM,-,,Yes,Yes,GPS,FM radio,"USB Type-C, OTG",Yes,,,"720 x 1612 pixels, 20:9 ratio (~267 ppi density)","6.6 inches, 104.6 cm 2 (~84.6% screen-to-body ratio)","IPS LCD, 90Hz",,,,,,,,,,,,,"Fingerprint (side-mounted), accelerometer, compass","2024, June 13","Available. Released 2024, June",,"Dual-LED flash, HDR","50 MP, (wide), 1/2.8"", PDAF Auxiliary lens",,1080p@30fps,,,microSDXC,256GB 4GB RAM,,"Alpenglow Gold, Magic Skin",,About 240 EUR,,,,,GSM 850 / 900 / 1800 / 1900,HSDPA 900 / 2100,LTE,,,,"HSPA, LTE",GSM / HSPA / LTE,,Octa-core 2.2 GHz Cortex-A53,Mediatek,,Android 13,,8 MP,Yes,Yes,,"Yes, with stereo speakers",,,,,,,"Glass front, plastic back, plastic frame",,,,,,Dual-LED flash,,,,,,,,
Tecno,Tecno Spark 20 Pro 5G,,Phone,https://www.gsmarena.com/tecno_spark_20_pro_5g-13124.php,2026-06-03 06:03 UTC,"2024, June 17",2024.0,"Available. Released 2024, June 20",168.5,76.2,8.3,200.0,6.78,1080.0,2460.0,396.0,128GB | 256GB,8GB,108.0,8.0,5000.0,,,,,,,,,About 180 EUR,33W wired,,,5000 mAh,IP53 dust protected and water resistant (vertical water sprays),168.5 x 76.2 x 8.3 mm or 8.5 mm,Nano-SIM + Nano-SIM,200 g or 201.5 g (7.05 oz),,"5.3, A2DP, LE",Yes,"GPS, GLONASS",FM radio,USB Type-C,"Wi-Fi 802.11 a/b/g/n/ac, dual-band",,,1080 x 2460 pixels (~396 ppi density),"6.78 inches, 109.2 cm 2 (~85.0% screen-to-body ratio)","IPS LCD, 120Hz",,,,,,,,,,,,,"Fingerprint (side-mounted), accelerometer, proximity, compass","2024, June 17","Available. Released 2024, June 20","108 MP, f/1.8, (wide), 1/1.67"", 0.64µm, PDAF 2 MP (macro)",Quad-LED flash,,,"1440p@30fps, 1080p@30fps",,,microSDXC (dedicated slot),"128GB 8GB RAM, 256GB 8GB RAM",,"Startrail Black, Glossy White, Neon Green",KJ8,About 180 EUR,,,,,GSM 850 / 900 / 1800 / 1900,HSDPA 850 / 900 / 1700(AWS) / 1900 / 2100,LTE,SA/NSA,,,"HSPA, LTE, 5G",GSM / HSPA / LTE / 5G,,Octa-core (2x2.4 GHz Cortex-A76 & 6x2.0 GHz Cortex-A55),Mediatek Dimensity 6080 (6 nm),Mali-G57 MC2,Android 14,,"8 MP, (wide)","1440p@30fps, 1080p@30fps",No,,"Yes, with stereo speakers",,,,,,24-bit/192kHz Hi-Res & Hi-Res wireless audio,,,,,,,Dual-LED dual-tone flash,,,,,,,,
Tecno,Tecno Pova 6 Neo,,Phone,https://www.gsmarena.com/tecno_pova_6_neo-12911.php,2026-06-03 06:03 UTC,"2024, April 04",2024.0,"Available. Released 2024, May",168.6,76.6,9.2,,6.78,1080.0,2460.0,396.0,128GB | 256GB,8GB,50.0,8.0,7000.0,,,,,,,,,,33W wired,,,7000 mAh,IP53 dust protected and water resistant (vertical water sprays),168.6 x 76.6 x 9.2 mm (6.64 x 3.02 x 0.36 in),Nano-SIM + Nano-SIM,-,,Yes,Yes,"GPS, GLONASS, GALILEO, BDS",FM radio,USB Type-C 2.0,Yes,,,1080 x 2460 pixels (~396 ppi density),"6.78 inches, 109.2 cm 2 (~84.5% screen-to-body ratio)","IPS LCD, 1B colors, 120Hz, 580 nits (typ)",,,,,,,,,,,,,"Fingerprint (side-mounted), accelerometer, gyro, proximity, compass","2024, April 04","Available. Released 2024, May",,Quad-LED flash,"50 MP, (wide), PDAF",,"1440p@30fps, 1080p@30/60fps",,,No,"128GB 8GB RAM, 256GB 8GB RAM",,"Starry Silver, Speed Black, Comet Green",,,,,,,GSM 850 / 900 / 1800 / 1900,HSDPA 850 / 900 / 2100,LTE,,,,"HSPA, LTE",GSM / HSPA / LTE,,Octa-core (2x2.2 GHz Cortex-A76 & 6x2.0 GHz Cortex-A55),Mediatek Helio G99 Ultimate (6 nm),Mali-G57 MC2,"Android 14, HIOS 14",,"8 MP, (wide)","1440p@30fps, 1080p@30/60fps",Yes,,"Yes, with stereo speakers",,,,,,24-bit/192kHz Hi-Res & Hi-Res wireless audio,Glass front,,,,,,Dual-LED dual-tone flash,,,,,,,,
Tecno,Tecno Pova 6,,Phone,https://www.gsmarena.com/tecno_pova_6-12910.php,2026-06-03 06:03 UTC,"2024, April 04",2024.0,"Available. Released 2024, May",166.2,76.8,7.9,195.0,6.78,1080.0,2460.0,396.0,256GB,12GB | 8GB,108.0,32.0,6000.0,,,,,,,,,About 490 EUR,"70W wired, 50% in 20 min, 100% in 50 min 10W reverse wired",,,6000 mAh,IP53 dust protected and water resistant (vertical water sprays),166.2 x 76.8 x 7.9 mm (6.54 x 3.02 x 0.31 in),Nano-SIM + Nano-SIM,195 g (6.88 oz),,Yes,Yes,"GPS, GLONASS, GALILEO, BDS",FM radio,USB Type-C 2.0,Yes,,,1080 x 2460 pixels (~396 ppi density),"6.78 inches, 109.2 cm 2 (~85.5% screen-to-body ratio)","AMOLED, 1B colors, 120Hz, 1300 nits (peak)",,,,,,,,,,,,,"Fingerprint (under display, optical), accelerometer, gyro, proximity, compass","2024, April 04","Available. Released 2024, May",,Quad-LED flash,"108 MP, (wide), 0.7µm, PDAF",,"1440p@30fps, 1080p@30/60fps",,,No,"256GB 8GB RAM, 256GB 12GB RAM",,"Interstellar Blue, Comet Green, Meteorite Grey",,About 490 EUR,,,,,GSM 850 / 900 / 1800 / 1900,HSDPA 850 / 900 / 2100,LTE,,,,"HSPA, LTE",GSM / HSPA / LTE,,Octa-core (2x2.2 GHz Cortex-A76 & 6x2.0 GHz Cortex-A55),Mediatek Helio G99 Ultimate (6 nm),Mali-G57 MC2,"Android 14, HIOS 14",,"32 MP, (wide)","1440p@30fps, 1080p@30/60fps",Yes,,"Yes, with stereo speakers",,,Yes,,,24-bit/192kHz Hi-Res & Hi-Res wireless audio,,,,,,,Dual-LED dual-tone flash,,,,,,,,
Tecno,Tecno Camon 30 Premier,,Phone,https://www.gsmarena.com/tecno_camon_30_premier-12845.php,2026-06-03 06:03 UTC,"2024, February 27",2024.0,"Available. Released 2024, May",162.7,76.2,7.9,210.0,6.77,1264.0,2780.0,451.0,512GB,12GB,50.0,50.0,5000.0,,,,,,,,,About 50 EUR,"70W wired, 100% in 45 min",,,5000 mAh,IP54 dust protected and water resistant (water splashes),162.7 x 76.2 x 7.9 mm (6.41 x 3.00 x 0.31 in),Nano-SIM + Nano-SIM,210 g (7.41 oz),,"5.3, A2DP, LE",Yes,GPS,FM radio,"USB Type-C 2.0, OTG","Wi-Fi 802.11 a/b/g/n/ac, dual-band",,Corning Gorilla Glass 5,1264 x 2780 pixels (~451 ppi density),"6.77 inches, 111.4 cm 2 (~89.9% screen-to-body ratio)","LTPO AMOLED, 1B colors, 120Hz, HDR, 1400 nits (HBM)",,,,,,,,,,,,,"Fingerprint (under display, optical), accelerometer, gyro, proximity, compass","2024, February 27","Available. Released 2024, May",,"Quad-LED flash, HDR, panorama",,"50 MP, f/1.9, 23mm (wide), 1/1.56"", 1.0µm, PDAF, OIS 50 MP, f/2.2, 70mm (periscope telephoto), 1/2.76"", 0.64µm, PDAF, 3x optical zoom 50 MP, f/2.2, 14mm, 114˚ (ultrawide), 1/2.76"", 0.64µm, PDAF","4K@30/60fps (HDR), 1080p@30fps",,,No,512GB 12GB RAM,,"Alps Snowy Silver, Hawaii Lava Black",CL9,About 50 EUR,,,,,GSM 850 / 900 / 1800 / 1900,HSDPA 850 / 900 / 1700(AWS) / 1900 / 2100,LTE,SA/NSA,,,"HSPA, LTE, 5G",GSM / HSPA / LTE / 5G,-21.9 LUFS (Excellent),Octa-core (1x3.1 GHz Cortex-A78 & 3x3.0 GHz Cortex-A78 & 4x2.0 GHz Cortex-A55),Mediatek Dimensity 8200 Ultimate (4 nm),Mali-G610 MC6,"Android 14, up to 2 major Android upgrades, HIOS 14",,"50 MP, f/2.5, 24mm (wide), 1/2.8"", 0.64µm, PDAF","4K@30fps, 1080p",No,,"Yes, with dual speakers",,,Yes,,,24-bit/192kHz Hi-Res audio,"Glass front (Gorilla Glass 5), aluminum frame, aluminum back with silicone polymer finish (eco leather)",,,854 nits max brightness (measured),AnTuTu: 949550 (v10) GeekBench: 3930 (v6) 3DMark: 1740 (Wild Life Extreme),,,,,,,,,Active use score 13:29h,
Tecno,Tecno Camon 30 Pro,,Phone,https://www.gsmarena.com/tecno_camon_30_pro-12846.php,2026-06-03 06:03 UTC,"2024, February 27",2024.0,"Available. Released 2024, April 02",164.0,74.5,7.7,188.6,6.78,1080.0,2436.0,393.0,256GB | 512GB,12GB,50.0,50.0,5000.0,,,,,,,,,,"70W wired, 0-100% in 47 min",,,5000 mAh,,164 x 74.5 x 7.7 mm (6.46 x 2.93 x 0.30 in),Nano-SIM + Nano-SIM,188.6 g (6.67 oz),,"5.3, A2DP, LE",Yes,GPS,FM radio,"USB Type-C 2.0, OTG","Wi-Fi 802.11 a/b/g/n/ac, dual-band",,,1080 x 2436 pixels (~393 ppi density),"6.78 inches, 109.9 cm 2 (~89.9% screen-to-body ratio)","AMOLED, 144Hz",,,,,,,,,,,,,"Fingerprint (under display, optical), accelerometer, gyro, compass","2024, February 27","Available. Released 2024, April 02",,"Dual-LED flash, HDR, panorama",,"50 MP, f/1.9, 23mm (wide), 1/1.56"", 1.0µm, PDAF, OIS 50 MP, f/2.2, 14mm, 114˚ (ultrawide), 1/2.76"", 0.64µm, PDAF Auxiliary lens","4K@30/60fps (HDR), 1080p@30fps",,,No,"256GB 12GB RAM, 512GB 12GB RAM",,"Iceland Basaltic Dark, Alps Snowy Silver",CL8,,,,,,GSM 850 / 900 / 1800 / 1900,HSDPA 850 / 900 / 1700(AWS) / 1900 / 2100,LTE,SA/NSA,,,"HSPA, LTE, 5G",GSM / HSPA / LTE / 5G,-25.5 LUFS (Very good),Octa-core (1x3.1 GHz Cortex-A78 & 3x3.0 GHz Cortex-A78 & 4x2.0 GHz Cortex-A55),Mediatek Dimensity 8200 Ultimate (4 nm),Mali-G610 MC6,"Android 14, up to 2 major Android upgrades, HIOS 14",,"50 MP, f/2.5, 24mm (wide), 1/2.8"", 0.64µm, PDAF",Yes,No,,"Yes, with dual speakers",,,Yes,,,24-bit/192kHz Hi-Res audio,"Glass front, glass back or silicone polymer back (eco leather)",,,998 nits max brightness (measured),AnTuTu: 949357 (v10) GeekBench: 3931 (v6) 3DMark: 1727 (Wild Life Extreme),,,,,,,,,Active use score 14:29h,
Tecno,Tecno Camon 30 5G,,Phone,https://www.gsmarena.com/tecno_camon_30_5g-12847.php,2026-06-03 06:03 UTC,"2024, February 27",2024.0,"Available. Released 2024, April 02",165.4,75.9,7.8,199.0,6.78,1080.0,2436.0,393.0,256GB | 512GB,,50.0,50.0,5000.0,,,,,,,,,,"70W wired, 0-100% in 45 min",,,5000 mAh,IP54 dust protected and water resistant (water splashes),165.4 x 75.9 x 7.8 mm or 8.0 mm,Nano-SIM + Nano-SIM,199 g (7.05 oz),,"5.3, A2DP, LE",Yes,GPS,FM radio,"USB Type-C 2.0, OTG","Wi-Fi 802.11 a/b/g/n/ac, dual-band",,,1080 x 2436 pixels (~393 ppi density),"6.78 inches, 109.9 cm 2 (~87.5% screen-to-body ratio)","AMOLED, 120Hz",,,,,,,,,,,,,"Fingerprint (under display, optical), accelerometer, gyro, proximity, compass","2024, February 27","Available. Released 2024, April 02","50 MP, f/1.9, (wide), 1/1.57"", PDAF, OIS Auxiliary lens","Dual-LED flash, HDR, panorama",,,"Yes, 4K@30fps",,,Unspecified,"256GB 8GB, 512GB 8GB, 512GB 12GB",,"Iceland Basaltic Dark, Uyuni Salt White, Emerald Lake Green","CL7, CL7k",,,,,,GSM 850 / 900 / 1800 / 1900,HSDPA 850 / 900 / 1700(AWS) / 1900 / 2100,LTE,SA/NSA,,,"HSPA, LTE, 5G",GSM / HSPA / LTE / 5G,,Octa-core (2x2.2 GHz Cortex-A78 & 6x2.0 GHz Cortex-A55),Mediatek Dimensity 7020 (6 nm),IMG BXM-8-256,"Android 14, up to 2 major Android upgrades, HIOS 14",,"50 MP, (wide), AF",Yes,No,,"Yes, with dual speakers",,,Yes,,,,"Glass front, glass back or silicone polymer back (eco leather)",,,,,,Dual-LED dual-tone,,,,,,,,
Tecno,Tecno Camon 30,,Phone,https://www.gsmarena.com/tecno_camon_30-12848.php,2026-06-03 06:03 UTC,"2024, February 27",2024.0,"Available. Released 2024, April 02",165.3,75.3,7.7,,6.78,1080.0,2436.0,393.0,256GB,,50.0,50.0,5000.0,,,,,,,,,,"70W wired, 0-100% in 45 min",,,5000 mAh,,165.3 x 75.3 x 7.7 mm (6.51 x 2.96 x 0.30 in),Nano-SIM + Nano-SIM,-,,"5.3, A2DP, LE",Yes,GPS,FM radio,"USB Type-C 2.0, OTG","Wi-Fi 802.11 a/b/g/n/ac, dual-band",,,1080 x 2436 pixels (~393 ppi density),"6.78 inches, 109.9 cm 2 (~88.3% screen-to-body ratio)","AMOLED, 120Hz",,,,,,,,,,,,,"Fingerprint (under display, optical), accelerometer, gyro, proximity, compass","2024, February 27","Available. Released 2024, April 02","50 MP, f/1.9, (wide), 1/1.57"", PDAF, OIS Auxiliary lens","Dual-LED flash, HDR, panorama",,,"1440p@30fps, 1080p@30/60fps",,,microSDXC (dedicated slot),"256GB 8GB, 256GB 12GB",,"Iceland Basaltic Dark, Uyuni Salt White, Sahara Sand Brown","CL6, CL6k",,,,,,GSM 850 / 900 / 1800 / 1900,HSDPA 850 / 900 / 1700(AWS) / 1900 / 2100,LTE,,,,"HSPA, LTE",GSM / HSPA / LTE,,Octa-core (2x2.2 GHz Cortex-A76 & 6x2.0 GHz Cortex-A55),Mediatek Helio G99 Ultimate,Mali-G57 MC2,"Android 14, up to 2 major Android upgrades, HIOS 14",,"50 MP, (wide), AF","1440p@30fps, 1080p@30/60fps",Yes,,"Yes, with dual speakers",,,Yes,,,,"Glass front, glass back or silicone polymer back (eco leather)",,,,,,Dual-LED dual-tone,,,,,,,,
ZTE,ZTE S302,,Phone,https://www.gsmarena.com/zte_s302-3222.php,2026-06-03 06:03 UTC,2009. Released 2009,2009.0,Discontinued,103.0,49.0,14.8,79.0,,128.0,48.0,,,,,,1000.0,,,0.77,,,,,,,,,,Removable Li-Ion 1000 mAh battery,,103 x 49 x 14.8 mm (4.06 x 1.93 x 0.58 in),Mini-SIM,79 g (2.79 oz),No,No,,No,FM radio,No,No,,,128 x 48 pixels,,Monochrome graphic,,,,,Calculator,,No,,No,No,,SMS,,2009. Released 2009,Discontinued,,,,,,,"20 dialed, 20 received, 20 missed calls",No,,Yes,"Black, White on Orange",,,,0.77 W/kg (head),,,GSM 900 / 1800,,,,No,No,,GSM,,,,,,,,,No,,No,,,,,,,,,,,,,,,,,,,,,
ZTE,ZTE A261,,Phone,https://www.gsmarena.com/zte_a261-3214.php,2026-06-03 06:03 UTC,2009. Released 2009,2009.0,Discontinued,108.5,46.8,13.3,75.0,,128.0,160.0,,,,,,,,,,,,,,,,,Up to 260 h,Up to 3 h,Removable Li-Ion battery,,108.5 x 46.8 x 13.3 mm (4.27 x 1.84 x 0.52 in),Mini-SIM,75 g (2.65 oz),No,No,,No,No,No,No,,,128 x 160 pixels,,"CSTN, 65K colors",,,,,Calculator Predictive text input,,No,,Yes,No,,SMS,,2009. Released 2009,Discontinued,,,,,,,"10 dialed, 10 received, 10 missed calls",No,,300 entries,Black,,,,,GSM 850 / 1900,,GSM 900 / 1800,,,,No,No,,GSM,,,,,,,,,No,,No,,,,,,,,,,,,,,,,,,,,,
ZTE,ZTE F233,,Phone,https://www.gsmarena.com/zte_f233-3110.php,2026-06-03 06:03 UTC,"2009. Released 2009, May",2009.0,Discontinued,94.0,48.0,18.9,90.0,2.0,176.0,220.0,141.0,,,2.0,,830.0,,,,,,,,,,,,,Removable Li-Ion 830 mAh battery,,94 x 48 x 18.9 mm (3.70 x 1.89 x 0.74 in),Mini-SIM,90 g (3.17 oz),,"2.1, A2DP",,No,No,2.0,No,"External CSTN, 1 inch",,176 x 220 pixels (~141 ppi density),"2.0 inches, 12.6 cm 2 (~27.9% screen-to-body ratio)","TFT, 256K colors",,,,,Organizer Voice memo,,WAP 2.0/xHTML,,Yes + downloadable,"Yes, MIDP 2.0",,"SMS, MMS, Email",,"2009. Released 2009, May",Discontinued,,,2 MP,,Yes,,Yes,microSDHC (dedicated slot),,"Yes, Photocall",Black,,,,,,,GSM 850 / 900 / 1800 / 1900,HSDPA 2100,,,,,HSPA 3.6/0.384 Mbps,GSM / HSPA,,,,,,,Yes,,No,,Yes,,,,,,,,,,,,,,,,,,,,,
ZTE,ZTE F912,,Phone,https://www.gsmarena.com/zte_f912-3111.php,2026-06-03 06:03 UTC,"2008, January. Released 2008, January",2008.0,Discontinued,105.0,51.8,21.0,,2.2,240.0,320.0,182.0,60MB,,2.0,,1000.0,,,,,,,,,,,Up to 250 h,Up to 4 h,Removable Li-Ion 1000 mAh battery,,105 x 51.8 x 21 mm (4.13 x 2.04 x 0.83 in),Mini-SIM,-,,"2.1, A2DP",,No,No,miniUSB 2.0,No,"External OLED, 1 inch",,"240 x 320 pixels, 4:3 ratio (~182 ppi density)","2.2 inches, 15.0 cm 2 (~27.6% screen-to-body ratio)","TFT, 256K colors",,,,,DVB-H broadcasting MP3/AAC+ player MP4/H.264 player Photo editor Organizer Voice memo,,WAP 2.0/xHTML,,Yes + downloadable,"Yes, MIDP 2.0",,"SMS, MMS, Email",,"2008, January. Released 2008, January",Discontinued,,,2 MP,,Yes,,Yes,microSDHC (dedicated slot),60MB,"Yes, Photocall",Black,,,,,,,GSM 900 / 1800 / 1900,HSDPA 2100,,,,,HSPA 7.2/0.384 Mbps,GSM / HSPA,,,,,,,Yes,,No,,Yes,,,,,,,,,,,,,,,,,,,,,
ZTE,ZTE F952,,Phone,https://www.gsmarena.com/zte_f952-3105.php,2026-06-03 06:03 UTC,2009. Released 2009,2009.0,Discontinued,108.0,55.5,12.6,100.0,3.2,240.0,400.0,146.0,,,5.0,,1250.0,,,,,,,,,,,,,Removable Li-Ion 1250 mAh battery,,108 x 55.5 x 12.6 mm (4.25 x 2.19 x 0.50 in),Mini-SIM,100 g (3.53 oz),,"2.1, A2DP",,A-GPS only,"Stereo FM radio, RDS",2.0,No,,,"240 x 400 pixels, 5:3 ratio (~146 ppi density)","3.2 inches, 29.1 cm 2 (~48.6% screen-to-body ratio)","TFT resistive touchscreen, 256K colors",,,,,Organizer MP3/WAV/eAAC+ player MP4/H.264 player Voice memo,,WAP 2.0/xHTML,,Yes + downloadable,"Yes, MIDP 2.0",,"SMS, MMS, Email",Accelerometer,2009. Released 2009,Discontinued,,,"5 MP, AF",,Yes,,Yes,microSDHC (dedicated slot),,"Yes, Photocall",Black,,,,,,,GSM 850 / 900 / 1800 / 1900,HSDPA 850 / 2100,,,,,HSPA 3.6/0.384 Mbps,GSM / HSPA,,,,,,,Yes,,No,,Yes,,,,,,,,,,,,,,,,,,,,,
ZTE,ZTE F928,,Phone,https://www.gsmarena.com/zte_f928-3104.php,2026-06-03 06:03 UTC,"2008, September. Released 2008, September",2008.0,Discontinued,103.0,51.5,17.6,100.0,,240.0,320.0,,,,2.0,,900.0,,,,,,,,,,,,,Removable Li-Ion 900 mAh battery,,103 x 51.5 x 17.6 mm (4.06 x 2.03 x 0.69 in),Mini-SIM,100 g (3.53 oz),,"2.1, A2DP",,No,No,2.0,No,,,"240 x 320 pixels, 4:3 ratio",,"TFT, 65K colors",,,,,Organizer MP3/WAV/eAAC+ player MP4/H.264 player Voice memo,,WAP 2.0/xHTML,,Yes + downloadable,"Yes, MIDP 2.0",,"SMS, MMS, Email",,"2008, September. Released 2008, September",Discontinued,,,2 MP,,Yes,,Yes,microSDHC (dedicated slot),,"Yes, Photocall",Black,,,,,,,GSM 900 / 1800 / 1900,HSDPA 2100,,,,,HSPA 3.6/0.384 Mbps,GSM / HSPA,,,,,,,Yes,,No,,Yes,,,,,,,,,,,,,,,,,,,,,
ZTE,ZTE F870,For Vodafone,Phone,https://www.gsmarena.com/zte_f870-3103.php,2026-06-03 06:03 UTC,2009. Released 2009,2009.0,Discontinued,108.0,55.5,12.6,100.0,3.2,240.0,400.0,146.0,,,5.0,,1250.0,,,,,,,,,,,,,Removable Li-Ion 1250 mAh battery,,108 x 55.5 x 12.6 mm (4.25 x 2.19 x 0.50 in),Mini-SIM,100 g (3.53 oz),,"2.1, A2DP",,No,"Stereo FM radio, RDS",2.0,No,,,"240 x 400 pixels, 5:3 ratio (~146 ppi density)","3.2 inches, 29.1 cm 2 (~48.6% screen-to-body ratio)","TFT resistive touchscreen, 65K colors",,,,,MP3/WAV/eAAC+ player MP4/H.264 player Organizer Voice memo Predictive text input,,WAP 2.0/xHTML,,Yes + downloadable,"Yes, MIDP 2.0",,"SMS, MMS, Email",Accelerometer,2009. Released 2009,Discontinued,,,5 MP,,Yes,,Yes,microSDHC (dedicated slot),,"Yes, Photocall","Black, Red, Brown",,,,,HSDPA 900 / 2100,,GSM 850 / 900 / 1800 / 1900,HSDPA 850 / 2100,,,,,HSPA 3.6/0.384 Mbps,GSM / HSPA,,,,,,,Yes,,No,,Yes,,,,,,,,,,,,,,,,,,,,,
ZTE,ZTE F600,,Phone,https://www.gsmarena.com/zte_f600-3102.php,2026-06-03 06:03 UTC,2009. Released 2009,2009.0,Discontinued,103.0,48.0,13.5,90.0,2.4,240.0,320.0,167.0,,,15.0,,800.0,,,,,,,,,,,,,Removable Li-Ion 800 mAh battery,,103 x 48 x 13.5 mm (4.06 x 1.89 x 0.53 in),Mini-SIM,90 g (3.17 oz),,"2.1, A2DP",,No,FM radio,2.0,No,,,"240 x 320 pixels, 4:3 ratio (~167 ppi density)","2.4 inches, 17.8 cm 2 (~36.1% screen-to-body ratio)","TFT, 65K colors",,,,,Organizer Voice memo,,WAP 2.0/xHTML,,Yes + downloadable,"Yes, MIDP 2.0",,"SMS, MMS, Email",,2009. Released 2009,Discontinued,,,3.15 MP,,Yes,,Yes,microSDHC (dedicated slot),,"Yes, Photocall",Black,,,,,,,GSM 850 / 900 / 1800 / 1900,UMTS 850 / 1900 / 2100,,,,,"Yes, 384 kbps",GSM / UMTS,,,,,,,Yes,,No,,Yes,,,,,,,,,,,,,,,,,,,,,
ZTE,ZTE F103,,Phone,https://www.gsmarena.com/zte_f103-3099.php,2026-06-03 06:03 UTC,2009. Released 2009,2009.0,Discontinued,105.0,46.0,12.6,90.0,2.0,176.0,220.0,141.0,,,2.0,,1000.0,,,,,,,,,,,,,Removable Li-Ion 1000 mAh battery,,105 x 46 x 12.6 mm (4.13 x 1.81 x 0.50 in),Mini-SIM,90 g (3.17 oz),,"2.1, A2DP",,No,FM radio,2.0,No,,,176 x 220 pixels (~141 ppi density),"2.0 inches, 12.6 cm 2 (~26.1% screen-to-body ratio)","TFT, 65K colors",,,,,Organizer Voice memo,,WAP 2.0/xHTML,,Yes + downloadable,"Yes, MIDP 2.0",,"SMS, MMS, Email",,2009. Released 2009,Discontinued,,,2 MP,,Yes,,Yes,microSDHC (dedicated slot),,"Yes, Photocall","Black, Silver",,,,,,,GSM 850 / 900 / 1800 / 1900,UMTS 850 / 1900 / 2100,,,,,"Yes, 384 kbps",GSM / UMTS,,,,,,,Yes,,No,,Yes,,,,,,,,,,,,,,,,,,,,,
ZTE,ZTE F101,,Phone,https://www.gsmarena.com/zte_f101-3101.php,2026-06-03 06:03 UTC,2009. Released 2009,2009.0,Discontinued,105.0,46.0,12.6,90.0,2.0,176.0,220.0,141.0,,,2.0,,1000.0,,,,,,,,,,,,,Removable Li-Ion 1000 mAh battery,,105 x 46 x 12.6 mm (4.13 x 1.81 x 0.50 in),Mini-SIM,90 g (3.17 oz),,"2.1, A2DP",,No,FM radio,2.0,No,,,176 x 220 pixels (~141 ppi density),"2.0 inches, 12.6 cm 2 (~26.1% screen-to-body ratio)","TFT, 65K colors",,,,,Organizer Voice memo,,WAP 2.0/xHTML,,Yes + downloadable,"Yes, MIDP 2.0",,"SMS, MMS, Email",,2009. Released 2009,Discontinued,,,2 MP,,Yes,,Yes,microSDHC (dedicated slot),,"Yes, Photocall","White, Red, Green",,,,,,,GSM 850 / 900 / 1800 / 1900,UMTS 850 / 1900 / 2100,,,,,"Yes, 384 kbps",GSM / UMTS,,,,,,,Yes,,No,,Yes,,,,,,,,,,,,,,,,,,,,,
ZTE,ZTE F100,,Phone,https://www.gsmarena.com/zte_f100-3100.php,2026-06-03 06:03 UTC,2009. Released 2009,2009.0,Discontinued,105.0,46.0,12.6,90.0,2.0,176.0,220.0,141.0,,,2.0,,1000.0,,,,,,,,,,,,,Removable Li-Ion 1000 mAh battery,,105 x 46 x 12.6 mm (4.13 x 1.81 x 0.50 in),Mini-SIM,90 g (3.17 oz),,"2.1, A2DP",,No,FM radio,2.0,No,,,176 x 220 pixels (~141 ppi density),"2.0 inches, 12.6 cm 2 (~26.1% screen-to-body ratio)","TFT, 65K colors",,,,,Organizer Voice memo,,WAP 2.0/xHTML,,Yes + downloadable,"Yes, MIDP 2.0",,"SMS, MMS, Email",,2009. Released 2009,Discontinued,,,2 MP,,Yes,,Yes,microSDHC (dedicated slot),,"Yes, Photocall","White, Red, Green",,,,,,,GSM 850 / 900 / 1800 / 1900,UMTS 850 / 1900 / 2100,,,,,"Yes, 384 kbps",GSM / UMTS,,,,,,,Yes,,No,,Yes,,,,,,,,,,,,,,,,,,,,,
ZTE,ZTE Coral200 Sollar,,Phone,https://www.gsmarena.com/zte_coral200_sollar-3213.php,2026-06-03 06:03 UTC,"2007, May. Released 2007",2007.0,Discontinued,106.0,45.6,18.1,85.0,,128.0,128.0,,4MB,,,,690.0,,,1.32,,,,,,,,Up to 180 h,Up to 3 h,Removable Li-Ion 690 mAh battery,,106 x 45.6 x 18.1 mm (4.17 x 1.80 x 0.71 in),Mini-SIM,85 g (3.00 oz),No,No,,No,No,No,No,,,"128 x 128 pixels, 1:1 ratio",,"CSTN, 65K colors",,,,,Calculator Predictive text input,,No,,Yes,No,,SMS,,"2007, May. Released 2007",Discontinued,,,,,,,"10 dialed, 10 received, 10 missed calls",No,4MB,300 entries,Black,,,,1.32 W/kg (head),GSM 850 / 1900,,GSM 900 / 1800,,,,No,No,,GSM,,,,,,,,,No,,No,,,,,,,,,,,,,,,,,,,,,
ZTE,ZTE Blade V20,Unofficial preliminary specifications,Phone,https://www.gsmarena.com/zte_blade_v20-9913.php,2026-06-03 06:03 UTC,Not announced yet,,Cancelled,,,,,6.1,720.0,1560.0,282.0,64GB,4GB,16.0,5.0,5000.0,,,,,,,,,,18W wired,,,"Li-Po 5000 mAh, non-removable",,-,Nano-SIM + Nano-SIM,-,,"4.2, A2DP, LE",No,"GPS, GLONASS",FM radio,USB Type-C,"Wi-Fi 802.11 b/g/n/ac, Wi-Fi Direct",,,"720 x 1560 pixels, 19.5:9 ratio (~282 ppi density)","6.1 inches, 91.3 cm 2",IPS LCD,,,,,,,,,,,,,"Fingerprint (rear-mounted), accelerometer, proximity, compass",Not announced yet,Cancelled,,"LED flash, HDR, panorama",,"16 MP, PDAF 8 MP, (ultrawide) Auxiliary lens",1080p@30fps,,,microSDXC,64GB 4GB RAM,,"Black, Blue",V1050,,,,,,GSM 850 / 900 / 1800 / 1900,HSDPA 850 / 900 / 1900 / 2100,LTE,,,,"HSPA, LTE",GSM / HSPA / LTE,,Octa-core 2.0 GHz,,,"Android 9.0 (Pie), MiFavor 9.0",,5 MP,,Yes,,Yes,,,,,,,,,,,,,LED flash,,,,,,,,
ZTE,ZTE nubia X 5G,Unofficial preliminary specifications,Phone,https://www.gsmarena.com/zte_nubia_x_5g-9755.php,2026-06-03 06:03 UTC,Not announced yet,,Cancelled,,,,,6.26,1080.0,2280.0,403.0,128GB | 256GB | 512GB | 64GB,6GB | 8GB,16.0,,3800.0,,,,,,,,,,"18W wired, QC4",,,"Li-Po 3800 mAh, non-removable",,-,Nano-SIM + Nano-SIM,-,,"5.0, A2DP, LE",No,"GPS, GLONASS, BDS",No,"USB Type-C, OTG","Wi-Fi 802.11 b/g/n/ac, dual-band, Wi-Fi Direct, DLNA","Secondary display (on the back): OLED, 5.1 inches, 720 x 1520 pixels, Corning Gorilla Glass 3",Corning Gorilla Glass 3,"1080 x 2280 pixels, 19:9 ratio (~403 ppi density)","6.26 inches, 97.8 cm 2",IPS LCD,,,,,,,,,,,,,"Dual fingerprint (side-mounted), accelerometer, gyro, proximity, compass",Not announced yet,Cancelled,"16 MP, f/1.8, PDAF 24 MP, f/1.7, PDAF","Dual-LED dual-tone flash, HDR, panorama",,,"4K@30fps, 1080p@30fps",,,No,"64GB 6GB RAM, 128GB 8GB RAM, 256GB 8GB RAM, 512GB 8GB RAM",,"Blue Gold, Sea Blue, Black Gold, Deep Gray, Starry Night (512 GB only)",,,,,CDMA 800 & TD-SCDMA,CDMA2000 1xEV-DO,GSM 850 / 900 / 1800 / 1900,HSDPA 850 / 900 / 1900 / 2100,"1, 3, 4, 5, 7, 8, 20, 34, 38, 39, 40, 41",NSA/Sub6,,,"HSPA 42.2/5.76 Mbps, LTE (6CA) Cat18 1200/150 Mbps, 5G (2+ Gbps DL)",GSM / CDMA / HSPA / EVDO / LTE / 5G,,Octa-core (1x2.84 GHz Kryo 485 & 3x2.42 GHz Kryo 485 & 4x1.78 GHz Kryo 485),Qualcomm SM8150 Snapdragon 855 (7 nm),Adreno 640,Android 9.0 (Pie),,,"4K@30fps, 1080p@30fps",No,,Yes,,,,,,32-bit/384kHz audio,"Glass front (Gorilla Glass 3), glass back, aluminum frame",,,,,Uses main cameras,"Dual-LED dual-tone flash, HDR, panorama",,,,,,,,
Huawei,Huawei nova 16 Ultra,,Phone,https://www.gsmarena.com/huawei_nova_16_ultra_5g-14698.php,2026-06-03 06:04 UTC,"2026, June 01",2026.0,"Coming soon. Exp. release 2026, June 06",163.0,78.0,7.1,220.0,6.84,1320.0,2856.0,460.0,1TB | 256GB | 512GB,12GB,200.0,50.0,7000.0,,,,,,,,,About 600 EUR,"100W wired, SCP, UFCS, PD, PPS, QC 50W wireless 7.5W reverse wireless 5W reverse wired",,,7000 mAh,IP68/IP69 dust tight and water resistant (high pressure water jets; immersible up to 2m for 30 min),163 x 78 x 7.1 mm (6.42 x 3.07 x 0.28 in),Nano-SIM + Nano-SIM,220 g (7.76 oz),,"6.0, A2DP, LE, L2HC (320-960 kbps HD audio)",Yes,"GPS (L1+L5), BDS (B1I+B1c+B2a), GALILEO (E1+E5a), QZSS (L1+L5), NavIC, GLONASS",No,"USB Type-C 2.0, OTG","Wi-Fi 802.11 a/b/g/n/ac/6/7, dual-band, Wi-Fi Direct",,Kunlun Glass,"1320 x 2856 pixels, 19.5:9 ratio (~460 ppi density)","6.84 inches, 115.0 cm 2 (~90.4% screen-to-body ratio)","LTPO OLED, 1B colors, HDR Vivid, 120Hz, 2160Hz PWM, 6000 nits (peak)",,,,,Virtual proximity sensing BDS Satellite Calling and Messaging - China only,,,,,,,,"Fingerprint (under display, optical), accelerometer, gyro, compass","2026, June 01","Coming soon. Exp. release 2026, June 06",,"Laser AF, color spectrum sensor, LED flash, panorama, HDR",,"200 MP, f/1.8, 23mm (wide), 1/1.28"", PDAF, OIS 50 MP, f/2.2, 88mm (periscope telephoto), PDAF, OIS, 3.7x optical zoom 50 MP, f/2.2, 13mm, 118˚ (ultrawide), AF","4K, 1080p, gyro-EIS, HDR Vivid",,,No,"256GB 12GB RAM, 512GB 12GB RAM, 1TB 12GB RAM",,"Black, White, Blue",HIP-AL00,About 600 EUR,,,,,GSM 850 / 900 / 1800 / 1900,HSDPA 800 / 850 / 900 / 1700(AWS) / 1900 / 2100,LTE,SA/NSA,,,"HSPA, LTE, 5G",GSM / HSPA / LTE / 5G,,,Kirin 9010S,,HarmonyOS 6.1,,"50 MP, f/2.0, (ultrawide), 1/2.5"", Dual Pixel PDAF","4K, 1080p, gyro-EIS, HDR Vivid",No,,"Yes, with stereo speakers",,,Yes,,,,"Glass front (Kunlun Glass), aluminum frame, glass back + silicone polymer back (eco leather)",,,,,,"HDR, panorama",,,,,,,,
Huawei,Huawei nova 16 Pro,,Phone,https://www.gsmarena.com/huawei_nova_16_pro_5g-14699.php,2026-06-03 06:04 UTC,"2026, June 01",2026.0,"Coming soon. Exp. release 2026, June 06",163.0,78.0,7.1,218.0,6.84,1320.0,2856.0,460.0,1TB | 256GB | 512GB,12GB,200.0,50.0,7000.0,,,,,,,,,About 500 EUR,"100W wired, SCP, UFCS, PD, PPS, QC 5W reverse wired",,,7000 mAh,IP65 dust tight and water resistant (low pressure water jets),163 x 78 x 7.1 mm (6.42 x 3.07 x 0.28 in),Nano-SIM + Nano-SIM,218 g (7.69 oz),,"6.0, A2DP, LE, L2HC (320-960 kbps HD audio)",Yes,"GPS (L1+L5), BDS (B1I+B1c+B2a), GALILEO (E1+E5a), QZSS (L1+L5), NavIC, GLONASS",No,"USB Type-C 2.0, OTG","Wi-Fi 802.11 a/b/g/n/ac/6/7, dual-band, Wi-Fi Direct",,Kunlun Glass,"1320 x 2856 pixels, 19.5:9 ratio (~460 ppi density)","6.84 inches, 115.0 cm 2 (~90.4% screen-to-body ratio)","LTPO OLED, 1B colors, HDR Vivid, 120Hz, 2160Hz PWM, 6000 nits (peak)",,,,,Virtual proximity sensing BDS Satellite Calling and Messaging - China only,,,,,,,,"Fingerprint (under display, optical), accelerometer, gyro, compass","2026, June 01","Coming soon. Exp. release 2026, June 06",,"Laser AF, color spectrum sensor, LED flash, panorama, HDR",,"200 MP, f/1.8, 23mm (wide), 1/1.28"", PDAF, OIS 50 MP, f/2.6, 88mm (periscope telephoto), PDAF, OIS, 3.7x optical zoom 50 MP, f/2.2, 13mm, 118˚ (ultrawide), AF","4K, 1080p, gyro-EIS, HDR Vivid",,,No,"256GB 12GB RAM, 512GB 12GB RAM, 1TB 12GB RAM",,"Black, White, Blue/Pink, Blue",CRS-AL00,About 500 EUR,,,,,GSM 850 / 900 / 1800 / 1900,HSDPA 800 / 850 / 900 / 1700(AWS) / 1900 / 2100,LTE,SA/NSA,,,"HSPA, LTE, 5G",GSM / HSPA / LTE / 5G,,,Kirin 9010S,,HarmonyOS 6.0,,"50 MP, f/2.4, (ultrawide), 1/2.5"", Dual Pixel PDAF","4K, 1080p, gyro-EIS, HDR Vivid",No,,"Yes, with stereo speakers",,,Yes,,,,"Glass front, aluminum frame, glass back",,,,,,"HDR, panorama",,,,,,,,
Huawei,Huawei nova 16,,Phone,https://www.gsmarena.com/huawei_nova_16_5g-14700.php,2026-06-03 06:04 UTC,"2026, June 01",2026.0,"Coming soon. Exp. release 2026, June 06",159.6,75.5,7.3,199.0,6.68,1280.0,2800.0,461.0,256GB | 512GB,12GB,50.0,50.0,7000.0,,,,,,,,,About 380 EUR,"100W wired, SCP, UFCS, PD, PPS, QC 5W reverse wired",,,7000 mAh,IP65 dust tight and water resistant (low pressure water jets),159.6 x 75.5 x 7.3 mm (6.28 x 2.97 x 0.29 in),Nano-SIM + Nano-SIM,199 g (7.02 oz),,"6.0, A2DP, LE, L2HC (320-960 kbps HD audio)",Yes,"GPS (L1+L5), BDS (B1I+B1c+B2a), GALILEO (E1+E5a), QZSS (L1+L5), NavIC, GLONASS",No,"USB Type-C 2.0, OTG","Wi-Fi 802.11 a/b/g/n/ac/6/7, dual-band, Wi-Fi Direct",,Aluminosilicate glass,"1280 x 2800 pixels, 19.5:9 ratio (~461 ppi density)","6.68 inches, 108.9 cm 2 (~90.3% screen-to-body ratio)","OLED, 1B colors, HDR Vivid, 120Hz, 2160Hz PWM",,,,,Virtual proximity sensing BDS Satellite Calling and Messaging - China only,,,,,,,,"Fingerprint (side-mounted), accelerometer, gyro, compass","2026, June 01","Coming soon. Exp. release 2026, June 06","50 MP, f/1.9, 23mm (wide), 1/1.56"", Dual Pixel PDAF 50 MP, f/2.6, 88mm (periscope telephoto), PDAF, OIS, 3.7x optical zoom","Color spectrum sensor, LED flash, panorama, HDR",,,"4K, 1080p, gyro-EIS, HDR Vivid",,,No,"256GB 12GB RAM, 512GB 12GB RAM",,"Black, White, Blue/Pink, Blue",EMA-AL00U,About 380 EUR,,,,,GSM 850 / 900 / 1800 / 1900,HSDPA 800 / 850 / 900 / 1700(AWS) / 1900 / 2100,LTE,SA/NSA,,,"HSPA, LTE, 5G",GSM / HSPA / LTE / 5G,,,Kirin 9010S,,HarmonyOS 6.1,,"50 MP, f/2.4, (ultrawide), 1/2.5""","4K, 1080p, gyro-EIS, HDR Vivid",No,,"Yes, with stereo speakers",,,Yes,,,,"Glass front, plastic frame, aluminum back",,,,,,"HDR, panorama",,,,,,,,
Huawei,Huawei nova 16z,,Phone,https://www.gsmarena.com/huawei_nova_16z_5g-14701.php,2026-06-03 06:04 UTC,"2026, June 01",2026.0,"Coming soon. Exp. release 2026, June 06",161.8,75.5,7.2,196.5,6.7,1084.0,2412.0,395.0,256GB | 512GB,12GB,50.0,50.0,6000.0,,,,,,,,,About 340 EUR,"100W wired, SCP, UFCS, PD, PPS, QC 5W reverse wired",,,Si/C Li-Ion 6000 mAh,IP65 dust tight and water resistant (low pressure water jets),161.8 x 75.5 x 7.2 mm (6.37 x 2.97 x 0.28 in),Nano-SIM + Nano-SIM,196.5 g (6.95 oz),,"6.0, A2DP, LE, L2HC (320-960 kbps HD audio)",Yes,"GPS (L1+L5), BDS (B1I+B1c+B2a), GALILEO (E1+E5a), QZSS (L1+L5), GLONASS, NavIC",No,"USB Type-C 2.0, OTG","Wi-Fi 802.11 a/b/g/n/ac/6/7, dual-band, Wi-Fi Direct",,Aluminosilicate glass,"1084 x 2412 pixels, 20:9 ratio (~395 ppi density)","6.7 inches, 108.3 cm 2 (~88.6% screen-to-body ratio)","OLED, 1B colors, HDR Vivid, 120Hz, 2160Hz PWM",,,,,Virtual proximity sensing BDS Satellite Calling and Messaging - China only,,,,,,,,"Fingerprint (side-mounted), accelerometer, gyro, compass","2026, June 01","Coming soon. Exp. release 2026, June 06","50 MP, f/1.9, 23mm (wide), 1/1.56"", Dual Pixel PDAF 12 MP, f/2.4, 69mm (telephoto), PDAF, OIS, 3x optical zoom","Color spectrum sensor, LED flash, panorama, HDR",,,"4K, 1080p, gyro-EIS, HDR Vivid",,,No,"256GB 12GB RAM, 512GB 12GB RAM",,"Black, White, Blue/Pink",PKN-AL00,About 340 EUR,,,,,GSM 850 / 900 / 1800 / 1900,HSDPA 800 / 850 / 900 / 1700(AWS) / 1900 / 2100,LTE,SA/NSA,,,"HSPA, LTE, 5G",GSM / HSPA / LTE / 5G,,,Kirin 8020,,HarmonyOS 6.1,,"50 MP, f/2.4, (ultrawide), 1/2.5""","4K, 1080p, gyro-EIS, HDR Vivid",No,,"Yes, with stereo speakers",,,Yes,,,,"Glass front, plastic frame",,,,,,"HDR, panorama",,,,,,,,
Huawei,Huawei nova Y74,,Phone,https://www.gsmarena.com/huawei_nova_y74-14703.php,2026-06-03 06:04 UTC,"2026, May",2026.0,"Available. Released 2026, May",166.1,76.6,8.3,210.0,6.67,720.0,1604.0,264.0,128GB | 256GB,8GB,50.0,8.0,6620.0,,,,,,,,,,"40W wired, 53% in 30 min 5W reverse wired",,,Si/C Li-Ion 6620 mAh,Drop resistant up to 1.8m,166.1 x 76.6 x 8.3 mm (6.54 x 3.02 x 0.33 in),Nano-SIM + Nano-SIM,210 g (7.41 oz),,"5.1, A2DP",Yes (market/region dependent),"GPS, GALILEO, GLONASS, BDS, QZSS",No,"USB Type-C 2.0, OTG",Wi-Fi 802.11 b/g/n,,,"720 x 1604 pixels, 20:9 ratio (~264 ppi density)","6.67 inches, 107.2 cm 2 (~84.3% screen-to-body ratio)","IPS LCD, 90Hz, 850 nits (peak)",,,,,,,,,,,,,"Fingerprint (side-mounted), accelerometer, proximity, compass","2026, May","Available. Released 2026, May",,"LED flash, HDR, panorama","50 MP, f/1.8, (wide), PDAF",,1080p@30fps,,,No,"128GB 8GB RAM, 256GB 8GB RAM",,"Black, Blue",MGA-LX3,,,,,,GSM 850 / 900 / 1800 / 1900,HSDPA 850 / 900 / 1700(AWS) / 1900 / 2100,"1, 2, 3, 4, 5, 7, 8, 13, 18, 19, 20, 26, 28, 34, 38, 39, 40, 41, 66",,,,"HSPA, LTE",GSM / HSPA / LTE,,,,,EMUI 12,,"8 MP, f/2.0, (wide)",1080p@30fps,No,,Yes,,,,,,,"Glass front, plastic frame, plastic back",,,,,,,,,,,,,,
Motorola,Motorola Edge (2026),Also known as Motorola Edge (gen 7),Phone,https://www.gsmarena.com/motorola_edge_5g_(2026)-14705.php,2026-06-03 06:04 UTC,"2026, June 02",2026.0,"Coming soon. Exp. release 2026, June 11",,,,,6.3,1220.0,2712.0,472.0,128GB,8GB,50.0,50.0,5500.0,,,,,,,,,About 520 EUR,60W wired 15W wireless,,,5500 mAh,IP68/IP69 dust tight and water resistant (high pressure water jets; immersible up to 1.5m for 30 min) MIL-STD-810H compliant* * does not guarantee ruggedness or use in extreme conditions,-,Nano-SIM + eSIM,-,,Yes,Yes,"GPS, GLONASS, GALILEO, BDS, NavIC",No,"USB Type-C, OTG",Yes,* Display resolution is not officially revealed,Corning Gorilla Glass 7i,"1220 x 2712 pixels*, 20:9 ratio (~472 ppi density)","6.3 inches, 95.8 cm 2 (~81.3% screen-to-body ratio)","AMOLED, 1B colors, 120Hz, HDR, 5200 nits (peak)",,,,,Smart Connect support,,,,,,,,"Fingerprint (under display, optical), accelerometer, gyro, proximity, compass, barometer","2026, June 02","Coming soon. Exp. release 2026, June 11",,"LED flash, HDR, panorama",,"50 MP, f/1.8, 24mm (wide), 1/1.56"", 1.0µm, multi-directional PDAF, OIS 10 MP, f2.0, 73mm (telephoto), 1/3.94"", 1.0µm, PDAF, 3x optical zoom, OIS 50 MP, f/2.0, 12mm, 122˚ (ultrawide), 0.64µm, PDAF","4K@30fps, 1080p@30/60/120fps, gyro-EIS",UFS,,No,128GB 8GB RAM,,Pantone: Martini Olive,,About 520 EUR,,,,,GSM 850 / 900 / 1800 / 1900,HSDPA 850 / 900 / 1700(AWS) / 1900 / 2100,LTE,SA/NSA/Sub6,,,"HSPA, LTE, 5G",GSM / HSPA / LTE / 5G,,Octa-core (4x2.6 GHz Cortex-A78 & 4x2.0 GHz Cortex-A55),Mediatek Dimensity 7450 (4 nm),Mali-G615 MC2,Android 16,,"50 MP, f/1.9, (wide), 0.64µm, PDAF","4K@30fps, 1080p@30fps",No,,"Yes, with stereo speakers (with Dolby Atmos)",,,,,,24-bit/192kHz Hi-Res audio,,,,,,,HDR,,,,,,,,
Motorola,Motorola Edge 70 Pro+,"Also known as Motorola Edge 70 Pro + 5G, Motorola Edge 70 Pro Plus 5G",Phone,https://www.gsmarena.com/motorola_edge_70_pro+_5g-14702.php,2026-06-03 06:04 UTC,"2026, June 01",2026.0,"Coming soon. Exp. release 2026, June",162.7,75.6,7.2,190.0,6.78,1272.0,2772.0,450.0,256GB,12GB,50.0,50.0,6500.0,,,,,,,,,About 440 EUR,"90W wired, PD3.0 15W wireless 10W reverse wireless 5W reverse wired",,,Si/C Li-Ion 6500 mAh,IP68/IP69 dust tight and water resistant (high pressure water jets; immersible up to 1.5m for 30 min) MIL-STD-810H compliant* * does not guarantee ruggedness or use in extreme conditions,162.7 x 75.6 x 7.2 mm (6.41 x 2.98 x 0.28 in),Nano-SIM + Nano-SIM,190 g (6.70 oz),,"5.4, A2DP, LE",Yes,"GPS, GLONASS, GALILEO",No,"USB Type-C 2.0, OTG","Wi-Fi 802.11 a/b/g/n/ac/6e/7, tri-band, Wi-Fi Direct",,Corning Gorilla Glass 7i,"1272 x 2772 pixels, 19.5:9 ratio (~450 ppi density)","6.78 inches, 112.4 cm 2 (~91.4% screen-to-body ratio)","AMOLED, 1B colors, 144Hz, PWM, HDR10+, 1800 (HBM), 5200 nits (peak)",,,,,Smart Connect support,,,,,,,,"Fingerprint (under display, optical), accelerometer, gyro, proximity, compass","2026, June 01","Coming soon. Exp. release 2026, June",,"LED flash, HDR, panorama, Pantone Validated Colour and Skin Tones",,"50 MP, f/1.8, 24mm (wide), 1/1.56"", 1.0µm, multi-directional PDAF, OIS 50 MP, f/2.5, 81mm (periscope telephoto), 1/2.76"", 0.64µm, PDAF, OIS, 3.5x optical zoom 50 MP, f/2.0, 12mm, 122˚ (ultrawide), 1/2.76"", 0.64µm, PDAF","4K@30/60/120fps, 1080p@30/60/120/240fps, gyro-EIS, HDR10+",UFS 4.1,,No,256GB 12GB RAM,,"Pantone: Stormy Sea (Green), Zinfandel (Red), Chicory Coffee (Wood)",,About 440 EUR,,,,,GSM 850 / 900 / 1800 / 1900,HSDPA 850 / 900 / 1700(AWS) / 1900 / 2100,"1, 2, 3, 4, 5, 8, 12, 17, 18, 19, 20, 25, 26, 28, 34, 38, 40, 41, 42, 48, 66","1, 2, 3, 5, 8, 12, 20, 25, 26, 28, 38, 40, 41, 66, 48, 77, 78 SA/NSA/Sub6",,,"HSPA, LTE, 5G",GSM / HSPA / LTE / 5G,,Octa-core (1x3.4 GHz Cortex-A725 & 3x3.2 GHz Cortex-A725 & 4x2.2 GHz Cortex-A725),Mediatek Dimensity 8500 Extreme (4 nm),Mali-G720 MC8,"Android 16, up to 3 major Android upgrades",,"50 MP, f/1.9, (wide), 1/2.76"", 0.64µm, AF","4K@30fps, 1080p@30/120fps",No,,"Yes, with stereo speakers (with Dolby Atmos)",,,,,,24-bit/192kHz Hi-Res & Hi-Res Wireless audio,"Glass front (Gorilla Glass 7i), plastic frame, silicone polymer (eco leather) back",,,,,,HDR,,,,,,,,
Wiko,Wiko X70,,Phone,https://www.gsmarena.com/wiko_x70_5g-14704.php,2026-06-03 06:04 UTC,"2025, October",2025.0,"Available. Released 2025, October",161.4,74.8,7.6,182.0,6.7,1080.0,2412.0,394.0,256GB | 512GB,12GB | 8GB,50.0,32.0,6100.0,,,,,,,,,,40W wired 5W reverse wired,,,Si/C Li-Ion 6100 mAh,,161.4 x 74.8 x 7.6 mm (6.35 x 2.94 x 0.30 in),Nano-SIM + Nano-SIM,182 g (6.42 oz),,"5.2, A2DP, LE",No,"GPS, GLONASS, GALILEO, BDS, QZSS",No,"USB Type-C 2.0, OTG","Wi-Fi 802.11 a/b/g/n/ac/6, dual-band, Wi-Fi Direct",,Kunlun Glass,"1080 x 2412 pixels, 20:9 ratio (~394 ppi density)","6.7 inches, 108.0 cm 2 (~89.5% screen-to-body ratio)","AMOLED, 120Hz, 2160Hz PWM, 1300 nits (peak)",,,,,Virtual proximity sensing BDS Satellite Calling and Messaging - China only,,,,,,,,"Fingerprint (side-mounted), accelerometer, compass","2025, October","Available. Released 2025, October",,"LED flash, HDR, panorama","50 MP, (wide), 1/1.56"", dual-pixel PDAF",,1080p@30fps,,,No,"256GB 8GB RAM, 512GB 12GB RAM",,"Gleam Black, Vein White, Impress Green",,,,,,,GSM 850 / 900 / 1800 / 1900,HSDPA 850 / 900 / 1900 / 2100,LTE,SA/NSA,,,"HSPA, LTE, 5G",GSM / HSPA / LTE / 5G,,,,,HarmonyOS-based,,"32 MP, (wide)",1080p@30fps,No,,Yes,,,Yes,,,,,,,,,,,,,,,,,,
Tecno,Tecno Camon 20 Pro,,Phone,https://www.gsmarena.com/tecno_camon_20_pro-12254.php,2026-06-03 06:03 UTC,"2023, May 09",2023.0,"Available. Released 2023, May 09",163.4,76.7,7.8,,6.67,1080.0,2400.0,395.0,256GB,8GB,64.0,32.0,5000.0,,,,,,,,,,33W wired,,,5000 mAh,,163.4 x 76.7 x 7.8 mm (6.43 x 3.02 x 0.31 in),Nano-SIM + Nano-SIM,-,,Yes,Yes,GPS,FM radio,"USB Type-C 2.0, OTG",Yes,,,"1080 x 2400 pixels, 20:9 ratio (~395 ppi density)","6.67 inches, 107.4 cm 2 (~85.7% screen-to-body ratio)","AMOLED, 120Hz",,,,,,,,,,,,,"Fingerprint (under display, optical), accelerometer, proximity, compass","2023, May 09","Available. Released 2023, May 09",,"Ring-LED flash, panorama, HDR",,"64 MP, f/1.7, 25mm (wide), 1/1.7"", 0.8µm, PDAF Auxiliary lenses",1080p@30fps,,,Unspecified,256GB 8GB RAM,,"Predawn Black, Serenity Blue",CK7n,,,,,,GSM 850 / 900 / 1800 / 1900,HSDPA 850 / 900 / 2100,LTE,,,,"HSPA, LTE",GSM / HSPA / LTE,,Octa-core (2x2.2 GHz Cortex-A76 & 6x2.0 GHz Cortex-A55),Mediatek Helio G99 (6 nm),Mali-G57 MC2,"Android 13, HIOS 13",,"32 MP, f/2.5, 24mm (wide), 1/2.8"", 0.8µm",1080p@30fps,Yes,,"Yes, with stereo speakers",,,,,,24-bit/192kHz Hi-Res audio,,,,,,,Dual-LED flash,,,,,,,,
Tecno,Tecno Camon 20,,Phone,https://www.gsmarena.com/tecno_camon_20-12253.php,2026-06-03 06:03 UTC,"2023, May 09",2023.0,"Available. Released 2023, May 09",163.4,76.7,7.8,,6.67,1080.0,2400.0,395.0,256GB,8GB,64.0,32.0,5000.0,,,,,,,,,,33W wired,,,5000 mAh,IP53 dust protected and water resistant (vertical water sprays),163.4 x 76.7 x 7.8 mm (6.43 x 3.02 x 0.31 in),Nano-SIM + Nano-SIM,-,,Yes,No,GPS,FM radio,"USB Type-C 2.0, OTG",Yes,,,"1080 x 2400 pixels, 20:9 ratio (~395 ppi density)","6.67 inches, 107.4 cm 2 (~85.7% screen-to-body ratio)",AMOLED,,,,,,,,,,,,,"Fingerprint (under display, optical), accelerometer, proximity, compass","2023, May 09","Available. Released 2023, May 09",,"Ring-LED flash, panorama, HDR",,"64 MP, f/1.7, 25mm (wide), 1/1.7"", 0.8µm, PDAF Auxiliary lenses",1080p@30fps,,,Unspecified,256GB 8GB RAM,,"Predawn Black, Glacier Glow, Serenity Blue","CK6, CK6n",,,,,,GSM 850 / 900 / 1800 / 1900,HSDPA 850 / 900 / 2100,LTE,,,,"HSPA, LTE",GSM / HSPA / LTE,,Octa-core (2x2.0 GHz Cortex-A75 & 6x1.8 GHz Cortex-A55),Mediatek MT6769Z Helio G85 (12 nm),Mali-G52 MC2,"Android 13, HIOS 13",,"32 MP, f/2.5, 24mm (wide), 1/2.8"", 0.8µm",1080p@30fps,Yes,,"Yes, with stereo speakers",,,,,,,,,,,,,Dual-LED flash,,,,,,,,
Tecno,Tecno Pop 7,,Phone,https://www.gsmarena.com/tecno_pop_7-12202.php,2026-06-03 06:03 UTC,"2023, March 28",2023.0,"Available. Released 2023, April",163.9,75.5,8.9,,6.6,720.0,1612.0,267.0,64GB,2GB,8.0,5.0,5000.0,,,,,,,,,,10W wired,,,5000 mAh,,163.9 x 75.5 x 8.9 mm (6.45 x 2.97 x 0.35 in),Nano-SIM + Nano-SIM,-,,Yes,No,GPS,FM radio,Yes,Yes,,,"720 x 1612 pixels, 20:9 ratio (~267 ppi density)","6.6 inches, 104.6 cm 2 (~84.6% screen-to-body ratio)",IPS LCD,,,,,,,,,,,,,"Fingerprint (rear-mounted), accelerometer, proximity","2023, March 28","Available. Released 2023, April",,Dual-LED flas,"8 MP, f/2.0, (wide), AF Auxiliary lens",,1080p@30fps,eMMC 5.1,,microSDXC,64GB 2GB RAM,,"Endless Black, Capri Blue",BF6,,,,,,GSM 850 / 900 / 1800 / 1900,HSDPA 900 / 2100,LTE,,,,"HSPA, LTE",GSM / HSPA / LTE,,,,,Android 12 (Go edition),,5 MP,Yes,Yes,,Yes,,,,,,,"Glass front, plastic back, plastic frame",,,,,,Dual-LED flash,,,,,,,,
Tecno,Tecno Spark 10 5G,,Phone,https://www.gsmarena.com/tecno_spark_10_5g-12179.php,2026-06-03 06:03 UTC,"2023, March 23",2023.0,"Available. Released 2023, April 07",164.4,75.5,8.4,,6.6,720.0,1612.0,267.0,128GB | 256GB | 64GB,4GB | 8GB,50.0,8.0,5000.0,,,,,,,,,About 200 EUR,18W wired,,,5000 mAh,,164.4 x 75.5 x 8.4 mm (6.47 x 2.97 x 0.33 in),Nano-SIM + Nano-SIM,-,,Yes,No,GPS,FM radio,"USB Type-C 2.0, OTG",Yes,,,"720 x 1612 pixels, 20:9 ratio (~267 ppi density)","6.6 inches, 104.6 cm 2 (~84.3% screen-to-body ratio)","IPS LCD, 90Hz",,,,,,,,,,,,,"Fingerprint (side-mounted), accelerometer, proximity","2023, March 23","Available. Released 2023, April 07",,Dual-LED flash,"50 MP, f/1.6, (wide), PDAF Auxiliary lens",,1080p@30fps,,,microSDXC,"64GB 4GB RAM, 128GB 8GB RAM, 256GB 8GB RAM",,"Black, Blue, White",KI8,About 200 EUR,,,,,GSM 850 / 900 / 1800 / 1900,HSDPA 850 / 900 / 2100,LTE,SA/NSA,,,"HSPA, LTE, 5G",GSM / HSPA / LTE / 5G,,Octa-core (2x2.2 GHz Cortex-A76 & 6x2.0 GHz Cortex-A55),Mediatek Dimensity 6020 (7 nm),Mali-G57 MC2,"Android 13, HIOS 12.6",,"8 MP, f/2.0, (wide)",1080p@30fps,Yes,,Yes,,,,,,,"Glass front, plastic frame, plastic back",,,,,,Dual-LED flash,,,,,,,,
Tecno,Tecno Spark 10C,,Phone,https://www.gsmarena.com/tecno_spark_10c-12199.php,2026-06-03 06:03 UTC,"2023, March 23",2023.0,"Available. Released 2023, March 29",163.9,75.5,8.5,,6.6,720.0,1612.0,267.0,128GB | 64GB,4GB | 8GB,16.0,8.0,5000.0,,,,,,,,,About 120 EUR,18W wired,,,5000 mAh,,163.9 x 75.5 x 8.5 mm (6.45 x 2.97 x 0.33 in),Nano-SIM + Nano-SIM,-,,Yes,No,GPS,FM radio,USB Type-C 2.0,"Wi-Fi 802.11 a/b/g/n/ac, dual-band",,,"720 x 1612 pixels, 20:9 ratio (~267 ppi density)","6.6 inches, 104.6 cm 2 (~84.6% screen-to-body ratio)","IPS LCD, 90Hz",,,,,,,,,,,,,"Fingerprint (side-mounted), accelerometer, proximity, compass","2023, March 23","Available. Released 2023, March 29",,"Dual-LED flash, HDR, panorama","16 MP, (wide), PDAF Auxiliary lens",,1080p@30fps,,,microSDXC (dedicated slot),"64GB 4GB RAM, 128GB 4GB RAM, 128GB 8GB RAM",,"Black, Blue, Green","KI5k, KI5m",About 120 EUR,,,,,GSM 850 / 900 / 1800 / 1900,HSDPA 850 / 900 / 2100,LTE,,,,"HSPA, LTE",GSM / HSPA / LTE,,Octa-core (2x1.6 GHz Cortex-A75 & 6x1.6 GHz Cortex-A55),Unisoc T606 (12 nm),Mali-G57 MP1,"Android 12, HIOS 8.6",,"8 MP, (wide)",1080p@30fps,Yes,,Yes,,,,,,,"Glass front, plastic frame, plastic back",,,,,,Dual-LED flash,,,,,,,,
Tecno,Tecno Spark 10,,Phone,https://www.gsmarena.com/tecno_spark_10-12178.php,2026-06-03 06:03 UTC,"2023, March 23",2023.0,"Available. Released 2023, April",163.9,75.4,8.4,,6.6,720.0,1612.0,267.0,128GB | 64GB,4GB | 8GB,50.0,8.0,5000.0,,,,,,,,,About 150 EUR,18W wired,,,5000 mAh,,163.9 x 75.4 x 8.4 mm (6.45 x 2.97 x 0.33 in),Nano-SIM + Nano-SIM,-,,Yes,Yes,GPS,FM radio,USB Type-C 2.0,"Wi-Fi 802.11 a/b/g/n/ac, dual-band",,,"720 x 1612 pixels, 20:9 ratio (~267 ppi density)","6.6 inches, 104.6 cm 2 (~84.7% screen-to-body ratio)","IPS LCD, 90Hz",,,,,,,,,,,,,"Fingerprint (side-mounted), accelerometer, proximity, compass","2023, March 23","Available. Released 2023, April",,"Dual-LED flash, HDR, panorama","50 MP, (wide), 0.7µm, PDAF Auxiliary lens",,1080p@30fps,,,microSDXC,"64GB 4GB RAM, 128GB 4GB RAM, 128GB 8GB RAM",,"Black, Blue, White, Skin Orange",KI5q,About 150 EUR,,,,,GSM 850 / 900 / 1800 / 1900,HSDPA 850 / 900 / 2100,LTE,,,,"HSPA, LTE",GSM / HSPA / LTE,,Octa-core (4x2.3 GHz Cortex-A53 & 4x1.7 GHz Cortex-A53),Mediatek MT6765 Helio G37 (12 nm),PowerVR GE8320,"Android 13, HIOS 12",,"8 MP, (wide)",1080p@30fps,Yes,,Yes,,,,,,,"Glass front, plastic frame, plastic back",,,,,,Dual-LED flash,,,,,,,,
Tecno,Tecno Spark 10 Pro,,Phone,https://www.gsmarena.com/tecno_spark_10_pro-12156.php,2026-06-03 06:03 UTC,"2023, March 06",2023.0,"Available. Released 2023, March 22",168.4,76.2,8.4,208.0,6.8,1080.0,2460.0,396.0,128GB | 256GB,4GB | 8GB,50.0,32.0,5000.0,,,,,,,139.95,,£ 139.95,18W wired,,,5000 mAh,,168.4 x 76.2 x 8.4 mm (6.63 x 3.00 x 0.33 in),Nano-SIM + Nano-SIM,208 g (7.34 oz),,"5.3, A2DP, LE",Yes,GPS,FM radio,"USB Type-C 2.0, OTG",Wi-Fi 802.11 b/g/n,,,1080 x 2460 pixels (~396 ppi density),"6.8 inches, 109.3 cm 2 (~85.1% screen-to-body ratio)","IPS LCD, 90Hz",,,,,,,,,,,,,"Fingerprint (side-mounted), accelerometer, proximity, compass","2023, March 06","Available. Released 2023, March 22",,"Dual-LED flash, HDR, panorama","50 MP, f/1.6, (wide), PDAF Auxiliary lens",,"1440p@30fps, 1080p@30fps",,,microSDXC (dedicated slot),"128GB 4GB RAM, 128GB 8GB RAM, 256GB 8GB RAM",,"Starry Black, Pearl White",KI7,£ 139.95,,,,,GSM 850 / 900 / 1800 / 1900,HSDPA 850 / 900 / 2100,LTE,,,,"HSPA, LTE",GSM / HSPA / LTE,-29.2 LUFS (Average),Octa-core (2x2.0 GHz Cortex-A75 & 6x1.8 GHz Cortex-A55),Mediatek MT6769H Helio G88 (12 nm),Mali-G52 MC2,"Android 13, HIOS 12.6",,"32 MP, (wide)","1440p@30fps, 1080p@30fps",Yes,,Yes,,,,,Photo / Video,,"Glass front, plastic frame, glass back",,Endurance rating 131h,"1991:1 contrast ratio, 521 nits max brightness (measured)","AnTuTu: 249938 (v9) GeekBench: 1358 (v5.1), 1376 (v6) GFXBench: 8.1fps (ES 3.1 onscreen)",,Dual-LED flash,,,,,,,,
Tecno,Tecno Phantom V Fold,,Tablet,https://www.gsmarena.com/tecno_phantom_v_fold-12150.php,2026-06-03 06:03 UTC,"2023, February 28",2023.0,"Available. Released 2023, April 12",159.4,140.4,6.9,299.0,7.85,2000.0,2296.0,388.0,256GB | 512GB,12GB,50.0,16.0,5000.0,,,,,,,,,About 1030 EUR,"45W wired, 40% in 15 min, 100% in 55 min",,,5000 mAh,,Unfolded: 159.4 x 140.4 x 6.9 mm Folded: 159.4 x 72 x 14.2-14.5 mm,Nano-SIM + Nano-SIM,299 g (10.55 oz),,"5.2, A2DP, LE",Yes,"GPS, GLONASS, GALILEO, BDS","FM radio, recording","USB Type-C, OTG","Wi-Fi 802.11 a/b/g/n/ac, dual-band","Cover display: LTPO AMOLED, 1B colors, 120Hz, 1100 nits (peak), Corning Gorilla Glass Victus 6.42 inches, 1080 x 2550 pixels, 431 PPI",,2000 x 2296 pixels (~388 ppi density),"7.85 inches, 196.9 cm 2 (~88.0% screen-to-body ratio)","Foldable LTPO AMOLED, 1B colors, 120Hz, 1100 nits (peak)",,,,,,,,,,,,,"Fingerprint (side-mounted), accelerometer, gyro, proximity, compass","2023, February 28","Available. Released 2023, April 12",,"Dual-LED flash, HDR, panorama",,"50 MP, f/1.9, (wide), 1/1.3"", 1.2µm, PDAF 50 MP, f/2.0, (telephoto), 1/2.8"", 0.64µm, PDAF, 2x optical zoom 13 MP, f/2.2, 120˚ (ultrawide), 1/3.0"", 1.12µm, PDAF","4K@30fps, 1080p@30/60fps",UFS 3.1,,No,"256GB 12GB RAM, 512GB 12GB RAM",,"Black, White",AD10,About 1030 EUR,,,,,GSM 850 / 900 / 1800 / 1900,HSDPA 850 / 900 / 1700(AWS) / 1900 / 2100,LTE,SA/NSA,,,"HSPA, LTE, 5G",GSM / HSPA / LTE / 5G,-24.3 LUFS (Very good),Octa-core (1x3.20 GHz Cortex-X2 & 3x2.85 GHz Cortex-A710 & 4x1.80 GHz Cortex-A510),Mediatek Dimensity 9000+ (4 nm),Mali-G710 MC10,"Android 13, HiOS 13 Fold",,"16 MP, f/2.5, (wide), 1/2.8"", 1.12µm Cover camera: 32 MP, f/2.5, (wide), 1/2.8"", 0.8µm",1080p@60fps,No,,"Yes, with stereo speakers",,,,,Photo / Video,,"Glass front folded (Gorilla Glass Victus), plastic back, aluminum frame",,Endurance rating 92h,492 nits max brightness (measured),"AnTuTu: 999348 (v9) GeekBench: 3963 (v5.1), 3748 (v6) GFXBench: 45fps (ES 3.1 onscreen)",,,,,,,,,,
Tecno,Tecno Pop 7 Pro,,Phone,https://www.gsmarena.com/tecno_pop_7_pro-12108.php,2026-06-03 06:03 UTC,"2023, January 28",2023.0,"Available. Released 2023, January 28",163.9,75.5,8.9,,6.6,720.0,1612.0,267.0,64GB,3GB,13.0,5.0,5000.0,,,,,,,,,About 130 EUR,10W wired,,,5000 mAh,,163.9 x 75.5 x 8.9 mm (6.45 x 2.97 x 0.35 in),Nano-SIM + Nano-SIM,-,,"5.0, A2DP, LE",No,GPS,FM radio,USB Type-C 2.0,Wi-Fi 802.11 b/g/n,,,"720 x 1612 pixels, 20:9 ratio (~267 ppi density)","6.6 inches, 104.6 cm 2 (~84.6% screen-to-body ratio)",IPS LCD,,,,,,,,,,,,,"Fingerprint (rear-mounted), accelerometer, proximity","2023, January 28","Available. Released 2023, January 28","13 MP, (wide), AF Auxiliary lens","Dual-LED flash, panorama, HDR",,,1080p@30fps,eMMC 5.1,,microSDXC (dedicated slot),64GB 3GB RAM,,"Turquoise Cyan, Atlantic Blue","BF7, BF7h",About 130 EUR,,,,,GSM 850 / 900 / 1800 / 1900,HSDPA 900 / 2100,LTE,,,,"HSPA, LTE",GSM / HSPA / LTE,,Quad-core 2.0 GHz Cortex-A53,Mediatek MT6761 Helio A22 (12 nm),PowerVR GE8320,"Android 12, HIOS 12",,5 MP,Yes,Yes,,Yes,,,,,,,"Glass front, plastic back, plastic frame",,,,,,,,,,,,,,
Tecno,Tecno Spark Go 2023,,Phone,https://www.gsmarena.com/tecno_spark_go_2023-12086.php,2026-06-03 06:03 UTC,"2023, January 19",2023.0,"Available. Released 2023, January 24",163.9,75.5,8.9,,6.6,720.0,1600.0,267.0,32GB | 64GB,3GB | 4GB,13.0,5.0,5000.0,,,,,,,,,About 90 EUR,10W wired,,,5000 mAh,,163.9 x 75.5 x 8.9 mm (6.45 x 2.97 x 0.35 in),Nano-SIM + Nano-SIM,-,,"5.0, A2DP, LE",Unspecified,GPS,FM radio,"USB Type-C 2.0, OTG",Wi-Fi 802.11 b/g/n,,,"720 x 1600 pixels, 20:9 ratio (~267 ppi density)","6.6 inches, 104.4 cm 2 (~84.4% screen-to-body ratio)",IPS LCD,,,,,,,,,,,,,"Fingerprint (rear-mounted), accelerometer, proximity","2023, January 19","Available. Released 2023, January 24","13 MP, f/1.9, (wide), AF Auxiliary lens","Dual-LED flash, panorama, HDR",,,1080p@30fps,eMMC 5.1,,microSDXC (dedicated slot),"32GB 3GB RAM, 64GB 3GB RAM, 64GB 4GB RAM",,"Endless Black, Nebula Purple, Uyuni Blue, Skin Orange",BF7n,About 90 EUR,,,,,GSM 850 / 900 / 1800 / 1900,HSDPA 900 / 2100,LTE,,,,"HSPA, LTE",GSM / HSPA / LTE,,Quad-core 2.0 GHz Cortex-A53,Mediatek MT6761 Helio A22 (12 nm),PowerVR GE8320,"Android 12, HIOS 12",,5 MP,Yes,Yes,,Yes,,,,,,,,,,,,,,,,,,,,,
Tecno,Tecno Phantom X2 Pro,,Phone,https://www.gsmarena.com/tecno_phantom_x2_pro-12010.php,2026-06-03 06:03 UTC,"2022, December 07",2023.0,"Available. Released 2023, January 17",164.6,72.7,9.0,201.0,6.8,1080.0,2400.0,387.0,256GB,12GB,50.0,32.0,5160.0,,,,,,,,,,"45W wired, 54% in 20 min, 100% in 60 min",,,5160 mAh,,164.6 x 72.7 x 9 mm (6.48 x 2.86 x 0.35 in),Nano-SIM + Nano-SIM,201 g (7.09 oz),,"5.3, A2DP, LE",Yes,GPS,"FM radio, recording","USB Type-C 2.0, OTG","Wi-Fi 802.11 a/b/g/n/ac, dual-band",,Corning Gorilla Glass Victus,"1080 x 2400 pixels, 20:9 ratio (~387 ppi density)","6.8 inches, 111.6 cm 2 (~93.3% screen-to-body ratio)","AMOLED, 120Hz, 500 nits",,,,,,,,,,,,,"Fingerprint (under display, optical), accelerometer, gyro, proximity, compass","2022, December 07","Available. Released 2023, January 17",,"LED flash, panorama, HDR",,"50 MP, f/1.9, (wide), 1/1.3"", 1.2µm, PDAF 50 MP, f/1.5, 65mm (telephoto), 1/2.7"", 0.64µm, PDAF, 2.5x optical zoom, retractable lens 13 MP, f/2.2, (ultrawide), 1/1.3"", 1.12µm, AF","4K@30/60fps, 1080p@30fps",UFS 3.1,,No,256GB 12GB RAM,,"Stardust Gray, Mars Orange",AD9,,,,,,GSM 850 / 900 / 1800 / 1900,HSDPA 850 / 900 / 1700(AWS) / 1900 / 2100,"1, 2, 3, 4, 5, 7, 8, 20, 28, 38, 40, 41, 66","1, 3, 8, 28, 38, 40, 41, 71, 77, 78, 79 SA/NSA/Sub6",,,"HSPA, LTE, 5G",GSM / HSPA / LTE / 5G,-29.3 LUFS (Average),Octa-core (1x3.05 GHz Cortex-X2 & 3x2.85 GHz Cortex-A710 & 4x1.80 GHz Cortex-A510),Mediatek Dimensity 9000 (4 nm),Mali-G710 MC10,"Android 12, upgradable to Android 14, HIOS 14.5",,"32 MP, f/2.5, (wide), 1/2.8"", 0.8µm",1080p@30fps,No,,Yes,,,,,Photo / Video,,"Glass front (Gorilla Glass Victus), aluminum frame, plastic back",,Endurance rating 109h,505 nits max brightness (measured),AnTuTu: 961576 (v9) GeekBench: 3984 (v5.1) GFXBench: 71fps (ES 3.1 onscreen),,LED flash,,,,,,,,
Tecno,Tecno Phantom X2,,Phone,https://www.gsmarena.com/tecno_phantom_x2-12009.php,2026-06-03 06:03 UTC,"2022, December 07",2023.0,"Available. Released 2023, January 09",164.6,72.7,8.9,203.0,6.8,1080.0,2400.0,387.0,256GB,8GB,64.0,32.0,5160.0,,,,,,,,,About 460 EUR,"45W wired, 54% in 20 min, 100% in 60 min",,,5160 mAh,,164.6 x 72.7 x 8.9 mm (6.48 x 2.86 x 0.35 in),Nano-SIM + Nano-SIM,203 g (7.16 oz),,"5.3, A2DP, LE",Yes,GPS,"FM radio, recording","USB Type-C 2.0, OTG","Wi-Fi 802.11 a/b/g/n/ac, dual-band",,Corning Gorilla Glass Victus,"1080 x 2400 pixels, 20:9 ratio (~387 ppi density)","6.8 inches, 111.6 cm 2 (~93.3% screen-to-body ratio)","AMOLED, 120Hz",,,,,,,,,,,,,"Fingerprint (under display, optical), accelerometer, gyro, proximity, compass","2022, December 07","Available. Released 2023, January 09",,"LED flash, panorama, HDR",,"64 MP, f/1.7, (wide), PDAF, OIS 13 MP, f/2.2, (ultrawide), 1/1.3"", 1.12µm, AF 2 MP","4K@30/60fps, 1080p@30fps",UFS 3.1,,No,256GB 8GB RAM,,"Stardust Gray, Moonlight Silver",AD8,About 460 EUR,,,,,GSM 850 / 900 / 1800 / 1900,HSDPA 850 / 900 / 1700(AWS) / 1900 / 2100,"1, 2, 3, 4, 5, 7, 8, 20, 28, 38, 40, 41, 66","1, 3, 8, 28, 38, 40, 41, 71, 77, 78, 79 SA/NSA/Sub6",,,"HSPA, LTE, 5G",GSM / HSPA / LTE / 5G,-26.8 LUFS (Good),Octa-core (1x3.05 GHz Cortex-X2 & 3x2.85 GHz Cortex-A710 & 4x1.80 GHz Cortex-A510),Mediatek Dimensity 9000 (4 nm),Mali-G710 MC10,"Android 12, HIOS 12",,"32 MP, f/2.5, (wide)",1080p@30fps,No,,Yes,,,,,Photo / Video,,"Glass front (Gorilla Glass Victus), aluminum frame, plastic back",,Endurance rating 110h,710 nits max brightness (measured),AnTuTu: 973623 (v9) GeekBench: 4027 (v5.1) GFXBench: 71fps (ES 3.1 onscreen),,LED flash,,,,,,,,
Tecno,Tecno Pova 4,,Phone,https://www.gsmarena.com/tecno_pova_4-11926.php,2026-06-03 06:03 UTC,"2022, October 10",2022.0,"Available. Released 2022, October 10",170.6,77.5,8.7,214.0,6.82,720.0,1600.0,257.0,128GB,8GB,50.0,8.0,6000.0,,,,,,,,,,18W wired,,,6000 mAh,,170.6 x 77.5 x 8.7 mm (6.72 x 3.05 x 0.34 in),Nano-SIM + Nano-SIM,214 g (7.55 oz),,Yes,Yes,GPS,FM radio,"USB Type-C 2.0, OTG",Yes,,,"720 x 1600 pixels, 20:9 ratio (~257 ppi density)","6.82 inches, 112.3 cm 2 (~84.9% screen-to-body ratio)","IPS LCD, 90Hz",,,,,,,,,,,,,"Fingerprint (side-mounted), accelerometer, gyro, proximity, compass","2022, October 10","Available. Released 2022, October 10",,Dual LED flash,"50 MP, (wide), PDAF Auxiliary lens",,"1440p@30fps, 1080p@30fps",,,microSDXC (dedicated slot),128GB 8GB RAM,,"Cryolite Blue, Uranolith Grey",LG7n,,,,,,GSM 850 / 900 / 1800 / 1900,HSDPA 850 / 900 / 2100,LTE,,,,"HSPA, LTE",GSM / HSPA / LTE,,Octa-core (2x2.2 GHz Cortex-A76 & 6x2.0 GHz Cortex-A55),Mediatek Helio G99 (6 nm),Mali-G57 MC2,"Android 12, HIOS 12",,8 MP,1080p@30fps,Yes,,"Yes, with stereo speakers",,,,,,,"Glass front, plastic frame, plastic back",,,,,,LED flash,,,,,,,,
Tecno,Tecno Pova 4 Pro,,Phone,https://www.gsmarena.com/tecno_pova_4_pro-11925.php,2026-06-03 06:03 UTC,"2022, October 10",2022.0,"Available. Released 2022, October 10",164.8,77.0,9.2,,6.66,1080.0,2460.0,403.0,256GB,8GB,50.0,8.0,6000.0,,,,,,,,,,45W wired,,,6000 mAh,,164.8 x 77 x 9.2 mm (6.49 x 3.03 x 0.36 in),Nano-SIM + Nano-SIM,-,,Yes,Yes,GPS,FM radio,"USB Type-C 2.0, OTG",Yes,,,1080 x 2460 pixels (~403 ppi density),"6.66 inches, 105.3 cm 2 (~83.0% screen-to-body ratio)","AMOLED, 90Hz",,,,,,,,,,,,,"Fingerprint (side-mounted), accelerometer, gyro, proximity, compass","2022, October 10","Available. Released 2022, October 10",,Dual LED flash,"50 MP, (wide), PDAF Auxiliary lens",,"1440p@30fps, 1080p@30fps",,,No,256GB 8GB RAM,,Fluorite Blue,LG8n,,,,,,GSM 850 / 900 / 1800 / 1900,HSDPA 850 / 900 / 2100,LTE,,,,"HSPA, LTE",GSM / HSPA / LTE,,Octa-core (2x2.2 GHz Cortex-A76 & 6x2.0 GHz Cortex-A55),Mediatek Helio G99 (6 nm),Mali-G57 MC2,"Android 12, HIOS",,8 MP,1080p@30fps,Yes,,"Yes, with stereo speakers",,,,,,24-bit/192kHz Hi-Res audio,"Glass front, plastic frame, plastic back",,,,,,LED flash,,,,,,,,
Ulefone,Ulefone Armor 3WT,,Phone,https://www.gsmarena.com/ulefone_armor_3wt-10023.php,2026-06-03 06:03 UTC,"2019, September. Released 2019, September",2019.0,Discontinued,164.8,79.2,18.2,373.7,5.7,1080.0,2160.0,424.0,64GB,6GB,21.0,8.0,10300.0,,,,,,,,,,18W wired,,,Li-Po 10300 mAh,IP68 dust tight and water resistant (immersible up to 1.5m for 30 min) Drop resistant up to 1.2m MIL-STD-810G compliant External antenna,164.8 x 79.2 x 18.2 mm (6.49 x 3.12 x 0.72 in),Nano-SIM + Nano-SIM,373.7 g (13.33 oz),,"4.1, A2DP",Yes,"GPS, GLONASS, BDS","Stereo FM radio, RDS, recording","USB Type-C 2.0, OTG","Wi-Fi 802.11 a/b/g/n/ac, dual-band, Wi-Fi Direct",,,"1080 x 2160 pixels, 18:9 ratio (~424 ppi density)","5.7 inches, 83.8 cm 2 (~64.2% screen-to-body ratio)",IPS LCD,,,,,,,,,,,,,"Fingerprint (side-mounted), accelerometer, gyro, proximity, compass, barometer, coulombmeter","2019, September. Released 2019, September",Discontinued,,"Dual-LED dual-tone flash, HDR, panorama","21 MP, f/1.8, (wide), 1/2.4"", 1.12µm, PDAF",,1080p@30fps,eMMC 5.1,,microSDXC (dedicated slot),64GB 6GB RAM,,Black,,,,,CDMA 800 / 1900,CDMA2000 1xEV-DO,GSM 850 / 900 / 1800 / 1900,HSDPA 800 / 850 / 900 / 1700(AWS) / 1900 / 2100,"1, 2, 3, 4, 5, 7, 8, 12, 13, 17, 18, 19, 20, 25, 26, 28, 34, 38, 39, 40, 41",,,,"HSPA 42.2/11.5 Mbps, LTE (2CA) Cat7 300/150 Mbps",GSM / CDMA / HSPA / EVDO / LTE,,Octa-core (4x2.1 GHz Cortex-A73 & 4x2.1 GHz Cortex-A53),Mediatek MT6771 Helio P70 (12 nm),Mali-G72 MP3,Android 9.0 (Pie),,8 MP,1080p@30fps,No,,Yes,,,,,,,,,,,,,,,,,,,,,
verykool,verykool i305,,Watch,https://www.gsmarena.com/verykool_i305-4014.php,2026-06-03 06:03 UTC,2011. Released 2011,2011.0,Discontinued,90.0,46.5,16.5,83.0,1.8,128.0,128.0,101.0,,,3.0,,,,,,,,,,,,,Up to 144 h,Up to 2 h 30 min,Removable Li-Ion battery,,90 x 46.5 x 16.5 mm (3.54 x 1.83 x 0.65 in),Mini-SIM,83 g (2.93 oz),,No,,No,FM radio,Proprietary,No,,,"128 x 128 pixels, 1:1 ratio (~101 ppi density)","1.8 inches, 10.5 cm 2 (~25.0% screen-to-body ratio)","TFT, 256K colors",,,,,MP3/3GP player,,,,Yes,No,,SMS,,2011. Released 2011,Discontinued,,,1.3 MP,,Yes,,Yes,"microSD (dedicated slot), 1 GB included",,Yes,"Black, Blue, Red",,,,,,,GSM 850 / 1900,,,,No,Yes,,GSM,,,,,,No,,,No,,Yes,,,,,,,,,,,,,,,,,,,,,
verykool,verykool i277,,Phone,https://www.gsmarena.com/verykool_i277-4005.php,2026-06-03 06:03 UTC,2011. Released 2011,2011.0,Discontinued,111.0,53.0,12.7,96.4,3.0,240.0,400.0,155.0,,,3.0,,,,,,,,,,,,,Up to 168 h,Up to 5 h,Removable Li-Ion battery,Flashlight,111 x 53 x 12.7 mm (4.37 x 2.09 x 0.5 in),Mini-SIM,96.4 g (3.39 oz),,2.0,,No,FM radio,1.2,No,,,"240 x 400 pixels, 5:3 ratio (~155 ppi density)","3.0 inches, 25.6 cm 2 (~43.5% screen-to-body ratio)",TFT,,,,,A-TV Webcam MP3/MP4/3GP player Organizer Unit & currency converter SNS applications Predictive text input,,,,Yes,"Yes, MIDP 2.0",,"SMS, MMS, Email, IM",,2011. Released 2011,Discontinued,,,1.3 MP,,Yes,,Yes,microSDHC (dedicated slot),,1000 entries,"Black, Blue",,,,,GSM 850 / 900 / 1800 / 1900 - SIM 2 (optional),,GSM 850 / 900 / 1800 / 1900 - SIM 1,,,,No,Class 12,,GSM,,,,,,No,,,Yes,,Yes,,,,,,,,,,,,,,,,,,,,,
vivo,vivo Y21,Preliminary specificationsAlso known as Vivo Y21 5G,Phone,https://www.gsmarena.com/vivo_y21_5g-14561.php,2026-06-03 06:03 UTC,"2026, March 26",2026.0,"Available. Released 2026, March 26",167.4,77.1,8.4,209.0,6.74,720.0,1600.0,260.0,128GB | 256GB,4GB | 6GB | 8GB,50.0,5.0,6500.0,,,,,,,,,About 180 EUR,"44W wired, 50% in 36 min Reverse wired",,,Li-Ion 6500 mAh,IP65 dust tight and water resistant (low pressure water jets) MIL-STD-810H compliant* * does not guarantee ruggedness or use in extreme conditions,167.4 x 77.1 x 8.4 mm (6.59 x 3.04 x 0.33 in),Nano-SIM + Nano-SIM,209 g (7.37 oz),,Yes,Unspecified,"GPS, GALILEO, GLONASS, BDS, QZSS",Unspecified,"USB Type-C 2.0, OTG",Yes,,Mohs level 4,"720 x 1600 pixels, 20:9 ratio (~260 ppi density)","6.74 inches, 109.7 cm 2 (~85.0% screen-to-body ratio)","IPS LCD, 120Hz, 1200 nits (HBM)","67:13h endurance, 1600 cycles",Class A,Class A (270 falls),Class C,,,,,,,,,"Fingerprint (side-mounted), accelerometer, proximity, compass","2026, March 26","Available. Released 2026, March 26","50 MP, f/1.8, (wide) Auxiliary lens","LED flash, panorama",,,1080p@30fps,eMMC 5.1,,microSDXC (dedicated slot),"128GB 4GB RAM, 128GB 6GB RAM, 128GB 8GB RAM, 256GB 6GB RAM, 256GB 8GB RAM",,"Champagne Gold, Midnight Blue","V2553, V2554",About 180 EUR,,,,,GSM 850 / 900 / 1800 / 1900,HSDPA 850 / 900 / 2100,LTE,SA/NSA,,,"HSPA, LTE, 5G",GSM / HSPA / LTE / 5G,,Octa-core (2x2.4 GHz Cortex-A76 & 6x2.0 GHz Cortex-A55),Mediatek Dimensity 6300 (6 nm),Mali-G57 MC2,"Android 16, OriginOS 6",,"5 MP, f/2.2, (wide)",Yes,Yes,,"Yes, with stereo speakers",,,Yes,,,,"Glass front, plastic frame, plastic back",,,,,,,,,,,,,,
vivo,vivo Y11,Also known as Vivo Y11 5G,Phone,https://www.gsmarena.com/vivo_y11_5g-14564.php,2026-06-03 06:03 UTC,"2026, March 26",2026.0,"Available. Released 2026, March 26",167.4,77.1,8.4,209.0,6.74,720.0,1600.0,260.0,128GB | 64GB,4GB,13.0,5.0,6500.0,,,,,,,,,About 140 EUR,15W wired Reverse wired,,,Li-Ion 6500 mAh,IP65 dust tight and water resistant (low pressure water jets) MIL-STD-810H compliant* * does not guarantee ruggedness or use in extreme conditions,167.4 x 77.1 x 8.4 mm (6.59 x 3.04 x 0.33 in),Nano-SIM + Nano-SIM,209 g (7.37 oz),,"5.2, A2DP, LE",No,"GPS, GALILEO, GLONASS, BDS, QZSS",Unspecified,"USB Type-C 2.0, OTG","Wi-Fi 802.11 a/b/g/n/ac, dual-band",,,"720 x 1600 pixels, 20:9 ratio (~260 ppi density)","6.74 inches, 109.7 cm 2 (~85.0% screen-to-body ratio)","IPS LCD, 120Hz, 1200 nits (HBM)",,,,,,,,,,,,,"Fingerprint (side-mounted), accelerometer, proximity, compass","2026, March 26","Available. Released 2026, March 26",,"LED flash, panorama","13 MP, (wide)",,1080p@30fps,eMMC 5.1,,microSDXC (dedicated slot),"64GB 4GB RAM, 128GB 4GB RAM",,"Sunrise Gold, Midnight Blue",,About 140 EUR,,,,,GSM 850 / 900 / 1800 / 1900,HSDPA 850 / 900 / 2100,"1, 3, 5, 8, 38, 40, 41",SA/NSA,,,"HSPA, LTE, 5G",GSM / HSPA / LTE / 5G,,Octa-core (2x2.4 GHz Cortex-A76 & 6x2.0 GHz Cortex-A55),Mediatek Dimensity 6300 (6 nm),Mali-G57 MC2,"Android 16, OriginOS 6",,"5 MP, f/2.2, (wide)",Yes,Yes,,"Yes, with stereo speakers",,,Yes,,,,"Glass front, plastic frame, plastic back",,,,,,,,,,,,,,
vivo,vivo T5x,,Phone,https://www.gsmarena.com/vivo_t5x_5g-14536.php,2026-06-03 06:03 UTC,"2026, March 17",2026.0,"Available. Released 2026, March 24",166.6,78.4,8.4,219.0,6.76,1080.0,2344.0,382.0,128GB | 256GB,6GB | 8GB,50.0,32.0,7200.0,1.14,1.01,,,,,,22285.0,"₹ 22,285","44W wired, 50% in 43 min Reverse wired Bypass Charging",,,Si/C Li-Ion 7200 mAh,IP68/IP69 dust tight and water resistant (high pressure water jets; immersible up to 1.5m for 30 min) MIL-STD-810H compliant* * does not guarantee ruggedness or use in extreme conditions,166.6 x 78.4 x 8.4 mm (6.56 x 3.09 x 0.33 in),Nano-SIM + Nano-SIM,219 g (7.72 oz),,"5.4, A2DP, LE",No,"GPS, GALILEO, GLONASS, BDS, QZSS",No,"USB Type-C 2.0, OTG","Wi-Fi 802.11 a/b/g/n/ac, dual-band",,,"1080 x 2344 pixels, 19.5:9 ratio (~382 ppi density)","6.76 inches, 112.1 cm 2 (~85.8% screen-to-body ratio)","IPS LCD, 120Hz, 1200 nits (HBM)",,,,,,,,,,,,,"Fingerprint (side-mounted), accelerometer, gyro, proximity, compass","2026, March 17","Available. Released 2026, March 24","50 MP, (wide), 1/2.93"", PDAF Auxiliary lens","LED flash, panorama",,,"4K@30fps, 1080p@30fps, gyro-EIS",UFS 3.1,,No,"128GB 6GB RAM, 128GB 8GB RAM, 256GB 8GB RAM",,"Cyber Green, Star Silver",V2545,"₹ 22,285",1.14 W/kg (head)     1.01 W/kg (body),,,,GSM 850 / 900 / 1800 / 1900,HSDPA 850 / 900 / 2100,"1, 3, 5, 8, 28, 38, 40, 41","1, 3, 5, 8, 28, 38, 40, 41 SA/NSA",,,"HSPA, LTE, 5G",GSM / HSPA / LTE / 5G,,Octa-core (4x2.6 GHz Cortex-A78 & 4x2.0 GHz Cortex-A55),Mediatek Dimensity 7400 Turbo (4 nm),Mali-G615 MC2,"Android 16, OriginOS 6",,"32 MP, f/2.5, (wide)","4K@30fps, 1080p@30fps",No,,"Yes, with stereo speakers",,,,,,,"Glass front, plastic frame, plastic back",,,,,,,,,,,,,,
vivo,vivo iQOO Z11x,Not to be confused withvivo iQOO Z11xfor China,Phone,https://www.gsmarena.com/vivo_iqoo_z11x_5g-14531.php,2026-06-03 06:03 UTC,"2026, March 12",2026.0,"Available. Released 2026, March 17",166.6,78.4,8.4,219.0,6.76,1080.0,2344.0,382.0,128GB | 256GB,6GB | 8GB,50.0,32.0,7200.0,,,,,,,,22999.0,"₹ 22,999","44W wired, PPS, 50% in 43 min Reverse wired Bypass Charging",,,Si/C Li-Ion 7200 mAh,IP68/IP69 dust tight and water resistant (high pressure water jets; immersible up to 1.5m for 30 min),166.6 x 78.4 x 8.4 mm (6.56 x 3.09 x 0.33 in),Nano-SIM + Nano-SIM,219 g (7.72 oz),,"5.4, A2DP, LE",Yes (market/region dependent),"GPS, GALILEO, GLONASS, BDS, QZSS",No,"USB Type-C 2.0, OTG","Wi-Fi 802.11 a/b/g/n/ac, dual-band",,,"1080 x 2344 pixels, 19.5:9 ratio (~382 ppi density)","6.76 inches, 112.1 cm 2 (~85.8% screen-to-body ratio)","IPS LCD, 120Hz, 1200 nits (HBM)",,,,,,,,,,,,,"Fingerprint (side-mounted), accelerometer, gyro, proximity, compass","2026, March 12","Available. Released 2026, March 17","50 MP, f/1.8, (wide), 1/2.93"", PDAF Auxiliary lens","LED flash, HDR, panorama",,,"4K@30fps, 1080p@30fps, gyro-EIS",UFS 3.1,,No,"128GB 6GB RAM, 128GB 8GB RAM, 256GB 8GB RAM",,"Prismatic Green, Titan Black, Star Silver",I2507,"₹ 22,999",,,"1, 3, 5, 8, 28, 38, 40, 41 - India","1, 3, 5, 8, 28, 38, 40, 41, 77, 78 SA/NSA - India",GSM 850 / 900 / 1800 / 1900,HSDPA 850 / 900 / 2100,"1, 3, 5, 7, 8, 20, 28, 38, 40, 41 - International","1, 3, 8, 28, 38, 40, 41, 77, 78 SA/NSA - International",,,"HSPA, LTE, 5G",GSM / HSPA / LTE / 5G,,Octa-core (4x2.6 GHz Cortex-A78 & 4x2.0 GHz Cortex-A55),Mediatek Dimensity 7400 Turbo (4 nm),Mali-G615 MC2,"Android 16, OriginOS 6",,"32 MP, f/2.5, (wide)","4K@30fps, 1080p@30fps",No,,"Yes, with stereo speakers",,,Yes,,,,"Glass front, plastic frame, plastic back",,,,,,,,,,,,,,
vivo,vivo Y51 Pro,,Phone,https://www.gsmarena.com/vivo_y51_pro_5g-14539.php,2026-06-03 06:03 UTC,"2026, March 11",2026.0,"Available. Released 2026, March 11",166.6,78.4,8.4,219.0,6.75,720.0,1570.0,256.0,128GB | 256GB,8GB,50.0,8.0,7200.0,,,,,,,,,About 230 EUR,"44W wired, 50% in 43 min Reverse wired Bypass Charging",,,Si/C Li-Ion 7200 mAh,IP68/IP69 dust tight and water resistant (high pressure water jets; immersible up to 1.5m for 30 min),166.6 x 78.4 x 8.4 mm (6.56 x 3.09 x 0.33 in),Nano-SIM + Nano-SIM,219 g (7.72 oz),,"5.4, A2DP, LE",No,"GPS, GALILEO, GLONASS, BDS, QZSS",No,"USB Type-C 2.0, OTG","Wi-Fi 802.11 a/b/g/n/ac, dual-band",,,"720 x 1570 pixels, 19.5:9 ratio (~256 ppi density)","6.75 inches, 111.4 cm 2 (~85.3% screen-to-body ratio)","IPS LCD, 120Hz, 1250 nits (HBM)",,,,,,,,,,,,,"Fingerprint (side-mounted), accelerometer, gyro, proximity, compass","2026, March 11","Available. Released 2026, March 11","50 MP, f/2.0, 21mm (wide), PDAF Auxiliary lens","LED flash, HDR, panorama",,,"4K@30fps, 1080p@30fps",UFS 3.1,,No,"128GB 8GB RAM, 256GB 8GB RAM",,"Festive Red, Noble Gold",,About 230 EUR,,,,,GSM 850 / 900 / 1800 / 1900,HSDPA 850 / 900 / 2100,"1, 3, 5, 8, 20, 28, 38, 40, 41","1, 3, 5, 8, 20, 28, 38, 40, 41, 77, 78 SA/NSA",,,"HSPA, LTE, 5G",GSM / HSPA / LTE / 5G,,Octa-core (4x2.5 GHz Cortex-A78 & 4x2.0 GHz Cortex-A55),Mediatek Dimensity 7360 Turbo (4 nm),Mali-G615 MC2,"Android 16, OriginOS 6",,"8 MP, f/2.1, (wide)",1080p@30fps,No,,"Yes, with stereo speakers",,,Yes,,,,"Glass front, plastic frame, plastic back",,,,,,,,,,,,,,
vivo,vivo V70 FE,,Phone,https://www.gsmarena.com/vivo_v70_fe_5g-14504.php,2026-06-03 06:03 UTC,"2026, March 09",2026.0,"Available. Released 2026, March 17",163.7,76.2,7.6,200.0,6.83,1260.0,2800.0,449.0,128GB | 256GB | 512GB,12GB | 8GB,200.0,32.0,7000.0,,,,,,449.0,,38690.0,"€ 449.00 / ₹ 38,690","90W wired, 100% in 60 min Reverse wired Bypass Charging",,,Si/C Li-Ion 7000 mAh,IP68/IP69 dust tight and water resistant (high pressure water jets; immersible up to 1.5m for 2 hours) Darkness Glow technology (market dependent),163.7 x 76.2 x 7.6 mm (6.44 x 3.00 x 0.30 in),· Nano-SIM + Nano-SIM + eSIM (max 2 at a time) · Nano-SIM + Nano-SIM,200 g (7.05 oz),,"5.4, A2DP, LE",Yes (market/region dependent),"GPS, GLONASS, GALILEO, BDS, QZSS, NavIC",No,"USB Type-C 2.0, OTG","Yes, dual-band",,Mohs level 4,"1260 x 2800 pixels, 20:9 ratio (~449 ppi density)","6.83 inches, 113.1 cm 2 (~90.7% screen-to-body ratio)","AMOLED, 1B colors, 120Hz, HDR10+, 1900 nits (HBM)","67:21h endurance, 1600 cycles",Class B,Class B (180 falls),Class C,,,,,,,,,"Fingerprint (under display, optical), accelerometer, gyro, proximity, compass","2026, March 09","Available. Released 2026, March 17","200 MP, f/1.9, 24mm (wide), 1/1.56"", PDAF, OIS 8 MP, f/2.2, 120˚ (ultrawide), 1/4.0""","Ring-LED flash, HDR, panorama",,,"4K, 1080p, gyro-EIS, OIS",UFS 3.1,,No,"128GB 8GB RAM, 256GB 8GB RAM, 256GB 12GB RAM, 512GB 8GB RAM",,"Ocean Blue, Monsoon Blue, Muse Purple, Northern Lights Purple, Titanium Silver",V2550,"€ 449.00 / ₹ 38,690",,,HSDPA 850 / 900 / 2100 - India,"1, 2, 3, 4, 5, 7, 8, 19, 20, 28, 32, 38, 40, 41, 42, 43, 48 - Indonesia",GSM 850 / 900 / 1800 / 1900,HSDPA 850 / 900 / 1700(AWS) / 1900 / 2100 - International,"1, 2, 3, 4, 5, 7, 8, 12, 17, 18, 19, 20, 26, 28, 32, 38, 40, 41, 42, 43, 48, 66 - International","1, 2, 3, 5, 7, 8, 20, 26, 28, 38, 40, 41, 66, 75, 77, 78 SA/NSA - International",,,"HSPA, LTE, 5G",GSM / HSPA / LTE / 5G,-22.5 LUFS (Excellent),Octa-core (4x2.5 GHz Cortex-A78 & 4x2.0 GHz Cortex-A55),Mediatek Dimensity 7360 Turbo (4 nm),Mali-G615 MC2,"Android 16, OriginOS 6",,"32 MP, f/2.2, 22mm (wide), 1/3.1"", 0.7µm - International model 50 MP, f/2.0, 21mm (wide), AF - India model","4K, 1080p",No,,"Yes, with stereo speakers",,,Yes,,,,"Glass front, plastic frame, plastic back",,,1890 nits max brightness (measured),"AnTuTu: 715896 (v10), 931202 (v11) GeekBench: 2891 (v6) 3DMark: 871 (Wild Life Extreme)",,,,"1, 3, 5, 8, 28, 38, 40, 41, 42, 43, 48 - India","1, 3, 5, 7, 8, 20, 28, 38, 40, 41, 75, 77, 78 SA/NSA - Indonesia","1, 3, 5, 8, 28, 38, 40, 41, 77, 78 SA/NSA - India",,,Active use score 20:41h,
vivo,vivo X300 FE (Russia),,Phone,https://www.gsmarena.com/vivo_x300_fe_5g_(russia)-14603.php,2026-06-03 06:03 UTC,"2026, March 04",2026.0,"Available. Released 2026, April",150.8,71.8,8.0,191.0,6.31,1216.0,2640.0,461.0,256GB | 512GB,12GB,50.0,50.0,6500.0,,,,,,,,,About 650 EUR,"90W wired, PD 40W wireless Reverse wired",,,Si/C Li-Ion 6500 mAh,IP68/IP69 dust tight and water resistant (high pressure water jets; immersible up to 1.5m for 30 min),150.8 x 71.8 x 8 mm (5.94 x 2.83 x 0.31 in),Nano-SIM + Nano-SIM + eSIM + eSIM (max 2 at a time),191 g (6.74 oz),,"6.0, A2DP, LE",Yes,"GPS (L1+L5), BDS (B1I+B1C+B2a), GALILEO (E1+E5a), QZSS (L1+L5), GLONASS, NavIC",No,"USB Type-C 2.0, OTG","Wi-Fi 802.11 a/b/g/n/ac/6/7, dual-band",,,"1216 x 2640 pixels, 19.5:9 ratio (~461 ppi density)","6.31 inches, 97.6 cm 2 (~90.2% screen-to-body ratio)","LTPO AMOLED, 1B colors, 120Hz, HDR, 5000 nits (peak)",,,,,,,,,,,,,"Fingerprint (under display, ultrasonic), accelerometer, gyro, proximity, compass","2026, March 04","Available. Released 2026, April",,"Multi-focus LED flash, panorama, HDR",,"50 MP, f/1.6, 23mm (wide), 1/1.56"", PDAF, OIS 50 MP, f/2.7, 70mm (periscope telephoto), 1/1.95"", PDAF, OIS, 3x optical zoom 8 MP, f/2.2, 110˚ (ultrawide), 1/4.0""","4K, 1080p, gyro-EIS",UFS 4.1,,No,"256GB 12GB RAM, 512GB 12GB RAM",,"Moonlight White, Cool Purple, Graphite Black",,About 650 EUR,,,,,GSM 850 / 900 / 1800 / 1900,HSDPA 800 / 850 / 900 / 1700(AWS) / 1900 / 2100,"1, 2, 3, 4, 5, 7, 8, 12, 13, 17, 18, 19, 20, 25, 26, 28, 32, 34, 38, 39, 40, 41, 42, 43, 48, 66, 71","1, 2, 3, 5, 7, 8, 18, 20, 25, 26, 28, 38, 40, 41, 48, 66, 71, 75, 77, 78 SA/NSA",,,"HSPA, LTE, 5G",GSM / HSPA / LTE / 5G,,Octa-core (2x3.8 GHz Oryon V3 Phoenix L + 6x3.32 GHz Oryon V3 Phoenix M),Qualcomm SM8845 Snapdragon 8 Gen 5 (3 nm),Adreno 829,"Android 16, up to 5 major Android upgrades, OriginOS 6",,"50 MP, f/2.0, 21mm (wide), 1/2.76"", AF","4K, 1080p",No,,"Yes, with stereo speakers",,,Yes,,,,"Glass front, aluminum frame, glass back",,,,,,HDR,,,,,,,,
vivo,vivo iQOO 15R,,Phone,https://www.gsmarena.com/vivo_iqoo_15r_5g-14483.php,2026-06-03 06:03 UTC,"2026, February 24",2026.0,"Available. Released 2026, March 01",157.6,74.4,7.9,202.0,6.59,1260.0,2750.0,459.0,256GB | 512GB,12GB | 8GB,50.0,32.0,7600.0,,,,,,,,46999.0,"₹ 46,999",100W wired Reverse wired Bypass charging,,,Si/C Li-Ion 7600 mAh,IP68/IP69 dust tight and water resistant (high pressure water jets; immersible up to 1.5m for 30 min),157.6 x 74.4 x 7.9 mm (6.20 x 2.93 x 0.31 in),Nano-SIM + Nano-SIM,202 g or 206 g (7.13 oz),,"6.0, A2DP, LE",Yes,"GPS (L1+L5), BDS, GALILEO, QZSS, GLONASS, NavIC",No,"USB Type-C 2.0, OTG","Wi-Fi 802.11 a/b/g/n/ac/6/7, dual-band",,,"1260 x 2750 pixels, 19.5:9 ratio (~459 ppi density)","6.59 inches, 106.1 cm 2 (~90.5% screen-to-body ratio)","AMOLED, 1B colors, 144Hz, HDR10+, 4320Hz PWM, 5000 nits (peak)",,,,,,,,,,,,,"Fingerprint (under display, ultrasonic), accelerometer, gyro, proximity, compass","2026, February 24","Available. Released 2026, March 01","50 MP, f/1.8, (wide), 1/1.56"", PDAF, OIS 8 MP, f/2.2, (ultrawide), 1/4.0""","Color spectrum sensor, LED flash, HDR, panorama",,,"4K@30/60fps, 1080p@30/60/120/240fps, gyro-EIS, OIS, HDR",UFS,,No,"256GB 8GB RAM, 256GB 12GB RAM, 512GB 12GB RAM",,"Dark Knight, Triumph Silver",I2508,"₹ 46,999",,,,,GSM 850 / 900 / 1800 / 1900,HSDPA 800 / 850 / 900 / 2100,"1, 3, 4, 5, 7, 8, 18, 19, 20, 26, 28, 32, 38, 40, 41, 42, 43, 48, 71","1, 3, 5, 7, 8, 18, 20, 26, 28, 38, 40, 41, 48, 75, 71, 77, 78 SA/NSA",,,"HSPA, LTE, 5G",GSM / HSPA / LTE / 5G,,Octa-core (2x3.8 GHz Oryon V3 Phoenix L + 6x3.32 GHz Oryon V3 Phoenix M),Qualcomm SM8845 Snapdragon 8 Gen 5 (3 nm),Adreno 829,"Android 16, up to 4 major Android upgrades, OriginOS 6",,"32 MP, f/2.2, (wide)","4K, 1080p",No,,"Yes, with stereo speakers",,,Yes,,,,"Glass front, glass back or glass-fiber reinforced plastic back, aluminum frame",,,,,,,,,,,,,,
vivo,vivo Y05,,Phone,https://www.gsmarena.com/vivo_y05-14510.php,2026-06-03 06:03 UTC,"2026, February 24",2026.0,"Available. Released 2026, February 24",167.4,77.1,8.4,209.0,6.74,720.0,1600.0,260.0,128GB | 64GB,4GB,8.0,5.0,6500.0,,,,,,,,,About 90 EUR,15W wired Reverse wired,,,Li-Ion 6500 mAh,IP65 dust tight and water resistant (low pressure water jets) MIL-STD-810H compliant* * does not guarantee ruggedness or use in extreme conditions,167.4 x 77.1 x 8.4 mm (6.59 x 3.04 x 0.33 in),Nano-SIM + Nano-SIM,209 g (7.37 oz),,"5.2, A2DP, LE",No,"GPS, GALILEO, GLONASS, BDS, QZSS",FM radio,"USB Type-C 2.0, OTG","Wi-Fi 802.11 a/b/g/n/ac, dual-band",,,"720 x 1600 pixels, 20:9 ratio (~260 ppi density)","6.74 inches, 109.7 cm 2 (~85.0% screen-to-body ratio)","IPS LCD, 120Hz, 1200 nits (HBM)",,,,,,,,,,,,,"Fingerprint (side-mounted), accelerometer, proximity, compass","2026, February 24","Available. Released 2026, February 24",,"LED flash, panorama","8 MP, f/2.0, (wide)",,1080p@30fps,eMMC 5.1,,microSDXC (dedicated slot),"64GB 4GB RAM, 128GB 4GB RAM",,"Voyage Black, Haze Blue, Summit Platinum",,About 90 EUR,,,"1, 3, 5, 8, 38, 40, 41",,GSM 850 / 900 / 1800 / 1900,HSDPA 850 / 900 / 2100,"1, 3, 5, 7, 8, 20, 28, 38, 40, 41",,,,"HSPA, LTE",GSM / HSPA / LTE,,Octa-core (2x2.0 GHz Cortex-A75 & 6x1.8 GHz Cortex-A55),Unisoc T7225 (12 nm),Mali-G52 MP1,"Android 16, OriginOS 6",,"5 MP, f/2.2, (wide)",Yes,Yes,,"Yes, with stereo speakers",,,Yes,,,,"Glass front, plastic frame, plastic back",,,,,,,,,,,,,,
vivo,vivo V70 Elite,,Phone,https://www.gsmarena.com/vivo_v70_elite_5g-14446.php,2026-06-03 06:03 UTC,"2026, February 19",2026.0,"Available. Released 2026, February 26",157.5,74.3,7.4,187.0,6.59,1260.0,2750.0,459.0,256GB | 512GB,12GB | 8GB,50.0,50.0,6500.0,1.14,0.89,,,,,,54999.0,"₹ 54,999","90W wired, PD Reverse wired Bypass charging",,,Si/C Li-Ion 6500 mAh,IP68/IP69 dust tight and water resistant (high pressure water jets; immersible up to 1.5m for 30 min),157.5 x 74.3 x 7.4 mm or 7.6 mm,Nano-SIM + Nano-SIM,187 g or 194 g (6.60 oz),,"5.4, A2DP, LE",Yes,"GPS, GALILEO, GLONASS, QZSS, BDS, NavIC",No,"USB Type-C 2.0, OTG","Wi-Fi 802.11 a/b/g/n/ac/6, dual-band",,Schott Xensation Core,"1260 x 2750 pixels, 19.5:9 ratio (~459 ppi density)","6.59 inches, 106.1 cm 2 (~90.7% screen-to-body ratio)","AMOLED, 1B colors, HDR10+, 120Hz, 1800 nits (HBM), 5000 nits (peak)",,,,,,,,,,,,,"Fingerprint (under display, ultrasonic), accelerometer, compass, proximity","2026, February 19","Available. Released 2026, February 26",,"Zeiss optics, Ring-LED flash, panorama, HDR, color spectrum sensor",,"50 MP, f/1.9, 23mm (wide), 1/1.56"", 1.0µm, PDAF, OIS 50 MP, f/2.7, 73mm (periscope telephoto), 1/1.95"", 0.8µm, PDAF, OIS, 3x optical zoom 8 MP, f/2.2, 15mm, 115˚ (ultrawide)","4K@30/60fps (HDR), 1080p@30/60fps, gyro-EIS, OIS, HDR, LUT",UFS 4.1,,No,"256GB 8GB RAM, 256GB 12GB RAM, 512GB 12GB RAM",,"Passion Red, Sand Beige, Authentic Black",V2548,"₹ 54,999",1.14 W/kg (head)     0.89 W/kg (body),,,,GSM 850 / 900 / 1800 / 1900,HSDPA 800 / 850 / 900 / 1700(AWS) / 1900 / 2100,"1, 3, 4, 5, 8, 18, 19, 26, 28, 38, 39, 40, 41, 42, 66","1, 3, 5, 8, 28, 38, 40, 41, 66, 77, 78 SA/NSA",,,"HSPA, LTE, 5G",GSM / HSPA / LTE / 5G,,Octa-core (1x3.0 GHz Cortex-X4 & 4x2.8 GHz Cortex-A720 & 3x2.0 GHz Cortex-A520),Qualcomm SM8635 Snapdragon 8s Gen 3 (4 nm),Adreno 735,"Android 16, up to 4 major Android upgrades, OriginOS 6",,"50 MP, f/2.0, 21mm (wide), 1/2.76"", 0.64µm, AF","4K@30fps, 1080p@30/60fps",No,,"Yes, with stereo speakers",,,Yes,,,,"Glass front, aluminum frame, glass back or glass-fiber reinforced plastic back",,,,,,"Zeiss optics, HDR",,,,,,,,
vivo,vivo V70,,Phone,https://www.gsmarena.com/vivo_v70_5g-14505.php,2026-06-03 06:03 UTC,"2026, February 19",2026.0,"Available. Released 2026, February 26",157.5,74.3,7.4,187.0,6.59,1260.0,2750.0,459.0,256GB | 512GB,12GB | 8GB,50.0,50.0,6500.0,1.09,0.95,,,,449.0,,49999.0,"€ 449.00 / ₹ 49,999","90W wired, PD Reverse wired Bypass charging",,,Si/C Li-Ion 6500 mAh,IP68/IP69 dust tight and water resistant (high pressure water jets; immersible up to 1.5m for 30 min),157.5 x 74.3 x 7.4 mm or 7.6 mm,Nano-SIM + Nano-SIM,187 g or 194 g (6.60 oz),,"5.4, A2DP, LE",Yes,"GPS, GALILEO, GLONASS, QZSS, BDS, NavIC",No,"USB Type-C 2.0, OTG",Yes,,"Schott Xensation Core, Mohs level 4","1260 x 2750 pixels, 19.5:9 ratio (~459 ppi density)","6.59 inches, 106.1 cm 2 (~90.7% screen-to-body ratio)","AMOLED, 1B colors, HDR10+, 120Hz, 1800 nits (HBM), 5000 nits (peak)","65:05h endurance, 900 cycles",Class A,Class C (90 falls),Class C,,,,,,,,,"Fingerprint (under display, ultrasonic), accelerometer, gyro, compass, proximity","2026, February 19","Available. Released 2026, February 26",,"Zeiss optics, Ring-LED flash, panorama, HDR",,"50 MP, f/1.9, 23mm (wide), 1/1.56"", 1.0µm, PDAF, OIS 50 MP, f/2.7, 73mm (periscope telephoto), 1/1.95"", 0.8µm, PDAF, OIS, 3x optical zoom 8 MP, f/2.2, 15mm, 115˚ (ultrawide)","4K@30/60fps, 1080p@30/60fps, gyro-EIS, OIS, HDR, LUT",UFS 4.1,,No,"256GB 8GB RAM, 256GB 12GB RAM, 512GB 8GB RAM, 512GB 12GB RAM",,"Golden Hour, Alpine Gray (Sand Beige), Sandalwood Brown, Canary (Lemon) Yellow, Authentic Black, Passion Red",V2538,"€ 449.00 / ₹ 49,999",1.09 W/kg (head)     0.95 W/kg (body),,,,GSM 850 / 900 / 1800 / 1900,HSDPA 800 / 850 / 900 / 1700(AWS) / 1900 / 2100,"1, 3, 4, 5, 8, 18, 19, 26, 28, 38, 39, 40, 41, 42, 66","1, 3, 5, 8, 28, 38, 40, 41, 66, 77, 78 SA/NSA",,,"HSPA, LTE, 5G",GSM / HSPA / LTE / 5G,-24.6 LUFS (Very good),Octa-core (1x2.8 GHz Cortex-720 & 4x2.4 GHz Cortex-720 & 3x1.8 GHz Cortex-520),Qualcomm SM7750-AB Snapdragon 7 Gen 4 (4 nm),Adreno 722,"Android 16, up to 4 major Android upgrades, OriginOS 6",,"50 MP, f/2.0, 21mm (wide), 1/2.76"", 0.64µm, AF","4K@30fps, 1080p@30/60fps",No,,"Yes, with stereo speakers",,,Yes,,,,"Glass front, aluminum frame, glass back or glass-fiber reinforced plastic back",,,1966 nits max brightness (measured),"AnTuTu: 1183617 (v10), 1481758 (v11) GeekBench: 4095 (v6) 3DMark: 2098 (Wild Life Extreme)",,"Zeiss optics, HDR",,,,,,,Active use score 16:52h,
Spice,Spice Stellar 520n (Mi-520n),,Phone,https://www.gsmarena.com/spice_stellar_520n_(mi_520n)-6972.php,2026-06-03 06:03 UTC,"2014, December. Released 2014, December",2014.0,Discontinued,145.0,72.8,8.5,156.0,5.0,720.0,1280.0,294.0,8GB,1GB,8.0,2.0,2000.0,,,0.82,,,,,,,,Up to 200 h,Up to 4 h,Li-Ion 2000 mAh battery,,145 x 72.8 x 8.5 mm (5.71 x 2.87 x 0.33 in),Mini-SIM,156 g (5.50 oz),,"3.0, A2DP, EDR",No,GPS,FM radio,microUSB 2.0,"Wi-Fi 802.11 b/g/n, hotspot",,,"720 x 1280 pixels, 16:9 ratio (~294 ppi density)","5.0 inches, 68.9 cm 2 (~65.3% screen-to-body ratio)",IPS LCD,,,,,,,,,,,,,"Accelerometer, proximity","2014, December. Released 2014, December",Discontinued,,"LED flash, panorama, HDR","8 MP, AF",,Yes,,,microSDHC (dedicated slot),8GB 1GB RAM,,Red/Yellow,,,,0.82 W/kg (head),,,GSM 850 / 900 / 1800 / 1900,HSDPA 2100,,,,,HSPA 21.1/5.76 Mbps,GSM / HSPA,,Quad-core 1.3 GHz Cortex-A7,Mediatek MT6582 (28 nm),Mali-400MP2,Android 4.4.2 (KitKat),,2 MP,,Yes,,Yes,Up to 20 h,,,,,,,,,,,,,,,,,,,,
Spice,Spice M-5390 Boss Double XL,,Phone,https://www.gsmarena.com/spice_m_5390_boss_double_xl-5035.php,2026-06-03 06:03 UTC,"2012, August. Released 2012, August",2012.0,Discontinued,118.8,52.5,14.9,70.0,2.6,240.0,320.0,154.0,,,3.0,,2200.0,,,,,,,,,About 30 EUR,,Up to 700 h,Up to 10 h,"Li-Ion 2200 mAh, removable",,118.8 x 52.5 x 14.9 mm (4.68 x 2.07 x 0.59 in),Dual SIM (Mini-SIM),70 g (2.47 oz),,Yes,No,No,FM radio; built-in antenna,Proprietary,No,,,"240 x 320 pixels, 4:3 ratio (~154 ppi density)","2.6 inches, 20.9 cm 2 (~33.6% screen-to-body ratio)","TFT, 65K colors",,,,,,,,,Downloadable,No,,Yes,,"2012, August. Released 2012, August",Discontinued,,,1.3 MP,,Yes,,Yes,microSDHC (dedicated slot),,500 entries,Black,,About 30 EUR,,,,,GSM 900 / 1800 - SIM 1 & SIM 2,,,,No,No,,GSM,,,,,,No,,,No,,Yes,,,,,,,,,,,,,,,,,,,,,
Spice,Spice M-5250 Boss Item,,Phone,https://www.gsmarena.com/spice_m_5250_boss_item-5034.php,2026-06-03 06:03 UTC,"2012, June. Released 2012, June",2012.0,Discontinued,114.8,47.5,14.8,95.0,2.2,176.0,220.0,,,,3.0,,1500.0,,,,,,,,,About 20 EUR,,Up to 350 h,Up to 8 h,"Li-Ion 1500 mAh, removable",,114.8 x 47.5 x 14.8 mm (4.52 x 1.87 x 0.58 in),Dual SIM (Mini-SIM),95 g (3.35 oz),,Yes,No,No,FM radio,Proprietary,No,,,176 x 220 pixels,"2.2 inches, 15.2 cm 2 (~27.9% screen-to-body ratio)","TFT, 65K colors",,,,,,,,,Downloadable,No,,Yes,,"2012, June. Released 2012, June",Discontinued,,,1.3 MP,,Yes,,Yes,microSDHC (dedicated slot),,200 entries,White,,About 20 EUR,,,,,GSM 900 / 1800 - SIM 1 & SIM 2,,,,No,Yes,,GSM,,,,,,No,,,No,,Yes,,,,,,,,,,,,,,,,,,,,,
Spice,Spice M-5363 Boss,,Phone,https://www.gsmarena.com/spice_m_5363_boss-5046.php,2026-06-03 06:03 UTC,"2012, June. Released 2012, June",2012.0,Discontinued,100.0,60.6,13.0,102.0,2.4,240.0,320.0,167.0,,,3.0,,1800.0,,,,,,,,,About 20 EUR,,Up to 400 h,Up to 9 h,"Li-Ion 1800 mAh, removable",,100 x 60.6 x 13 mm (3.94 x 2.39 x 0.51 in),Dual SIM (Mini-SIM),102 g (3.60 oz),,Yes,No,No,"FM radio, recording",Proprietary,No,,,"240 x 320 pixels, 4:3 ratio (~167 ppi density)","2.4 inches, 17.8 cm 2 (~29.4% screen-to-body ratio)","TFT, 256K colors",,,,,,,,,Downloadable,No,,Yes,,"2012, June. Released 2012, June",Discontinued,,,1.3 MP,,Yes,,Yes,microSDHC (dedicated slot),,Practically unlimited entries,Black,,About 20 EUR,,,,,GSM 900 / 1800 - SIM 1 & SIM 2,,,,No,No,,GSM,,,,,,No,,,No,,Yes,,,,,,,,,,,,,,,,,,,,,
Spice,Spice Mi-355 Stellar Craze,,Phone,https://www.gsmarena.com/spice_mi_355_stellar_craze-4991.php,2026-06-03 06:03 UTC,"2012, August. Released 2012, August",2012.0,Discontinued,118.0,62.0,11.5,80.0,3.5,320.0,480.0,165.0,140MB,512MB,5.0,,1420.0,,,,,,,,,About 100 EUR,,Up to 192 h,Up to 4 h,Removable Li-Ion 1420 mAh battery,,118 x 62 x 11.5 mm (4.65 x 2.44 x 0.45 in),Dual SIM (Mini-SIM),80 g (2.82 oz),,Yes,,GPS,FM radio,Proprietary,Wi-Fi 802.11 b/g/n,,,"320 x 480 pixels, 3:2 ratio (~165 ppi density)","3.5 inches, 36.5 cm 2 (~49.9% screen-to-body ratio)","TFT, 256K colors",,,,,MP4/WMV/H.263 player MP3/WAV/AAC+ player Organizer Photo/video editor Voice memo Predictive text input,,,,,,,,"Accelerometer, proximity","2012, August. Released 2012, August",Discontinued,,LED flash,5 MP,,Yes,,,microSDHC (dedicated slot),140MB 512MB RAM,,White,,About 100 EUR,,,,,GSM 900 / 1800 - SIM 1 & SIM 2,HSDPA 900 / 2100,,,,,HSPA,GSM / HSPA,,800 MHz Cortex-A9,Mediatek MT6573 (65 nm),PowerVR SGX531,"Android 2.3 (Gingerbread), upgradable to 4.0 (Ice Cream Sandwich)",,VGA,,Yes,,Yes,,,,,,,,,,,,,,,,,,,,,
Spice,Spice Mi-425 Stellar,,Phone,https://www.gsmarena.com/spice_mi_425_stellar-4834.php,2026-06-03 06:03 UTC,"2012, June. Released 2012, June",2012.0,Discontinued,125.0,63.5,12.5,110.0,4.0,480.0,800.0,233.0,149MB,,5.0,,2000.0,,,0.36,,,,,,About 90 EUR,,,,Removable Li-Ion 2000 mAh battery,,125 x 63.5 x 12.5 mm (4.92 x 2.5 x 0.49 in),Mini-SIM,110 g (3.88 oz),,Yes,,"GPS, A-GPS",FM radio,Proprietary,"Wi-Fi 802.11 b/g, hotspot",,,"480 x 800 pixels, 5:3 ratio (~233 ppi density)","4.0 inches, 45.5 cm 2 (~57.4% screen-to-body ratio)","TFT, 256K colors",,,,,MP4/WMV/H.263 player MP3/WAV/AAC+ player Organizer Document viewer Photo/video editor Voice memo Predictive text input,,,,,,,,"Accelerometer, proximity, compass","2012, June. Released 2012, June",Discontinued,,LED flash,"5 MP, AF",,Yes,,,microSDHC (dedicated slot),149MB,,White/Black,,About 90 EUR,,0.36 W/kg (head),,,GSM 900 / 1800,HSDPA 2100,,,,,HSPA,GSM / HSPA,,1.0 GHz,,,"Android 2.3 (Gingerbread), upgradable to 4.0 (Ice Cream Sandwich)",,VGA,,Yes,,Yes,,,,,,,,,,,,,,,,,,,,,
Spice,Spice M-6868N FLO ME,,Phone,https://www.gsmarena.com/spice_m_6868n_flo_me-4786.php,2026-06-03 06:03 UTC,"2012, Q2",2012.0,Discontinued,116.0,60.9,12.8,87.3,3.5,320.0,480.0,165.0,44MB,,2.0,,1150.0,0.85,,,,,,,,About 50 EUR,,,,Removable Li-Ion 1150 mAh battery,,116 x 60.9 x 12.8 mm (4.57 x 2.40 x 0.50 in),Mini-SIM,87.3 g (3.07 oz),,2.0,,No,"FM radio, recording",microUSB,Wi-Fi 802.11 b/g,,,"320 x 480 pixels, 3:2 ratio (~165 ppi density)","3.5 inches, 36.5 cm 2 (~51.6% screen-to-body ratio)","TFT, 256K colors",,,,,SNS integration MP4/H.263 player MP3/AAC+ player Organizer Voice memo Predictive text input,,,,Downloadable,,,"SMS, MMS, Email, Push Email, IM",Accelerometer,"2012, Q2",Discontinued,,,3.2 MP,,Yes,,Yes,microSDHC (dedicated slot),44MB,"2000 entries, Photocall",Black,,About 50 EUR,0.85 W/kg (head),,,,GSM 900 / 1800,,,,Yes,Yes,,GSM,,,,,,No,,,Yes,,Yes,,,,,,,,,,,,,,,,,,,,,
Spice,Spice M-5600 FLO TV,,Phone,https://www.gsmarena.com/spice_m_5600_flo_tv-4785.php,2026-06-03 06:03 UTC,"2012, Q2",2012.0,Discontinued,112.8,60.5,12.8,110.0,3.2,240.0,320.0,125.0,,,3.0,,1200.0,0.76,,,,,,,,About 30 EUR,,,,Removable Li-Ion 1200 mAh battery,,112.8 x 60.5 x 12.8 mm (4.44 x 2.38 x 0.50 in),Mini-SIM,110 g (3.88 oz),,2.0,,No,"FM radio, recording",microUSB,No,,,"240 x 320 pixels, 4:3 ratio (~125 ppi density)","3.2 inches, 31.7 cm 2 (~46.5% screen-to-body ratio)",TFT,,,,,SNS integration Analog TV MP4/H.263 player MP3/AAC+ player Organizer Voice memo Predictive text input,,,,Downloadable,,,"SMS, MMS",,"2012, Q2",Discontinued,,,1.3 MP,,Yes,,Yes,microSDHC (dedicated slot),,"2000 entries, Photocall","Black, White",,About 30 EUR,0.76 W/kg (head),,,,GSM 900 / 1800,,,,No,Yes,,GSM,,,,,,No,,,TBD,,Yes,,,,,,,,,,,,,,,,,,,,,
Spice,Spice Mi-280,,Phone,https://www.gsmarena.com/spice_mi_280-4700.php,2026-06-03 06:03 UTC,"2012, February. Released 2012, February",2012.0,Discontinued,105.5,57.0,12.9,96.0,2.8,240.0,320.0,143.0,134MB,,15.0,,1000.0,,,,,,,,,About 70 EUR,,Up to 200 h,Up to 3 h 20 min,Removable Li-Ion 1000 mAh battery,,105.5 x 57 x 12.9 mm (4.15 x 2.24 x 0.51 in),Dual SIM (Mini-SIM),96 g (3.39 oz),,"2.1, A2DP",,"GPS, A-GPS",FM radio,microUSB 2.0,Wi-Fi 802.11 b/g,,,"240 x 320 pixels, 4:3 ratio (~143 ppi density)","2.8 inches, 24.3 cm 2 (~40.4% screen-to-body ratio)",TFT,,,,,MP4/H.263 player MP3/AAC+ player Organizer Voice memo Predictive text input,,,,,,,,"Accelerometer, proximity, compass","2012, February. Released 2012, February",Discontinued,,,3.15 MP,,Yes,,,microSDHC (dedicated slot),134MB,,Black,,About 70 EUR,,,,,GSM 900 / 1800 - SIM 1 & SIM 2,HSDPA 2100,,,,,HSPA,GSM / HSPA,,650 MHz Cortex-A9,Mediatek MT6573 (65 nm),PowerVR SGX531,Android 2.3 (Gingerbread),,VGA,,Yes,,Yes,,,,,,,,,,,,,,,,,,,,,
Spice,Spice Mi-350,,Phone,https://www.gsmarena.com/spice_mi_350-4343.php,2026-06-03 06:03 UTC,"2011, Q3. Released 2011, October",2011.0,Discontinued,118.0,60.0,13.4,134.0,3.5,320.0,480.0,165.0,188MB,,15.0,,1500.0,,,,,,,,,About 100 EUR,,Up to 200 h,Up to 3 h,Removable Li-Ion 1500 mAh battery,,118 x 60 x 13.4 mm (4.65 x 2.36 x 0.53 in),Dual SIM (Mini-SIM),134 g (4.76 oz),,"2.1, A2DP",,"GPS, A-GPS",FM radio,2.0,"Wi-Fi 802.11, hotspot",,,"320 x 480 pixels, 3:2 ratio (~165 ppi density)","3.5 inches, 36.5 cm 2 (~51.5% screen-to-body ratio)",TFT,,,,,MP4/H.263 player MP3/AAC+ player Organizer Voice memo Predictive text input,,,,,,,,"Accelerometer, proximity","2011, Q3. Released 2011, October",Discontinued,,,3.15 MP,,Yes,,,microSDHC (dedicated slot),188MB,,Black,,About 100 EUR,,,,,GSM 900 / 1800 / 1900 - SIM 1 & SIM 2,HSDPA 900 / 2100,,,,,HSPA 7.2/5.76 Mbps,GSM / HSPA,,650 MHz Cortex-A9,Mediatek MT6573 (65 nm),PowerVR SGX531,Android 2.3 (Gingerbread),,VGA,,Yes,,Yes,,,,,,,,,,,,,,,,,,,,,
Spice,Spice M-6900 Knight,,Phone,https://www.gsmarena.com/spice_m_6900_knight-4235.php,2026-06-03 06:03 UTC,2011,2011.0,Discontinued,116.0,62.5,11.6,167.0,3.46,320.0,480.0,167.0,39MB,,15.0,,1400.0,,,,,,,,,About 80 EUR,,Up to 432 h,Up to 9 h 25 min,Removable Li-Ion 1400 mAh battery,,116 x 62.5 x 11.6 mm (4.57 x 2.46 x 0.46 in),Dual SIM (Mini-SIM),167 g (5.89 oz),,"2.0, A2DP",,No,"FM radio, recording",2.0,Wi-Fi 802.11 b/g/n,,,"320 x 480 pixels, 3:2 ratio (~167 ppi density)","3.46 inches, 35.6 cm 2 (~49.2% screen-to-body ratio)",TFT,,,,,SNS integration MP4/H.263 player MP3/AAC+ player Organizer Voice memo Predictive text input,,,,Downloadable,Yes,,"SMS(threaded view), MMS, Email, IM",Proximity,2011,Discontinued,,,3.15 MP,,Yes,,Yes,microSDHC (dedicated slot),39MB,2000 entries,Black,,About 80 EUR,,,,,GSM 900 / 1800 / 1900 - SIM 1 & SIM 2,,,,Yes,Yes,,GSM,,,,,,No,,,Yes,,Yes,,,,,,SRS audio,,,,,,,,,,,,,,,
Spice,Spice M-6868,,Phone,https://www.gsmarena.com/spice_m_6868-4236.php,2026-06-03 06:03 UTC,2011,2011.0,Discontinued,114.5,63.0,12.0,91.0,3.44,320.0,480.0,168.0,55MB,,15.0,,1200.0,,,,,,,,,About 50 EUR,,Up to 450 h,Up to 4 h 30 min,Removable Li-Ion 1200 mAh battery,,114.5 x 63 x 12 mm (4.51 x 2.48 x 0.47 in),Dual SIM (Mini-SIM),91 g (3.21 oz),,"2.1, A2DP",,No,"FM radio, recording",2.0,Wi-Fi 802.11 b/g/n,,,"320 x 480 pixels, 3:2 ratio (~168 ppi density)","3.44 inches, 35.2 cm 2 (~48.8% screen-to-body ratio)",TFT,,,,,MP4/H.263 player MP3/AAC+ player Organizer Voice memo Predictive text input,,,,Downloadable,Yes,,"SMS(threaded view), MMS, Email, IM",,2011,Discontinued,,,3.15 MP,,Yes,,Yes,microSDHC (dedicated slot),55MB,1500 entries,Black,,About 50 EUR,,,,,GSM 900 / 1800 - SIM 1 & SIM 2,,,,Yes,Yes,,GSM,,,,,,No,,,No,,Yes,,,,,,,,,,,,,,,,,,,,,
Spice,Spice M-6700,Also known as Spice M6700 Cappuccino,Phone,https://www.gsmarena.com/spice_m_6700-4237.php,2026-06-03 06:03 UTC,2011,2011.0,Discontinued,111.0,54.0,13.2,100.0,3.14,240.0,400.0,149.0,45MB,,15.0,,1000.0,,,,,,,,,About 40 EUR,,Up to 234 h,Up to 8 h 13 min,Removable Li-Ion 1000 mAh battery,,111 x 54 x 13.2 mm (4.37 x 2.13 x 0.52 in),Mini-SIM,100 g (3.53 oz),,"2.0, A2DP",,No,"FM radio, recording",2.0,Wi-Fi 802.11 b/g/n,,,"240 x 400 pixels, 5:3 ratio (~149 ppi density)","3.14 inches, 28.1 cm 2 (~46.8% screen-to-body ratio)",TFT,,,,,MP4/H.263 player MP3/AAC+ player Organizer Voice memo Predictive text input,,,,Downloadable,Yes,,"SMS(threaded view), MMS, Email, IM",,2011,Discontinued,,,3.15 MP,,Yes,,Yes,microSDHC (dedicated slot),45MB,2000 entries,Cappuccino,,About 40 EUR,,,,,GSM 900 / 1800,,,,Yes,Yes,,GSM,,,,,,No,,,Yes,,Yes,,,,,,SRS audio,,,,,,,,,,,,,,,
Spice,Spice M-9000 Popkorn,,Phone,https://www.gsmarena.com/spice_m_9000_popkorn-4623.php,2026-06-03 06:03 UTC,2011,2011.0,Discontinued,119.2,50.3,17.4,123.0,2.36,240.0,320.0,169.0,87MB,,15.0,,1200.0,,,,,,,,,About 60 EUR,,Up to 300 h,Up to 3 h 30 min,Removable Li-Ion 1200 mAh battery,,119.2 x 50.3 x 17.4 mm (4.69 x 1.98 x 0.69 in),Dual SIM (Mini-SIM),123 g (4.34 oz),,"2.1, A2DP",,No,"FM radio, recording; built-in antenna",2.0,No,,,"240 x 320 pixels, 4:3 ratio (~169 ppi density)","2.36 inches, 17.2 cm 2 (~28.8% screen-to-body ratio)","TFT, 256K colors",,,,,Analog TV Pocket Projector Laser Pointer MP4/H.263 player MP3/AAC+ player Organizer Document viewer Voice memo Predictive text input,,,,Downloadable,Yes,,"SMS, MMS, Email",,2011,Discontinued,,,3.15 MP,,Yes,,Yes,microSDHC (dedicated slot),87MB,1500 entries,Black/Silver,,About 60 EUR,,,,,GSM 850 / 900 / 1800 / 1900 - SIM 1 & SIM 2,,,,Yes,Yes,,GSM,,,,,,No,,,,,Yes,,,,,,,,,,,,,,,,,,,,,
Spice,Spice Smart Pulse (M-9010),,Watch,https://www.gsmarena.com/spice_smart_pulse_(m_9010)-7005.php,2026-06-03 06:03 UTC,"2014, July. Released 2014, July",2014.0,Discontinued,53.7,41.7,13.6,52.5,1.6,240.0,320.0,250.0,64MB,,,,420.0,,,0.54,,,,,,,,Up to 50 h (3G),Up to 3 h (3G),"Li-Ion 420 mAh, non-removable",,53.7 x 41.7 x 13.6 mm (2.11 x 1.64 x 0.54 in),Dual SIM (Mini-SIM/ Micro-SIM),52.5 g (1.83 oz),,"2.0, A2DP",No,No,FM radio,No,No,,,240 x 320 pixels (~250 ppi density),1.6 inches,"TFT, 256K colors",,,,,MP3 player,,,,,,,,No,"2014, July. Released 2014, July",Discontinued,,,VGA,,144p@7fps,,,microSDHC (dedicated slot),64MB 64MB,,Black,,,,0.54 W/kg (head),,,GSM 900 / 1800 - SIM 1 & SIM 2,,,,Class 12,Class 12,,GSM,,360 MHz,Mediatek MT6260,No,Proprietary OS,No,,,No,,Yes,,,,,,,,,,,,,,,,,,,,,
Spice,Spice Fire One (Mi-FX-1),,Phone,https://www.gsmarena.com/spice_fire_one_(mi_fx_1)-7004.php,2026-06-03 06:03 UTC,"2014, August. Released 2014, August",2014.0,Discontinued,115.6,62.0,11.2,65.0,3.5,320.0,480.0,165.0,256MB,128MB,3.0,,1400.0,,,0.74,,,,,,,,Up to 120 h,Up to 8 h,Li-Ion 1400 mAh battery,,115.6 x 62 x 11.2 mm (4.55 x 2.44 x 0.44 in),Dual SIM (Mini-SIM),65 g (2.29 oz),,"2.1, A2DP",No,No,FM radio,microUSB 2.0,Wi-Fi 802.11 b/g/n,,,"320 x 480 pixels, 3:2 ratio (~165 ppi density)","3.5 inches, 36.5 cm 2 (~50.9% screen-to-body ratio)","TFT, 256K colors",,,,,MP4/H.263 player MP3/AAC player,,,,,,,,Accelerometer,"2014, August. Released 2014, August",Discontinued,,LED flash,1.3 MP,,Yes,,,microSDHC (dedicated slot),256MB 128MB RAM,,"White, Black, Orange",,,,0.74 W/kg (head),,,GSM 900 / 1800 - SIM 1 & SIM 2,,,,Class 12,Class 12,,GSM,,1.0 GHz,Spreadtrum 6821,,Firefox OS,,VGA,,Yes,,"Yes, dual speakers",Up to 20 h,,,,,,,,,,,,,,,,,,,,
Spice,Spice N-300,,Phone,https://www.gsmarena.com/spice_n_300-7003.php,2026-06-03 06:03 UTC,"2014, August. Released 2014, August",2014.0,Discontinued,150.4,74.8,9.8,180.0,5.0,480.0,854.0,196.0,4GB,512MB,8.0,2.0,2000.0,,,0.82,,,,,,,,Up to 200 h,Up to 5 h,Li-Ion 2000 mAh battery,,150.4 x 74.8 x 9.8 mm (5.92 x 2.94 x 0.39 in),Dual SIM (Mini-SIM/ Micro-SIM),180 g (6.35 oz),,"4.0, A2DP",No,GPS,FM radio,microUSB 2.0,"Wi-Fi 802.11 b/g/n, hotspot",,,"480 x 854 pixels, 16:9 ratio (~196 ppi density)","5.0 inches, 68.9 cm 2 (~61.2% screen-to-body ratio)","IPS LCD, 256K colors",,,,,,,,,,,,,"Accelerometer, proximity","2014, August. Released 2014, August",Discontinued,,"LED flash, panorama","8 MP, AF",,720p@30fps,,,microSDHC,4GB 512MB RAM,,Blue,,,,0.82 W/kg (head),,,GSM 900 / 1800 - SIM 1 & SIM 2,,,,Class 12,Class 12,,GSM,,Dual-core 1.3 GHz Cortex-A7,Mediatek MT6571 (28 nm),Mali-400,Android 4.4.2 (KitKat),,2 MP,,Yes,,"Yes, dual speakers",Up to 30 h,,,,,,,,,,,,,,,,,,,,
Spice,Spice Smart Flo 508 (Mi-508),,Phone,https://www.gsmarena.com/spice_smart_flo_508_(mi_508)-7002.php,2026-06-03 06:03 UTC,"2014, August. Released 2014, August",2014.0,Discontinued,150.4,74.8,9.8,180.0,5.0,480.0,854.0,196.0,4GB,512MB,8.0,2.0,2000.0,,,0.82,,,,,,,,Up to 200 h,Up to 5 h,Li-Ion 2000 mAh battery,,150.4 x 74.8 x 9.8 mm (5.92 x 2.94 x 0.39 in),Dual SIM (Mini-SIM/ Micro-SIM),180 g (6.35 oz),,"4.0, A2DP",No,GPS,FM radio,microUSB 2.0,"Wi-Fi 802.11 b/g/n, hotspot",,,"480 x 854 pixels, 16:9 ratio (~196 ppi density)","5.0 inches, 68.9 cm 2 (~61.2% screen-to-body ratio)","IPS LCD, 256K colors",,,,,,,,,,,,,"Accelerometer, proximity","2014, August. Released 2014, August",Discontinued,,"LED flash, panorama","8 MP, AF",,720p@30fps,,,microSDHC,4GB 512MB RAM,,Blue,,,,0.82 W/kg (head),,,GSM 900 / 1800 - SIM 1 & SIM 2,,,,Class 12,Class 12,,GSM,,Dual-core 1.3 GHz Cortex-A7,Mediatek MT6571 (28 nm),Mali-400,Android 4.4.2 (KitKat),,2 MP,,Yes,,Yes,Up to 30 h,,,,,,,,,,,,,,,,,,,,
Spice,Spice Smart Flo 503 (Mi-503),,Phone,https://www.gsmarena.com/spice_smart_flo_503_(mi_503)-7001.php,2026-06-03 06:03 UTC,"2014, August. Released 2014, August",2014.0,Discontinued,150.4,74.8,9.8,180.0,5.0,480.0,854.0,196.0,4GB,512MB,8.0,2.0,2000.0,,,0.82,,,,,,,,Up to 200 h,Up to 5 h,Li-Ion 2000 mAh battery,,150.4 x 74.8 x 9.8 mm (5.92 x 2.94 x 0.39 in),Dual SIM (Mini-SIM/ Micro-SIM),180 g (6.35 oz),,"4.0, A2DP, EDR",No,GPS,FM radio,microUSB 2.0,"Wi-Fi 802.11 b/g/n, hotspot",,,"480 x 854 pixels, 16:9 ratio (~196 ppi density)","5.0 inches, 68.9 cm 2 (~61.2% screen-to-body ratio)","IPS LCD, 256K colors",,,,,,,,,,,,,"Accelerometer, proximity","2014, August. Released 2014, August",Discontinued,,"LED flash, panorama","8 MP, AF",,720p@30fps,,,microSDHC,4GB 512MB RAM,,"White, Gray",,,,0.82 W/kg (head),,,GSM 900 / 1800 - SIM 1 & SIM 2,,,,Class 12,Class 12,,GSM,,Dual-core 1.3 GHz Cortex-A7,Mediatek MT6571 (28 nm),Mali-400,Android 4.4.2 (KitKat),,2 MP,,Yes,,Yes,Up to 30 h,,,,,,,,,,,,,,,,,,,,
Spice,Spice Smart Flo 359 (Mi-359),,Phone,https://www.gsmarena.com/spice_smart_flo_359_(mi_359)-7000.php,2026-06-03 06:03 UTC,"2014, August. Released 2014, August",2014.0,Discontinued,117.5,62.9,12.0,130.0,3.5,320.0,480.0,165.0,512MB,256MB,2.0,3.0,1400.0,,,0.51,,,,,,,,Up to 280 h,Up to 6 h,Li-Ion 1400 mAh battery,,117.5 x 62.9 x 12 mm (4.63 x 2.48 x 0.47 in),Dual SIM (Mini-SIM),130 g (4.59 oz),,"3.0, A2DP, EDR",No,GPS,FM radio,microUSB 2.0,"Wi-Fi 802.11 b/g/n, hotspot",,,"320 x 480 pixels, 3:2 ratio (~165 ppi density)","3.5 inches, 36.5 cm 2 (~49.4% screen-to-body ratio)","TFT, 256K colors",,,,,,,,,,,,,Accelerometer,"2014, August. Released 2014, August",Discontinued,,LED flash,2 MP,,720p@25fps,,,microSDHC,512MB 256MB RAM,,"Titanium Grey, Silver",,,,0.51 W/kg (head),,,GSM 900 / 1800 - SIM 1 & SIM 2,,,,Class 12,Class 12,,GSM,,Dual-core 1.3 GHz Cortex-A7,Mediatek MT6571 (28 nm),Mali-400,Android 4.4.2 (KitKat),,1.3 MP,,Yes,,Yes,Up to 20 h,,,,,,,,,,,,,,,,,,,,
Spice,Spice Smart Flo 358 (Mi-358),,Phone,https://www.gsmarena.com/spice_smart_flo_358_(mi_358)-6999.php,2026-06-03 06:03 UTC,"2014, October. Released 2014, October",2014.0,Discontinued,118.0,60.4,10.8,130.0,3.5,320.0,480.0,165.0,512MB,256MB,2.0,3.0,1450.0,,,0.57,,,,,,,,Up to 300 h,Up to 6 h 30 min,Li-Ion 1450 mAh battery,,118 x 60.4 x 10.8 mm (4.65 x 2.38 x 0.43 in),Dual SIM (Mini-SIM),130 g (4.59 oz),,"3.0, A2DP, EDR",No,A-GPS,FM radio,microUSB 2.0,"Wi-Fi 802.11 b/g/n, hotspot",,,"320 x 480 pixels, 3:2 ratio (~165 ppi density)","3.5 inches, 36.5 cm 2 (~51.2% screen-to-body ratio)","TFT, 256K colors",,,,,,,,,,,,,Accelerometer,"2014, October. Released 2014, October",Discontinued,,LED flash,2 MP,,720p@25fps,,,microSDHC,512MB 256MB RAM,,"White, Gray",,,,0.57 W/kg (head),,,GSM 900 / 1800 - SIM 1 & SIM 2,,,,Class 12,Class 12,,GSM,,Dual-core 1.3 GHz Cortex-A7,Mediatek MT6571 (28 nm),Mali-400,Android 4.4.2 (KitKat),,1.3 MP,,Yes,,Yes,Up to 20 h,,,,,,,,,,,,,,,,,,,,
Spice,Spice Stellar 439 (Mi-439),,Phone,https://www.gsmarena.com/spice_stellar_439_(mi_439)-6998.php,2026-06-03 06:03 UTC,"2014, August. Released 2014, August",2014.0,Discontinued,125.0,63.0,10.0,113.8,4.0,480.0,800.0,233.0,4GB,512MB,15.0,3.0,1400.0,,,0.85,,,,,,,,Up to 58 h,Up to 5 h 30 min,Li-Ion 1400 mAh battery,,125 x 63 x 10 mm (4.92 x 2.48 x 0.39 in),Dual SIM (Mini-SIM),113.8 g (4.02 oz),,"3.0, A2DP",No,A-GPS,FM radio,microUSB 2.0,"Wi-Fi 802.11 b/g/n, hotspot",,,"480 x 800 pixels, 5:3 ratio (~233 ppi density)","4.0 inches, 45.5 cm 2 (~57.8% screen-to-body ratio)","TFT, 256K colors",,,,,,,,,,,,,Accelerometer,"2014, August. Released 2014, August",Discontinued,,,3.15 MP,,720p@25fps,,,microSDHC,4GB 512MB RAM,,"Brown, Silver",,,,0.85 W/kg (head),,,GSM 900 / 1800 - SIM 1 & SIM 2,HSDPA 2100,,,,,HSPA 21.1/5.76 Mbps,GSM / HSPA,,Dual-core 1.0 GHz Cortex-A7,Mediatek MT6572M (28 nm),Mali-400,Android 4.4.2 (KitKat),,1.3 MP,,Yes,,"Yes, dual speakers",Up to 15 h,,,,,,,,,,,,,,,,,,,,
Spice,Spice Stellar 361 (Mi-361),,Phone,https://www.gsmarena.com/spice_stellar_361_(mi_361)-6997.php,2026-06-03 06:03 UTC,"2014, July. Released 2014, July",2014.0,Discontinued,115.3,60.6,11.9,102.0,3.5,320.0,480.0,165.0,512MB,256MB,2.0,3.0,1400.0,,,0.81,,,,,,,,Up to 72 h,Up to 8 h,Li-Ion 1400 mAh battery,,115.3 x 60.6 x 11.9 mm (4.54 x 2.39 x 0.47 in),Dual SIM (Mini-SIM),102 g (3.60 oz),,"2.0, A2DP",No,GPS,FM radio,microUSB 2.0,"Wi-Fi 802.11 b/g/n, hotspot",,,"320 x 480 pixels, 3:2 ratio (~165 ppi density)","3.5 inches, 36.5 cm 2 (~52.2% screen-to-body ratio)","TFT, 256K colors",,,,,,,,,,,,,Accelerometer,"2014, July. Released 2014, July",Discontinued,,LED flash,2 MP,,480p@25fps,,,microSDHC,512MB 256MB RAM,,"Black, White",,,,0.81 W/kg (head),,,GSM 900 / 1800 - SIM 1 & SIM 2,HSDPA 2100,,,,,HSPA 21.1/5.76 Mbps,GSM / HSPA,,Dual-core 1.0 GHz Cortex-A7,Mediatek MT6572M (28 nm),Mali-400,Android 4.2.2 (Jelly Bean),,1.3 MP,,Yes,,"Yes, dual speakers",Up to 15 h,,,,,,,,,,,,,,,,,,,,
Spice,Spice Stellar 507 (Mi-507),,Phone,https://www.gsmarena.com/spice_stellar_507_(mi_507)-6996.php,2026-06-03 06:03 UTC,"2014, August. Released 2014, August",2014.0,Discontinued,145.2,72.7,10.7,184.0,5.0,480.0,854.0,196.0,4GB,512MB,8.0,3.0,1800.0,,,0.94,,,,,,,,Up to 200 h,Up to 8 h,Li-Ion 1800 mAh battery,,145.2 x 72.7 x 10.7 mm (5.72 x 2.86 x 0.42 in),Dual SIM (Mini-SIM/ Micro-SIM),184 g (6.49 oz),,"4.0, A2DP, EDR",No,GPS,FM radio,microUSB 2.0,"Wi-Fi 802.11 b/g/n, hotspot",,,"480 x 854 pixels, 16:9 ratio (~196 ppi density)","5.0 inches, 68.9 cm 2 (~65.3% screen-to-body ratio)","TFT, 256K colors",,,,,,,,,,,,,"Accelerometer, proximity","2014, August. Released 2014, August",Discontinued,,"LED flash, panorama","8 MP, AF",,720p@30fps,,,microSDHC,4GB 512MB RAM,,"Red/Black, Blue/Black",,,,0.94 W/kg (head),,,GSM 900 / 1800 - SIM 1 & SIM 2,HSDPA 2100,,,,,HSPA 21.1/5.76 Mbps,GSM / HSPA,,Dual-core 1.3 GHz Cortex-A7,Mediatek MT6572 (28 nm),Mali-400,Android 4.4.2 (KitKat),,1.3 MP,,Yes,,Yes,Up to 28 h,,,,,,,,,,,,,,,,,,,,
Spice,Spice Stellar 509 (Mi-509),,Phone,https://www.gsmarena.com/spice_stellar_509_(mi_509)-6995.php,2026-06-03 06:03 UTC,"2014, May. Released 2014, May",2014.0,Discontinued,145.0,79.0,9.5,120.0,5.0,480.0,854.0,196.0,4GB,1GB,8.0,2.0,2000.0,,,0.92,,,,,,,,Up to 170 h,Up to 4 h 30 min,Li-Ion 2000 mAh battery,,145 x 79 x 9.5 mm (5.71 x 3.11 x 0.37 in),Mini-SIM,120 g (4.23 oz),,"3.0, A2DP",No,GPS,FM radio,microUSB 2.0,"Wi-Fi 802.11 a/b/g/n, dual-band, hotspot",,,"480 x 854 pixels, 16:9 ratio (~196 ppi density)","5.0 inches, 68.9 cm 2 (~60.1% screen-to-body ratio)",IPS LCD,,,,,,,,,,,,,"Accelerometer, proximity","2014, May. Released 2014, May",Discontinued,,"LED flash, panorama, HDR","8 MP, AF",,720p@30fps,,,microSDHC (dedicated slot),4GB 1GB RAM,,White,,,,0.92 W/kg (head),,,GSM 850 / 900 / 1800 / 1900,HSDPA 2100,,,,,HSPA 21.1/5.76 Mbps,GSM / HSPA,,Quad-core 1.3 GHz Cortex-A7,Mediatek MT6582M (28 nm),Mali-400MP2,Android 4.4.2 (KitKat),,2 MP,,Yes,,Yes,Up to 30 h,,,,,,,,,,,,,,,,,,,,
Spice,Spice Stellar 600 (Mi-600),,Phone,https://www.gsmarena.com/spice_stellar_600_(mi_600)-6976.php,2026-06-03 06:03 UTC,"2014, July. Released 2014, July",2014.0,Discontinued,,,,189.0,6.0,540.0,960.0,184.0,4GB,1GB,8.0,15.0,2500.0,,,0.44,,,,,,,,Up to 100 h,Up to 18 h,Li-Po 2500 mAh battery,,,Dual SIM (Mini-SIM/ Micro-SIM),189 g (6.67 oz),,"3.0, A2DP",No,GPS,FM radio,microUSB 2.0,"Wi-Fi 802.11 a/b/g/n, dual-band, hotspot",,,"540 x 960 pixels, 16:9 ratio (~184 ppi density)","6.0 inches, 99.2 cm 2",IPS LCD,,,,,,,,,,,,,"Accelerometer, proximity","2014, July. Released 2014, July",Discontinued,,"LED flash, panorama, HDR","8 MP, AF",,720p@30fps,,,microSDHC,4GB 1GB RAM,,White,,,,0.44 W/kg (head),,,GSM 900 / 1800 - SIM 1 & SIM 2,HSDPA 2100,,,,,HSPA 21.1/5.76 Mbps,GSM / HSPA,,Quad-core 1.3 GHz Cortex-A7,Mediatek MT6582M (28 nm),Mali-400MP2,Android 4.4.2 (KitKat),,3.15 MP,,Yes,,Yes,Up to 35 h,,,,,,,,,,,,,,,,,,,,
Spice,Spice Stellar 526 (Mi-526),,Phone,https://www.gsmarena.com/spice_stellar_526_(mi_526)-6975.php,2026-06-03 06:03 UTC,"2014, July. Released 2014, July",2014.0,Discontinued,143.6,71.7,8.3,210.0,5.0,720.0,1280.0,294.0,8GB,1GB,8.0,15.0,2500.0,,,0.44,,,,,,,,Up to 280 h,Up to 9 h,Li-Po 2500 mAh battery,,143.6 x 71.7 x 8.3 mm (5.65 x 2.82 x 0.33 in),Dual SIM (Mini-SIM/ Micro-SIM),210 g (7.41 oz),,"4.0, A2DP, EDR",No,GPS,FM radio,"microUSB 2.0, OTG","Wi-Fi 802.11 a/b/g/n, dual-band, hotspot",,,"720 x 1280 pixels, 16:9 ratio (~294 ppi density)","5.0 inches, 68.9 cm 2 (~66.9% screen-to-body ratio)",TFT,,,,,,,,,,,,,"Accelerometer, proximity","2014, July. Released 2014, July",Discontinued,,"LED flash, panorama, HDR","8 MP, AF",,1080p@30fps,,,microSDHC,8GB 1GB RAM,,"White, Silver",,,,0.44 W/kg (head),,,GSM 900 / 1800 - SIM 1 & SIM 2,HSDPA 2100,,,,,HSPA 21.1/5.76 Mbps,GSM / HSPA,,Hexa-core 1.5 GHz Cortex-A7,Mediatek MT6591,Mali-450MP4,Android 4.4.2 (KitKat),,3.15 MP,,Yes,,Yes,Up to 35 h,,,,,,,,,,,,,,,,,,,,
Spice,Spice Stellar 520 (Mi-520),,Phone,https://www.gsmarena.com/spice_stellar_520_(mi_520)-6974.php,2026-06-03 06:03 UTC,"2014, July. Released 2014, July",2014.0,Discontinued,145.0,72.8,8.5,156.0,5.0,720.0,1280.0,294.0,4GB,1GB,8.0,2.0,2000.0,,,0.82,,,,,,,,Up to 200 h,Up to 4 h,Li-Ion 2000 mAh battery,,145 x 72.8 x 8.5 mm (5.71 x 2.87 x 0.33 in),Mini-SIM,156 g (5.50 oz),,"3.0, A2DP, EDR",No,GPS,FM radio,microUSB 2.0,"Wi-Fi 802.11 b/g/n, hotspot",,,"720 x 1280 pixels, 16:9 ratio (~294 ppi density)","5.0 inches, 68.9 cm 2 (~65.3% screen-to-body ratio)",IPS LCD,,,,,,,,,,,,,"Accelerometer, proximity","2014, July. Released 2014, July",Discontinued,,"LED flash, panorama, HDR","8 MP, AF",,Yes,,,microSDHC (dedicated slot),4GB 1GB RAM,,Red/Yellow,,,,0.82 W/kg (head),,,GSM 850 / 900 / 1800 / 1900,HSDPA 2100,,,,,HSPA 21.1/5.76 Mbps,GSM / HSPA,,Quad-core 1.3 GHz Cortex-A7,Mediatek MT6582 (28 nm),Mali-400MP2,Android 4.4.2 (KitKat),,2 MP,,Yes,,Yes,Up to 20 h,,,,,,,,,,,,,,,,,,,,
Sony,Sony Xperia M2,,Phone,https://www.gsmarena.com/sony_xperia_m2-6146.php,2026-06-03 06:03 UTC,"2014, February. Released 2014, May",2014.0,Discontinued,139.7,71.1,8.6,148.0,4.8,540.0,960.0,229.0,8GB,1GB,8.0,,2300.0,0.7,1.13,0.77,0.78,,,,,About 170 EUR,,Up to 588 h (2G) / Up to 633 h (3G),Up to 13 h 25 min (2G) / Up to 14 h 36 min (3G),"Li-Ion 2300 mAh, non-removable",,139.7 x 71.1 x 8.6 mm (5.5 x 2.80 x 0.34 in),Micro-SIM,148 g (5.22 oz),,"4.0, A2DP, aptX",Yes,"GPS, GLONASS","FM radio, RDS","microUSB 2.0, OTG","Wi-Fi 802.11 a/b/g/n, dual-band, Wi-Fi Direct, DLNA, hotspot",,Corning Gorilla Glass 3,"540 x 960 pixels, 16:9 ratio (~229 ppi density)","4.8 inches, 63.5 cm 2 (~63.9% screen-to-body ratio)",TFT,,,,,ANT+,,,,,,,,"Accelerometer, proximity, compass","2014, February. Released 2014, May",Discontinued,,"LED flash, HDR, panorama","8 MP, f/2.4, AF",,"1080p@30fps, HDR",eMMC 4.5,,microSDHC (dedicated slot),8GB 1GB RAM,,"Black, White, Purple","D2303, D2305, D2306",About 170 EUR,0.70 W/kg (head)     1.13 W/kg (body),0.77 W/kg (head)     0.78 W/kg (body),HSDPA 850 / 1700 / 1900 / 2100 - D2306,HSDPA 850 / 900 / 1900 / 2100 - D2305,GSM 850 / 900 / 1800 / 1900 - all models,HSDPA 850 / 900 / 2100 - D2303,"1, 3, 5, 7, 8, 20 - D2303",,,,"HSPA 42.2(D2303, D2306)/21.1(D2305)/5.76 Mbps, LTE Cat4 150/50 Mbps",GSM / HSPA / LTE,Voice 66dB / Noise 66dB / Ring 75dB,Quad-core 1.2 GHz Cortex-A7,"Qualcomm MSM8926 Snapdragon 400 (28 nm) (D2303, D2306) Qualcomm MSM8226 Snapdragon 400 (28 nm) (D2305)",Adreno 305,"Android 4.3 (Jelly Bean), upgradable to 5.1 (Lollipop)",,VGA,480p,Yes,,Yes,Up to 58 h 25 min,,,Noise -86.6dB / Crosstalk -88.1dB,Photo / Video,,,,Endurance rating 67h,"Contrast ratio: 1000:1 (nominal), 1.393 (sunlight)",,,,,"2, 4, 7, 17 - D2306",,,,,,
Sony,Sony Xperia M2 dual,Also known as Sony Xperia M2 dual D2302,Phone,https://www.gsmarena.com/sony_xperia_m2_dual-6162.php,2026-06-03 06:03 UTC,"2014, February. Released 2014, April",2014.0,Discontinued,139.7,71.1,8.6,148.0,4.8,540.0,960.0,229.0,8GB,1GB,8.0,,2300.0,0.7,1.13,0.77,0.78,,,,,About 180 EUR,,Up to 580 h (2G) / Up to 597 h (3G),Up to 11 h 14 min (2G) / Up to 12 h (3G),"Li-Ion 2300 mAh, non-removable",,139.7 x 71.1 x 8.6 mm (5.5 x 2.80 x 0.34 in),"Dual SIM (Micro-SIM, dual stand-by)",148 g (5.22 oz),,"4.0, A2DP, aptX",Yes,"GPS, GLONASS","FM radio, RDS","microUSB 2.0, OTG","Wi-Fi 802.11 a/b/g/n, dual-band, Wi-Fi Direct, DLNA, hotspot",,Corning Gorilla Glass 3,"540 x 960 pixels, 16:9 ratio (~229 ppi density)","4.8 inches, 63.5 cm 2 (~63.9% screen-to-body ratio)",TFT,,,,,ANT+,,,,,,,,"Accelerometer, proximity, compass","2014, February. Released 2014, April",Discontinued,,"LED flash, HDR, panorama","8 MP, AF",,"1080p@30fps, HDR",eMMC 4.5,,microSDHC (dedicated slot),8GB 1GB RAM,,"Black, White, Purple",D2302,About 180 EUR,0.70 W/kg (head)     1.13 W/kg (body),0.77 W/kg (head)     0.78 W/kg (body),,,GSM 850 / 900 / 1800 / 1900 - SIM 1 & SIM 2,HSDPA 850 / 900 / 1900 / 2100,,,,,HSPA 21.1/5.76 Mbps,GSM / HSPA,,Quad-core 1.2 GHz Cortex-A7,Qualcomm MSM8226-0 Snapdragon 400 (28 nm),Adreno 305,"Android 4.3 (Jelly Bean), upgradable to 5.1 (Lollipop)",,VGA,480p,Yes,,Yes,Up to 37 h,,,,,,,,,,,,,,,,,,,,
Sony,Sony Xperia U,Previously known as Sony Ericsson ST25i Kumquat,Phone,https://www.gsmarena.com/sony_xperia_u-4437.php,2026-06-03 06:03 UTC,"2012, February. Released 2012, May",2012.0,Discontinued,112.0,54.0,12.0,110.0,3.5,480.0,854.0,280.0,512MB | 8GB,512MB,5.0,,1320.0,1.09,0.93,1.62,,,,,,About 140 EUR,,Up to 260 h (2G) / Up to 472 h (3G),Up to 6 h 36 min (2G) / Up to 5 h 36 min (3G),Removable Li-Ion 1320 mAh battery,,112 x 54 x 12 mm (4.41 x 2.13 x 0.47 in),Mini-SIM,110 g (3.88 oz),,"2.1, A2DP, EDR",,"GPS, A-GPS","Stereo FM radio, RDS","microUSB 2.0, OTG","Wi-Fi 802.11 b/g/n, hotspot, DLNA",,Scratch-resistant glass,"480 x 854 pixels, 16:9 ratio (~280 ppi density)","3.5 inches, 33.8 cm 2 (~55.8% screen-to-body ratio)",TFT,,,,,,,,,,,,,"Accelerometer, proximity, compass","2012, February. Released 2012, May",Discontinued,,"LED flash, panorama","5 MP, AF",,720p@30fps,,,No,"8GB (4GB user available), 512MB RAM",,"Black, White/ exchangeable bottom caps in white, black, pink, yellow",,About 140 EUR,1.09 W/kg (head)     0.93 W/kg (body),1.62 W/kg (head),HSDPA 850 / 1900 / 2100 - ST25a,,GSM 850 / 900 / 1800 / 1900,HSDPA 900 / 2100 - ST25i,,,,,HSPA 14.4/5.76 Mbps,GSM / HSPA,Voice 65dB / Noise 65dB / Ring 72dB,Dual-core 1.0 GHz Cortex-A9,NovaThor U8500,Mali-400,"Android 2.3 (Gingerbread), upgradable to 4.0 (Ice Cream Sandwich)",,VGA,,Yes,,Yes,Up to 45 h,,,Noise -87.3dB / Crosstalk -87.7dB,Photo / Video,,,,,Contrast ratio: 930:1 (nominal) / 1.758:1 (sunlight),,,,,,,,,,,
Sony,Sony Xperia P,Previously known as Sony LT22i Nypon,Phone,https://www.gsmarena.com/sony_xperia_p-4436.php,2026-06-03 06:03 UTC,"2012, February. Released 2012, May",2012.0,Discontinued,122.0,59.5,10.5,120.0,4.0,540.0,960.0,275.0,16GB | 1GB,1GB,8.0,,1305.0,1.18,0.84,0.78,,,,,,About 210 EUR,,Up to 470 h (2G) / Up to 475 h (3G),Up to 6 h (2G) / Up to 5 h (3G),Non-removable Li-Ion 1305 mAh battery,,122 x 59.5 x 10.5 mm (4.80 x 2.34 x 0.41 in),Micro-SIM,120 g (4.23 oz),,"2.1, A2DP, EDR",Yes,"GPS, A-GPS","Stereo FM radio, RDS","microUSB 2.0, OTG","Wi-Fi 802.11 b/g/n, hotspot, DLNA",Sony WhiteMagic,Scratch-resistant glass,"540 x 960 pixels, 16:9 ratio (~275 ppi density)","4.0 inches, 44.1 cm 2 (~60.8% screen-to-body ratio)","LED-backlit LCD,",,,,,HDMI port,,,,,,,,"Accelerometer, gyro, proximity, compass","2012, February. Released 2012, May",Discontinued,,"LED flash, panorama","8 MP, AF",,1080p@30fps,,,No,"16GB (13GB user available), 1GB RAM",,"Silver, Black, Red",LT22i,About 210 EUR,1.18 W/kg (head)     0.84 W/kg (body),0.78 W/kg (head),,,GSM 850 / 900 / 1800 / 1900,HSDPA 850 / 900 / 1900 / 2100 - LT22i,,,,,HSPA 14.4/5.76 Mbps,GSM / HSPA,Voice 60dB / Noise 61dB / Ring 63dB,Dual-core 1.0 GHz Cortex-A9,NovaThor U8500,Mali-400,"Android 2.3 (Gingerbread), upgradable to 4.1 (Jelly Bean)",,VGA,,Yes,,Yes,Up to 80 h,,,Noise -87.3dB / Crosstalk -86.2dB,Photo / Video,,,,Endurance rating 28h,Contrast ratio: 775:1 (nominal),,,,,,,,,,,
Sony,Sony Xperia S,"Also known as Sony Ericsson Xperia Nozomi, Sony Ericsson Arc HD",Phone,https://www.gsmarena.com/sony_xperia_s-4369.php,2026-06-03 06:03 UTC,"2012, January. Released 2012, February",2012.0,Discontinued,128.0,64.0,10.6,144.0,4.3,720.0,1280.0,342.0,32GB,1GB,12.0,3.0,1750.0,1.31,0.6,1.3,,,,,,About 230 EUR,,Up to 450 h (2G) / Up to 420 h (3G),Up to 7 h 30 min (2G) / Up to 8 h 30 min (3G),Non-removable Li-Ion 1750 mAh battery,,128 x 64 x 10.6 mm (5.04 x 2.52 x 0.42 in),Micro-SIM,144 g (5.08 oz),,"2.1, A2DP, EDR",Yes,"GPS, A-GPS, GLONASS","Stereo FM radio, RDS","microUSB 2.0, OTG","Wi-Fi 802.11 b/g/n, DLNA, hotspot",,Scratch-resistant glass,"720 x 1280 pixels, 16:9 ratio (~342 ppi density)","4.3 inches, 51.0 cm 2 (~62.2% screen-to-body ratio)","LED-backlit LCD,",,,,,ANT+ TV launcher HDMI port MP4/H.264/WMV player MP3/eAAC+/WMA/WAV player TrackID music recognition Document viewer Voice memo/dial/commands Predictive text input,,,,,,,,"Accelerometer, gyro, proximity, compass","2012, January. Released 2012, February",Discontinued,,"LED flash, panorama","12 MP, AF",,1080p@30fps,,,No,32GB 1GB RAM,,"White, Black, Silver",LT26i,About 230 EUR,1.31 W/kg (head)     0.60 W/kg (body),1.30 W/kg (head),,,GSM 850 / 900 / 1800 / 1900,HSDPA 850 / 900 / 1900 / 2100 - LT26i,,,,,HSPA 14.4/5.76 Mbps,GSM / HSPA,Voice 72dB / Noise 61dB / Ring 69dB,Dual-core 1.5 GHz Scorpion,Qualcomm MSM8260 Snapdragon S3,Adreno 220,"Android 2.3 (Gingerbread), upgradable to 4.1.2 (Jelly Bean)",,1.3 MP,720p@30fps,Yes,,Yes,Up to 25 h,,,Noise -86.6dB / Crosstalk -86.9dB,Photo / Video,,,,,Contrast ratio: 1038:1 (nominal),,,,,,,,,,,
Sony,Sony Xperia ion HSPA,Also known as Xperia ion lt28h,Phone,https://www.gsmarena.com/sony_xperia_ion_hspa-4798.php,2026-06-03 06:03 UTC,"2012, April. Released 2012, June",2012.0,Discontinued,133.0,68.0,10.8,144.0,4.55,720.0,1280.0,323.0,1GB,1GB,12.0,3.0,1900.0,1.08,0.97,1.02,,,,,,About 250 EUR,,Up to 400 h (2G) / Up to 350 h (3G),Up to 10 h (2G) / Up to 4 h (3G),Non-removable Li-Ion 1900 mAh battery,,133 x 68 x 10.8 mm (5.24 x 2.68 x 0.43 in),Micro-SIM,144 g (5.08 oz),,"2.1, A2DP, EDR",Yes,"GPS, A-GPS, GLONASS","Stereo FM radio, RDS","microUSB 2.0, OTG","Wi-Fi 802.11 b/g/n, Wi-Fi Direct, DLNA, hotspot",,Scratch-resistant glass,"720 x 1280 pixels, 16:9 ratio (~323 ppi density)","4.55 inches, 57.1 cm 2 (~63.1% screen-to-body ratio)","LED-backlit LCD,",,,,,ANT+ HDMI port MP4/H.264/WMV player MP3/eAAC+/WMA/WAV player TrackID music recognition Document viewer Voice memo/dial/commands Predictive text input,,,,,,,,"Accelerometer, gyro, proximity, compass","2012, April. Released 2012, June",Discontinued,,"LED flash, panorama","12 MP, AF",,1080p@30fps,,,microSDHC (dedicated slot),"13.2GB (12.9GB user available), 1GB RAM",,"Black, Red",LT28h,About 250 EUR,1.08 W/kg (head)     0.97 W/kg (body),1.02 W/kg (head),,,GSM 850 / 900 / 1800 / 1900,HSDPA 850 / 900 / 1700 / 1900 / 2100,,,,,HSPA 42.2/5.76 Mbps,GSM / HSPA,,Dual-core 1.5 GHz Scorpion,Qualcomm MSM8260 Snapdragon S3,Adreno 220,"Android 2.3 (Gingerbread), upgradable to 4.1.2 (Jelly Bean)",,1.3 MP,720p@30fps,Yes,,Yes,Up to 12 h,,,,,,,,,,,,,,,,,,,,
Sony,Sony Xperia ion LTE,Available on AT&T as Sony as Sony Xperia ion LT28atAlso known as Xperia ion LTE lt28i,Phone,https://www.gsmarena.com/sony_xperia_ion_lte-4412.php,2026-06-03 06:03 UTC,"2012, January. Released 2012, June",2012.0,Discontinued,133.0,68.0,10.8,144.0,4.55,720.0,1280.0,323.0,16GB,1GB,12.0,3.0,1900.0,1.05,0.57,0.87,,,,,,About 210 EUR,,Up to 400 h (2G) / Up to 350 h (3G),Up to 10 h (2G) / Up to 4 h (3G),Non-removable Li-Ion 1900 mAh battery,,133 x 68 x 10.8 mm (5.24 x 2.68 x 0.43 in),Mini-SIM,144 g (5.08 oz),,"2.1, A2DP, EDR",Yes,"GPS, A-GPS, GLONASS","Stereo FM radio, RDS","microUSB 2.0, OTG","Wi-Fi 802.11 b/g/n, Wi-Fi Direct, DLNA, hotspot",,Scratch-resistant glass,"720 x 1280 pixels, 16:9 ratio (~323 ppi density)","4.55 inches, 57.1 cm 2 (~63.1% screen-to-body ratio)","LED-backlit LCD,",,,,,ANT+ HDMI port MP4/H.264/WMV player MP3/eAAC+/WMA/WAV player TrackID music recognition Document viewer Voice memo/dial/commands Predictive text input,,,,,,,,"Accelerometer, gyro, proximity, compass","2012, January. Released 2012, June",Discontinued,,"LED flash, panorama","12 MP, AF",,1080p@30fps,,,microSDHC (dedicated slot),16GB 1GB RAM,,"Black, White",,About 210 EUR,1.05 W/kg (head)     0.57 W/kg (body),0.87 W/kg (head),HSDPA 850 / 1700 / 1900 / 2100,,GSM 850 / 900 / 1800 / 1900,HSDPA 850 / 1900 / 2100,"4, 17",,,,"HSPA 21.1/5.76 Mbps, LTE Cat3 100/50 Mbps",GSM / HSPA / LTE,,Dual-core 1.5 GHz Scorpion,Qualcomm MSM8260 Snapdragon S3,Adreno 220,"Android 2.3 (Gingerbread), 4.0 (Ice Cream Sandwich), upgradable to 4.1.2 (Jelly Bean)",,1.3 MP,720p@30fps,Yes,,Yes,Up to 12 h,,,Noise -81.7dB / Crosstalk -38.5dB,,,,,Endurance rating 31h,,,,,,,,,,,,
Sony,Sony Tablet P,"Tablet with no support for GSM voice communication, SMS, and MMSAlso known as also known as Sony Tablet S2",Tablet,https://www.gsmarena.com/sony_tablet_p-4648.php,2026-06-03 06:03 UTC,"2012, Q1. Released 2012, September",2012.0,Discontinued,180.0,158.0,14.0,372.0,5.5,1024.0,480.0,206.0,4GB,1GB,5.0,,3080.0,,,,,,,,,About 210 EUR,,Up to 120 h,,Non-removable Li-Ion 3080 mAh battery,,"180 x 158 x 14 mm (opened), 180 x 79 x 28 mm (closed)",Mini-SIM,372 g (13.12 oz),,"2.1, A2DP",,GPS,No,microUSB 2.0,"Wi-Fi 802.11 b/g/n, DLNA",,,1024 x 480 pixels (~206 ppi density),"5.5 inches, 75.0 cm 2 (~26.4% screen-to-body ratio)",Dual TFT,,,,,MP4/H.264 player MP3/WAV/eAAC+/OGG player Organizer Voice memo Predictive text input,,,,,,,,"Accelerometer, gyro, compass","2012, Q1. Released 2012, September",Discontinued,,,"5 MP, AF",,720p@30fps,,,microSDHC (dedicated slot),4GB 1GB RAM,,Silver/Black,,About 210 EUR,,,,,GSM 850 / 900 / 1800 / 1900 N/A,,,,No,No,,GSM,,Dual-core 1.0 GHz Cortex-A9,Nvidia Tegra 2 T20,ULP GeForce,"Android 3.2 (Honeycomb), upgradable to 4.0 (Ice Cream Sandwich)",,VGA,,Yes,,"Yes, with stereo speakers",Up to 17 h,,,,,,,,,,,,,,,,,,,,
Sony,Sony Tablet P 3G,"Tablet with no support for GSM voice communication, SMS, and MMSAlso known as also known as Sony Tablet S2",Tablet,https://www.gsmarena.com/sony_tablet_p_3g-4139.php,2026-06-03 06:03 UTC,"2011, August. Released 2011, November",2011.0,Discontinued,180.0,158.0,14.0,372.0,5.5,1024.0,480.0,206.0,4GB,1GB,5.0,,3080.0,,,,,,,,,About 180 EUR,,Up to 120 h,,Non-removable Li-Ion 3080 mAh battery,,"180 x 158 x 14 mm (opened), 180 x 79 x 28 mm (closed)",Mini-SIM,372 g (13.12 oz),,"2.1, A2DP",,GPS,No,microUSB 2.0,"Wi-Fi 802.11 b/g/n, DLNA",,,1024 x 480 pixels (~206 ppi density),"5.5 inches, 75.0 cm 2 (~26.4% screen-to-body ratio)",Dual TFT,,,,,MP4/H.264 player MP3/WAV/eAAC+/OGG player Organizer Voice memo Predictive text input,,,,,,,,"Accelerometer, gyro, compass","2011, August. Released 2011, November",Discontinued,,,"5 MP, AF",,720p@30fps,,,"microSDHC (dedicated slot), 2 GB included",4GB 1GB RAM,,Silver/Black,,About 180 EUR,,,,,GSM 850 / 900 / 1800 / 1900,HSDPA 850 / 900 / 1900 / 2100,17 - AT&T,,,,HSPA 14.4/5.76 Mbps,GSM / HSPA / LTE,,Dual-core 1.0 GHz Cortex-A9,Nvidia Tegra 2 T20,ULP GeForce,"Android 3.2 (Honeycomb), upgradable to 4.0 (Ice Cream Sandwich)",,VGA,,Yes,,"Yes, with stereo speakers",Up to 17 h,,,,,,,,,,,,,,,,,,,,
Sony,Sony Tablet S 3G,"Tablet with no support for GSM voice communication, SMS, and MMS",Tablet,https://www.gsmarena.com/sony_tablet_s_3g-4138.php,2026-06-03 06:03 UTC,"2011, August. Released 2011, September",2011.0,Discontinued,,,,625.0,9.4,800.0,1280.0,161.0,16GB | 32GB,1GB,5.0,,,,,,,,,,,About 260 EUR,,Up to 400 h,Up to 7 h,Non-removable Li-Ion battery,,241.2 x 174.3 x 10.1-20.6 mm,Mini-SIM,625 g (1.38 lb),,"2.1, A2DP, EDR",,GPS,No,"microUSB 2.0 (MHL TV-out), OTG","Wi-Fi 802.11 b/g/n, DLNA",,,"800 x 1280 pixels, 16:10 ratio (~161 ppi density)","9.4 inches, 256.2 cm 2 (~60.9% screen-to-body ratio)",TFT,,,,,MP4/H.264 player MP3/WAV/eAAC+/OGG player Organizer Voice memo Predictive text input,,,,,,,,"Accelerometer, gyro, compass","2011, August. Released 2011, September",Discontinued,,,"5 MP, AF",,720p@30fps,,,"SD, up to 32 GB","16GB 1GB RAM, 32GB 1GB RAM",,Black,,About 260 EUR,,,,,GSM 850 / 900 / 1800 / 1900,HSDPA 900 / 2100,,,,,HSPA 14.4/5.76 Mbps,GSM / HSPA,,Dual-core 1.0 GHz Cortex-A9,Nvidia Tegra 2 T20,ULP GeForce,"Android 3.2 (Honeycomb), upgradable to 4.0.3 (Ice Cream Sandwich)",,VGA,,Yes,,"Yes, with stereo speakers",Up to 31 h,,Yes,,,,,,,,,,,,,,,,,,
Sony,Sony Tablet S,"Tablet with no support for GSM voice communication, SMS, and MMS",Tablet,https://www.gsmarena.com/sony_tablet_s-4137.php,2026-06-03 06:03 UTC,"2011, August. Released 2011, September",2011.0,Discontinued,,,,598.0,9.4,800.0,1280.0,161.0,16GB | 32GB,1GB,5.0,,,,,,,,,,,About 180 EUR,,Up to 430 h,Up to 7 h,Non-removable Li-Ion battery,,241.2 x 174.3 x 10.1-20.6 mm,No,598 g (1.32 lb),,"2.1, A2DP, EDR",,GPS,No,"microUSB 2.0, OTG","Wi-Fi 802.11 b/g/n, DLNA",,,"800 x 1280 pixels, 16:10 ratio (~161 ppi density)","9.4 inches, 256.2 cm 2 (~60.9% screen-to-body ratio)",TFT,,,,,MP4/H.264 player MP3/WAV/eAAC+/OGG player Organizer Voice memo Predictive text input,,,,,,,,"Accelerometer, gyro, compass","2011, August. Released 2011, September",Discontinued,,,"5 MP, AF",,720p@30fps,,,"SD, up to 32 GB","16GB 1GB RAM, 32GB 1GB RAM",,Black,"sgpt111, sgpt112",About 180 EUR,,,,,,,,,No,No,,No cellular connectivity,,Dual-core 1.0 GHz Cortex-A9,Nvidia Tegra 2 T20,ULP GeForce,"Android 3.1 (Honeycomb), upgradable to 4.0.3 (Ice Cream Sandwich)",,VGA,,Yes,,"Yes, with stereo speakers",Up to 31 h,,Yes,,,,,,,,,,,,,,,,,,
Sony,Sony CMD Z7,,Phone,https://www.gsmarena.com/sony_cmd_z7-281.php,2026-06-03 06:03 UTC,"2001, Q4",2001.0,Discontinued,91.0,50.0,25.0,95.0,,96.0,92.0,,,,,,,,,,,,,,,,,135 h - 240 h,3 h - 5 h,Removable Li-Po battery,,"91 x 50 x 25 mm, 90 cc (3.58 x 1.97 x 0.98 in)",Mini-SIM,95 g (3.35 oz),No,No,,No,No,,No,Advanced Jog Dial (5D) Wallpaper download,,"96 x 92 pixels, 6 lines, 1:1 ratio",,"Grayscale graphic, 4 shades",,,,,Predictive text input Organizer Voice Memo,Yes,"WAP, HTML (MS)",Yes,Yes,No,,"SMS, Email",,"2001, Q4",Discontinued,,,,,,Keeps fax and email for phonebook entries Message templates Several phonebook groups 20 SMS messages in phone,"10 dialed, 10 received, 10 missed calls",No,,500.0,,,,,,,,GSM 900 / 1800,,,,No,No,,GSM,,,,,,,,,No,Downloadable polyphonic ringtones,Yes,,,,,,SMS with sounds and pictures Ringtones can be assigned to phonebook entries,,,,,,,,,,,,,,,
Sony,Sony Xperia LT29i Hayabusa,Unofficial preliminary specificationsAnnounced as Sony Xperia TX,Phone,https://www.gsmarena.com/sony_xperia_lt29i_hayabusa-4734.php,2026-06-03 06:03 UTC,"Exp. announcement 2012, August",2012.0,Discontinued,,,,127.0,4.6,720.0,1280.0,319.0,1GB,1GB,13.0,,1700.0,,,,,,,,,,,,,Removable Li-Ion 1700 mAh battery,,8.6mm thick,Mini-SIM,127g (4.48 oz),,"2.1, A2DP, EDR",Yes,"GPS, A-GPS",,"microUSB 2.0, OTG","Wi-Fi 802.11 b/g/n, Wi-Fi Direct, DLNA, hotspot",,Scratch-resistant glass,"720 x 1280 pixels, 16:9 ratio (~319 ppi density)","4.6 inches, 58.3 cm 2 (~64.5% screen-to-body ratio)","LED-backlit LCD,",,,,,HDMI port MP4/H.264/WMV player MP3/eAAC+/WMA/WAV player TrackID music recognition Document viewer Voice memo/dial/commands Predictive text input,,,,,,,,"Accelerometer, gyro, proximity, compass","Exp. announcement 2012, August",Discontinued,,"LED flash, panorama","13 MP, AF",,1080p@30fps,,,microSDHC (dedicated slot),1GB RAM,,Black,,,,,,,GSM 850 / 900 / 1800 / 1900,HSDPA,,,Up to 237 kbps,Up to 86 kbps,HSPA 21.1/5.76 Mbps,GSM / HSPA,,Dual-core 1.5 GHz Krait,Qualcomm MSM8960 Snapdragon S4 Plus,Adreno 225,Android 4.0 (Ice Cream Sandwich),,Yes,,Yes,,Yes,,,,,,,,,,,,,,,,,,,,,
Sony,Sony CMD J70,,Phone,https://www.gsmarena.com/sony_cmd_j70-280.php,2026-06-03 06:03 UTC,"2001, Q4",2001.0,Discontinued,113.0,44.0,21.0,92.0,,96.0,92.0,,,,,,,,,,,,,,,,,200 h,3 h 20 min - 6 h,Removable Li-Ion battery,,113 x 44 x 21 mm (4.45 x 1.73 x 0.83 in),Mini-SIM,92 g (3.25 oz),No,No,,No,No,,No,Advanced Jog Dial Wallpaper download,,"96 x 92 pixels, 6 lines, 1:1 ratio",,"Grayscale graphic, 4 shades",,,,,Predictive text input Organizer Recordable sounds for calls and events,Yes,"WAP, HTML (MS)",Yes,Yes,No,,"SMS, Email",,"2001, Q4",Discontinued,,,,,,Message templates Several phonebook groups,"10 dialed, 10 received, 10 missed calls",No,,500.0,,,,,,,,GSM 900 / 1800,,,,No,No,,GSM,,,,,,,,,No,Downloadable polyphonic ringtones,Yes,,,,,,SMS with sounds and pictures Ringtones can be assigned to phonebook entries,,,,,,,,,,,,,,,
Xiaomi,Xiaomi Mi 11X Pro,,Phone,https://www.gsmarena.com/xiaomi_mi_11x_pro-10776.php,2026-06-03 06:03 UTC,"2021, April 23",2021.0,"Available. Released 2021, May 05",163.7,76.4,7.8,196.0,6.67,1080.0,2400.0,395.0,128GB | 256GB,8GB,108.0,20.0,4520.0,0.85,0.6,,,,,,,About 440 EUR,"33W wired, PD3.0, QC3, 100% in 52 min",,,Li-Po 4520 mAh,,163.7 x 76.4 x 7.8 mm (6.44 x 3.01 x 0.31 in),Nano-SIM + Nano-SIM,196 g (6.91 oz),,"5.2, A2DP, LE",No,"GPS (L1+L5), GLONASS, BDS, NavIC",No,"USB Type-C 2.0, OTG","Wi-Fi 802.11 a/b/g/n/ac/6, dual-band, Wi-Fi Direct",,Corning Gorilla Glass 5,"1080 x 2400 pixels, 20:9 ratio (~395 ppi density)","6.67 inches, 107.4 cm 2 (~85.9% screen-to-body ratio)","Super AMOLED, 120Hz, HDR10+, 900 nits (HBM), 1300 nits (peak)",,,,,,,,,,,,,"Fingerprint (side-mounted), accelerometer, gyro, proximity, compass, barometer","2021, April 23","Available. Released 2021, May 05",,"Color spectrum sensor, LED flash, HDR, panorama",,"108 MP, f/1.8, 26mm (wide), 1/1.52"", 0.7µm, PDAF 8 MP, f/2.2, 119˚ (ultrawide) 5 MP, f/2.4, 50mm (telephoto macro), 1/5.0"", 1.12µm, AF","8K@30fps, 4K@30/60fps, 1080p@30/60/120/240/960fps, gyro-EIS, HDR10+",UFS 3.1,,No,"128GB 8GB RAM, 256GB 8GB RAM",,"Celestial Silver, Lunar White, Cosmic Black",M2012K11I,About 440 EUR,0.85 W/kg (head)     0.60 W/kg (body),,,,GSM 850 / 900 / 1800 / 1900,HSDPA 850 / 900 / 1900 / 2100,"1, 3, 5, 7, 8, 38, 40, 41","77, 78 Sub6",,,"HSPA, LTE, 5G",GSM / HSPA / LTE / 5G,,Octa-core (1x2.84 GHz Cortex-X1 & 3x2.42 GHz Cortex-A78 & 4x1.80 GHz Cortex-A55),Qualcomm SM8350 Snapdragon 888 5G (5 nm),Adreno 660,"Android 11, MIUI 12",,"20 MP, f/2.5, (wide), 1/3.4"", 0.8µm","1080p@30fps, 720p@120fps",No,,"Yes, with stereo speakers",,,Yes,,,24-bit/192kHz Hi-Res audio,"Glass front (Gorilla Glass 5), glass back (Gorilla Glass 5)",,,,,,HDR,,,,,,,,
Xiaomi,Xiaomi Mi 11X,,Phone,https://www.gsmarena.com/xiaomi_mi_11x-10775.php,2026-06-03 06:03 UTC,"2021, April 23",2021.0,"Available. Released 2021, April 27",163.7,76.4,7.8,196.0,6.67,1080.0,2400.0,395.0,128GB,6GB | 8GB,48.0,20.0,4520.0,0.86,0.69,,,,,,,About 330 EUR,"33W wired, PD3.0, QC3 100% in 52 min",,,Li-Po 4520 mAh,,163.7 x 76.4 x 7.8 mm (6.44 x 3.01 x 0.31 in),Nano-SIM + Nano-SIM,196 g (6.91 oz),,"5.1, A2DP, LE",No,"GPS (L1+L5), GLONASS, BDS, NavIC",No,"USB Type-C 2.0, OTG","Wi-Fi 802.11 a/b/g/n/ac/6, dual-band, Wi-Fi Direct",,Corning Gorilla Glass 5,"1080 x 2400 pixels, 20:9 ratio (~395 ppi density)","6.67 inches, 107.4 cm 2 (~85.9% screen-to-body ratio)","Super AMOLED, 120Hz, HDR10+, 1300 nits (peak)",,,,,,,,,,,,,"Fingerprint (side-mounted), accelerometer, gyro, proximity, compass","2021, April 23","Available. Released 2021, April 27",,"LED flash, HDR, panorama",,"48 MP, f/1.8, 26mm (wide), 1/2.0"", 0.8µm, PDAF 8 MP, f/2.2, 119˚ (ultrawide) 5 MP, f/2.4, 50mm (macro)","4K@30fps, 1080p@30/60/120/240/960fps, gyro-EIS",UFS 3.1,,No,"128GB 6GB RAM, 128GB 8GB RAM",,"Celestial Silver, Lunar White, Cosmic Black",M2012K11AI,About 330 EUR,0.86 W/kg (head)     0.69 W/kg (body),,,,GSM 850 / 900 / 1800 / 1900,HSDPA 850 / 900 / 1900 / 2100,"1, 3, 5, 7, 8, 38, 40, 41","77, 78 Sub6",,,"HSPA, LTE, 5G",GSM / HSPA / LTE / 5G,,Octa-core (1x3.2 GHz Kryo 585 & 3x2.42 GHz Kryo 585 & 4x1.80 GHz Kryo 585),Qualcomm SM8250-AC Snapdragon 870 5G (7 nm),Adreno 650,"Android 11, MIUI 12",,"20 MP, f/2.5, (wide), 1/3.4"", 0.8µm","1080p@30fps, 720p@120fps",No,,"Yes, with stereo speakers",,,Yes,,,24-bit/192kHz Hi-Res audio,"Glass front (Gorilla Glass 5), glass back (Gorilla Glass 5)",,,,,,HDR,,,,,,,,
Xiaomi,Xiaomi Poco M2 Reloaded,,Phone,https://www.gsmarena.com/xiaomi_poco_m2_reloaded-10867.php,2026-06-03 06:03 UTC,"2021, April 21",2021.0,"Available. Released 2021, April 21",163.3,77.0,9.1,198.0,6.53,1080.0,2340.0,395.0,64GB,4GB,13.0,8.0,5000.0,0.85,0.42,,,,,,,About 100 EUR,18W wired,,,Li-Po 5000 mAh,Water-repellent coating,163.3 x 77 x 9.1 mm (6.43 x 3.03 x 0.36 in),Nano-SIM + Nano-SIM,198 g (6.98 oz),,"5.0, A2DP, LE",No,"GPS, GLONASS, BDS",Wireless FM radio (no wired headphones required),"USB Type-C 2.0, OTG","Wi-Fi 802.11 a/b/g/n/ac, dual-band, Wi-Fi Direct",,Corning Gorilla Glass 3,"1080 x 2340 pixels, 19.5:9 ratio (~395 ppi density)","6.53 inches, 104.7 cm 2 (~83.2% screen-to-body ratio)","IPS LCD, 400 nits (typ)",,,,,,,,,,,,,"Fingerprint (rear-mounted), accelerometer, proximity, compass","2021, April 21","Available. Released 2021, April 21",,"LED flash, HDR, panorama",,,1080p@30fps,eMMC 5.1,,microSDXC (dedicated slot),64GB 4GB RAM,,"Pitch Black (Greyish Black), Slate Blue (Mostly Blue)",MZB0957IN,About 100 EUR,0.85 W/kg (head)     0.42 W/kg (body),,,,GSM 850 / 900 / 1800 / 1900,HSDPA 850 / 900 / 1900 / 2100,"1, 3, 5, 8, 40, 41",,,,"HSPA, LTE",GSM / HSPA / LTE,,Octa-core (2x2.0 GHz Cortex-A75 & 6x1.8 GHz Cortex-A55),Mediatek MT6769V/CU Helio G80 (12 nm),Mali-G52 MC2,"Android 10, MIUI 12",,"8 MP, f/2.0, 27mm (wide), 1/4.0"", 1.12µm",1080p@30fps,Yes,,Yes,,,Yes,,,,"Glass front (Gorilla Glass 3), plastic back, plastic frame","13 MP, f/2.2, 28mm (wide), 1/3.1"", 1.12µm, PDAF 8 MP, f/2.2, 118˚ (ultrawide), 1/4.0"", 1.12µm 5 MP (macro) Auxiliary lens",,,,,HDR,,,,,,,,
Xiaomi,Xiaomi Mi Mix Fold,,Tablet,https://www.gsmarena.com/xiaomi_mi_mix_fold-10817.php,2026-06-03 06:03 UTC,"2021, March",2021.0,"Available. Released 2021, April 16",173.3,133.4,7.6,317.0,8.01,1860.0,2480.0,387.0,256GB | 512GB,12GB | 16GB,108.0,20.0,5020.0,,,,,,,,,About 1300 EUR,"67W wired, PD3.0, QC4, 100% in 37 min",,,Li-Po 5020 mAh,,Unfolded: 173.3 x 133.4 x 7.6 mm Folded: 173.3 x 69.8 x 17.2 mm,Nano-SIM + Nano-SIM,317 g (Glass) 332 g (Ceramic) (11.18 oz),,"5.2, A2DP, LE, aptX HD, aptX Adaptive",Yes,"GPS (L1+L5), GLONASS (L1), BDS (B1I+B1c+B2a), GALILEO (E1+E5a), QZSS (L1+L5), NavIC (L5)",No,USB Type-C,"Wi-Fi 802.11 a/b/g/n/ac/6e, dual-band, Wi-Fi Direct","Cover display: AMOLED, 90Hz, HDR10+, Dolby Vision, 650 nits (typ), 900 nits (peak) 6.52 inches, 840 x 2520 pixels, 27:9 ratio",,"1860 x 2480 pixels, 4:3 ratio (~387 ppi density)","8.01 inches, 198.7 cm 2 (~85.9% screen-to-body ratio)","Foldable AMOLED, 1B colors, HDR10+, Dolby Vision, 600 nits (typ), 900 nits (peak)",,,,,,,,,,,,,"Fingerprint (side-mounted), accelerometer, gyro, proximity, compass, barometer","2021, March","Available. Released 2021, April 16",,"Color spectrum sensor, Dual-LED flash, HDR, panorama",,"108 MP, f/1.8, (wide), 1/1.52"", 0.7µm, PDAF 8 MP, 80mm (telephoto/macro), liquid lens, PDAF, 3x optical zoom 13 MP, f/2.4, 123˚ (ultrawide), 1.12µm","8K@24/30fps, 4K@30/60fps, 1080p@30/60fps, gyro-EIS",UFS 3.1,,No,"256GB 12GB RAM, 512GB 12GB RAM, 512GB 16GB RAM",,"Black, Ceramic",M2011J18C,About 1300 EUR,,,CDMA 800,CDMA2000 1xEV-DO,GSM 850 / 900 / 1800 / 1900,HSDPA 850 / 900 / 1700(AWS) / 1900 / 2100,"1, 2, 3, 4, 5, 7, 8, 12, 17, 18, 19, 20, 26, 28, 34, 38, 39, 40, 41, 42","1, 3, 28, 41, 77, 78, 79 SA/NSA",,,"HSPA, LTE, 5G",GSM / CDMA / HSPA / EVDO / LTE / 5G,,Octa-core (1x2.84 GHz Cortex-X1 & 3x2.42 GHz Cortex-A78 & 4x1.80 GHz Cortex-A55),Qualcomm SM8350 Snapdragon 888 5G (5 nm),Adreno 660,"Android 10, MIUI 12",,"20 MP, (wide)","1080p@30/60fps, 720p@120fps",No,,"Yes, with stereo speakers (4 speakers)",,,Yes,,,24-bit/192kHz Hi-Res audio Tuned by Harman Kardon Snapdragon Sound,"Glass front (folded), plastic front (unfolded), glass back (Gorilla Glass 5) or ceramic back, aluminum frame",,,,,,"HDR, panorama",,,,,,,,
Xiaomi,Xiaomi Mi 11 Ultra,,Phone,https://www.gsmarena.com/xiaomi_mi_11_ultra-10737.php,2026-06-03 06:03 UTC,"2021, March 29",2021.0,"Available. Released 2021, April 02",164.3,74.6,8.4,234.0,6.81,1440.0,3200.0,515.0,256GB | 512GB,12GB | 8GB,50.0,20.0,5000.0,1.08,0.81,0.55,0.99,,,,,About 1500 EUR,"67W wired, PD3.0, QC4, 100% in 36 min 67W wireless, 100% in 39 min 10W reverse wireless",,,Li-Po 5000 mAh,IP68 dust tight and water resistant (immersible up to 1.5m for 30 min),164.3 x 74.6 x 8.4 mm (6.47 x 2.94 x 0.33 in),Nano-SIM + Nano-SIM,234 g (8.25 oz),,"5.2, A2DP, LE, aptX HD, aptX Adaptive",Yes,"GPS (L1+L5), GLONASS (L1), BDS (B1I+B1c+B2a), GALILEO (E1+E5a), QZSS (L1+L5), NavIC (L5)",No,"USB Type-C 2.0, OTG","Wi-Fi 802.11 a/b/g/n/ac/6e, dual-band, Wi-Fi Direct, DLNA",,Corning Gorilla Glass Victus,"1440 x 3200 pixels, 20:9 ratio (~515 ppi density)","6.81 inches, 112.0 cm 2 (~91.4% screen-to-body ratio)","AMOLED, 1B colors, 120Hz, HDR10+, Dolby Vision, 900 nits (HBM), 1700 nits (peak)",,,,,Virtual proximity sensing,,,,,,,,"Fingerprint (under display, optical), accelerometer, gyro, compass","2021, March 29","Available. Released 2021, April 02",,"Laser AF, color spectrum sensor, Dual-LED flash, HDR, panorama, 1.1” AMOLED selfie display",,"50 MP, f/2.0, 24mm (wide), 1/1.12"", 1.4µm, dual pixel PDAF, OIS 48 MP, f/4.1, 120mm (periscope telephoto), 1/2.0"", 0.8µm, PDAF, OIS, 5x optical zoom 48 MP, f/2.2, 12mm, 128˚ (ultrawide), 1/2.0"", 0.8µm, PDAF","8K@24fps, 4K@30/60fps, 1080p@30/60/120/240/960/1920fps, gyro-EIS, HDR10+ rec.",UFS 3.1,,No,"256GB 8GB RAM, 256GB 12GB RAM, 512GB 12GB RAM",,"Ceramic White (Cosmic White), Ceramic Black (Cosmic Black)","M2102K1G, M2102K1C",About 1500 EUR,1.08 W/kg (head)     0.81 W/kg (body),0.55 W/kg (head)     0.99 W/kg (body),CDMA 800,CDMA2000 1xEV-DO,GSM 850 / 900 / 1800 / 1900,HSDPA 850 / 900 / 1700(AWS) / 1900 / 2100,"1, 2, 3, 4, 5, 7, 8, 12, 17, 20, 28, 32, 38, 40, 41, 42, 66 - International","1, 3, 5, 7, 8, 20, 28, 38, 40, 41, 77, 78, 79 SA/NSA - International",,,"HSPA, LTE, 5G",GSM / CDMA / HSPA / EVDO / LTE / 5G,-24.3 LUFS (Very good),Octa-core (1x2.84 GHz Cortex-X1 & 3x2.42 GHz Cortex-A78 & 4x1.80 GHz Cortex-A55),Qualcomm SM8350 Snapdragon 888 5G (5 nm),Adreno 660,"Android 11, upgradable to Android 13, MIUI 14",,"20 MP, f/2.2, 27mm (wide), 1/3.4"", 0.8µm","1080p@30/60fps, 720p@120fps, gyro-EIS",No,,"Yes, with stereo speakers",,,Yes,,Photo / Video,24-bit/192kHz Hi-Res audio Tuned by Harman Kardon Snapdragon Sound,"Glass front (Gorilla Glass Victus), ceramic back, aluminum frame",,Endurance rating 95h,943 nits max brightness (measured),AnTuTu: 688720 (v8) GeekBench: 3191 (v5.1) GFXBench: 33fps (ES 3.1 onscreen),,"HDR, panorama",,"1, 2, 3, 4, 5, 7, 8, 12, 17, 18, 19, 20, 26, 28, 34, 38, 39, 40, 41, 42 - China","1, 3, 28, 41, 77, 78, 79 SA/NSA - China",,,,,
Xiaomi,Xiaomi Mi 11 Pro,,Phone,https://www.gsmarena.com/xiaomi_mi_11_pro-10816.php,2026-06-03 06:03 UTC,"2021, March 29",2021.0,"Available. Released 2021, April 02",164.3,74.6,8.5,208.0,6.81,1440.0,3200.0,515.0,128GB | 256GB,12GB | 8GB,50.0,20.0,5000.0,,,,,,,,,About 370 EUR,"67W wired, PD3.0, QC4, 100% in 36 min 67W wireless, 100% in 39 min 10W reverse wireless",,,Li-Po 5000 mAh,IP68 dust tight and water resistant (immersible up to 1.5m for 30 min),164.3 x 74.6 x 8.5 mm (6.47 x 2.94 x 0.33 in),Nano-SIM + Nano-SIM,208 g (7.34 oz),,"5.2, A2DP, LE, aptX HD, aptX Adaptive",Yes,"GPS (L1+L5), GLONASS (L1), BDS (B1I+B1c+B2a), GALILEO (E1+E5a), QZSS (L1+L5), NavIC (L5)",No,"USB Type-C 2.0, OTG","Wi-Fi 802.11 a/b/g/n/ac/6e, dual-band, Wi-Fi Direct, DLNA",,Corning Gorilla Glass Victus,"1440 x 3200 pixels, 20:9 ratio (~515 ppi density)","6.81 inches, 112.0 cm 2 (~91.4% screen-to-body ratio)","AMOLED, 1B colors, 120Hz, HDR10+, Dolby Vision, 1500 nits (peak)",,,,,,,,,,,,,"Fingerprint (under display, optical), accelerometer, gyro, proximity, compass","2021, March 29","Available. Released 2021, April 02",,"Color spectrum sensor, LED flash, HDR, panorama",,"50 MP, f/2.0, 24mm (wide), 1/1.12"", 1.4µm, dual pixel PDAF, OIS 8 MP, 120mm (periscope telephoto), PDAF, OIS, 5x optical zoom 13 MP, f/2.4, 16mm, 123˚ (ultrawide)","8K@24fps, 4K@30/60fps, 1080p@30/60fps, gyro-EIS, HDR10+ rec.",UFS 3.1,,No,"128GB 8GB RAM, 256GB 8GB RAM, 256GB 12GB RAM",,"Black, Green, Purple",M2102K1AC,About 370 EUR,,,CDMA 800,CDMA2000 1xEV-DO,GSM 850 / 900 / 1800 / 1900,HSDPA 850 / 900 / 1700(AWS) / 1900 / 2100,"1, 2, 3, 4, 5, 7, 8, 12, 17, 18, 19, 20, 26, 28, 34, 38, 39, 40, 41, 42 - China","1, 3, 28, 41, 77, 78, 79 SA/NSA - China",,,"HSPA, LTE, 5G",GSM / CDMA / HSPA / EVDO / LTE / 5G,,Octa-core (1x2.84 GHz Cortex-X1 & 3x2.42 GHz Cortex-A78 & 4x1.80 GHz Cortex-A55),Qualcomm SM8350 Snapdragon 888 5G (5 nm),Adreno 660,"Android 11, MIUI 12.5",,"20 MP, f/2.2, 27mm (wide), 1/3.4"", 0.8µm","1080p@30/60fps, 720p@120fps, gyro-EIS",No,,"Yes, with stereo speakers",,,Yes,,,24-bit/192kHz Hi-Res audio Tuned by Harman Kardon Snapdragon Sound,,,,,,,"HDR, panorama",,,,,,,,
Xiaomi,Xiaomi Redmi 9 Power,,Phone,https://www.gsmarena.com/xiaomi_redmi_9_power-10616.php,2026-06-03 06:03 UTC,"2020, December 17",2020.0,"Available. Released 2020, December 22",162.3,77.3,9.6,198.0,6.53,1080.0,2340.0,395.0,128GB | 64GB,4GB | 6GB,48.0,8.0,6000.0,0.87,0.86,,,,,,,About 120 EUR,18W wired 2.5W reverse wired,,,Li-Po 6000 mAh,Water-repellent coating,162.3 x 77.3 x 9.6 mm (6.39 x 3.04 x 0.38 in),Nano-SIM + Nano-SIM,198 g (6.98 oz),,"5.0, A2DP, LE",No,"GPS, GLONASS, BDS",FM radio,"USB Type-C 2.0, OTG","Wi-Fi 802.11 a/b/g/n/ac, dual-band, Wi-Fi Direct",,Corning Gorilla Glass 3,"1080 x 2340 pixels, 19.5:9 ratio (~395 ppi density)","6.53 inches, 104.7 cm 2 (~83.4% screen-to-body ratio)","IPS LCD, 400 nits (typ)",,,,,,,,,,,,,"Fingerprint (side-mounted), accelerometer, proximity, compass","2020, December 17","Available. Released 2020, December 22",,"LED flash, HDR, panorama",,,1080p@30fps,UFS 2.1 - 64GB UFS 2.2 - 128GB,,microSDXC (dedicated slot),"64GB 4GB RAM, 128GB 4GB RAM, 128GB 6GB RAM",,"Mighty Black, Fiery Red, Electric Green, Blazing Blue","M2010J19SI, M2010J19SL",About 120 EUR,0.87 W/kg (head)     0.86 W/kg (body),,,,GSM 850 / 900 / 1800 / 1900,HSDPA 850 / 900 / 2100,"1, 3, 5, 8, 40, 41",,,,"HSPA, LTE",GSM / HSPA / LTE,,Octa-core (4x2.0 GHz Kryo 260 Gold & 4x1.8 GHz Kryo 260 Silver),Qualcomm SM6115 Snapdragon 662 (11 nm),Adreno 610,"Android 10, MIUI 12",,"8 MP, f/2.0, 27mm (wide), 1/4.0"", 1.12µm",1080p@30fps,Yes,,"Yes, with stereo speakers",,,Yes,,,24-bit/192kHz Hi-Res audio,"Glass front (Gorilla Glass 3), plastic frame, plastic back","48 MP, f/1.8, 26mm (wide), 1/2.0"", 0.8µm, PDAF 8 MP, f/2.2, 120˚ (ultrawide), 1/4.0"", 1.12µm 2 MP (macro) Auxiliary lens",,,,,,,,,,,,,
Xiaomi,Xiaomi Mi Watch Lite,,Watch,https://www.gsmarena.com/xiaomi_mi_watch_lite-10633.php,2026-06-03 06:03 UTC,"2020, December 10. Released 2020, December 18",2020.0,Discontinued,41.0,35.0,11.9,35.0,1.4,320.0,320.0,323.0,,,,,230.0,,,,,,,,,About 70 EUR,,,,Li-Ion 230 mAh,Waterproof (5ATM) 50m water resistant,41 x 35 x 11.9 mm (1.61 x 1.38 x 0.47 in),No,35 g (1.23 oz),No,"5.0, A2DP, LE",No,"GPS, GLONASS",No,No,No,,,320 x 320 pixels (~323 ppi density),1.4 inches,"IPS LCD, 350 nits (typ)",,,,,,,,,,,,,"Accelerometer, gyro, heart rate, barometer","2020, December 10. Released 2020, December 18",Discontinued,,,,,,,,No,Unspecified storage,,"Black, Blue, Ivory",,About 70 EUR,,,,,,,,,No,No,No,No cellular connectivity,,,,,Proprietary OS,,,,No,,No,,,,,,,"Plastic back, plastic frame",,,,,,,,,,,,,,
Xiaomi,Xiaomi Redmi Note 9 Pro 5G,,Phone,https://www.gsmarena.com/xiaomi_redmi_note_9_pro_5g-10582.php,2026-06-03 06:03 UTC,"2020, November 26",2020.0,"Available. Released 2020, December 01",165.4,76.8,9.0,215.0,6.67,1080.0,2400.0,395.0,128GB | 256GB,6GB | 8GB,108.0,16.0,4820.0,,,,,,,,,About 370 EUR,"33W wired, 100% in 58 min",,,Li-Po 4820 mAh,IP53 dust protected and water resistant (vertical water sprays),165.4 x 76.8 x 9 mm (6.51 x 3.02 x 0.35 in),Nano-SIM + Nano-SIM,215 g (7.58 oz),,"5.1, A2DP, LE",Yes,"GPS (L1+L5), GLONASS (G1), BDS (B1I+B2a), GALILEO (E1+E5a), QZSS (L1+L5)",Unspecified,USB Type-C 2.0,"Wi-Fi 802.11 a/b/g/n/ac, dual-band, Wi-Fi Direct",,Corning Gorilla Glass 5,"1080 x 2400 pixels, 20:9 ratio (~395 ppi density)","6.67 inches, 107.4 cm 2 (~84.6% screen-to-body ratio)","IPS LCD, HDR10, 120Hz, 450 nits (typ)",,,,,Virtual proximity sensing,,,,,,,,"Fingerprint (side-mounted), accelerometer, gyro, compass","2020, November 26","Available. Released 2020, December 01",,"Dual-LED dual-tone flash, HDR, panorama",,,"4K@30fps, 1080p@30/60fps, gyro-EIS",UFS 2.2,,microSDXC (uses shared SIM slot),"128GB 6GB RAM, 128GB 8GB RAM, 256GB 8GB RAM",,"Gray, Blue, Red/Mint",M2007J17C,About 370 EUR,,,CDMA 800,CDMA2000 1xEV-DO,GSM 850 / 900 / 1800 / 1900,HSDPA 850 / 900 / 1900 / 2100,"1, 3, 5, 7, 8, 34, 38, 39, 40, 41","1, 3, 41, 78, 79 SA/NSA/Sub6",,,"HSPA, LTE, 5G",GSM / CDMA / HSPA / EVDO / LTE / 5G,,Octa-core (2x2.2 GHz Kryo 570 & 6x1.8 GHz Kryo 570),Qualcomm SM7225 Snapdragon 750G 5G (8 nm),Adreno 619,"Android 10, MIUI 12",,"16 MP, f/2.5, (wide), 1/3.06"", 1.0µm","1080p@30fps, gyro-EIS",Yes,,"Yes, with stereo speakers",,,Yes,,,24-bit/192kHz Hi-Res audio,"Glass front (Gorilla Glass 5), glass back (Gorilla Glass 5)","108 MP, f/1.8, 26mm (wide), 1/1.52"", 0.7µm, PDAF 8 MP, f/2.2, 118˚ (ultrawide), 1/4.0"", 1.12µm 2 MP (macro) Auxiliary lens",,,,,"HDR, panorama",,,,,,,,
Xiaomi,Xiaomi Redmi Note 9 5G,,Phone,https://www.gsmarena.com/xiaomi_redmi_note_9_5g-10581.php,2026-06-03 06:03 UTC,"2020, November 26",2020.0,"Available. Released 2020, December 01",162.0,77.3,9.2,199.0,6.53,1080.0,2340.0,395.0,128GB | 256GB | 64GB,4GB | 6GB | 8GB,48.0,13.0,5000.0,,,,,,,,,About 170 EUR,18W wired,,,Li-Po 5000 mAh,Water-repellent coating,162 x 77.3 x 9.2 mm (6.38 x 3.04 x 0.36 in),Nano-SIM + Nano-SIM,199 g (7.02 oz),,"5.1, A2DP, LE",No,"GPS, GLONASS, GALILEO, BDS, QZSS",Unspecified,USB Type-C 2.0,"Wi-Fi 802.11 a/b/g/n/ac, dual-band, Wi-Fi Direct",,Corning Gorilla Glass 5,"1080 x 2340 pixels, 19.5:9 ratio (~395 ppi density)","6.53 inches, 104.7 cm 2 (~83.6% screen-to-body ratio)","IPS LCD, 450 nits (typ)",,,,,,,,,,,,,"Fingerprint (side-mounted), accelerometer, gyro, proximity, compass","2020, November 26","Available. Released 2020, December 01",,"LED flash, HDR, panorama",,"48 MP, f/1.8, 26mm (wide), 1/2.0"", 0.8µm, PDAF 8 MP, f/2.2, 118˚ (ultrawide), 1/4.0"", 1.12µm 2 MP (macro)","4K@30fps, 1080p@30/60fps",UFS 2.2,,microSDXC (dedicated slot),"64GB 4GB RAM, 128GB 6GB RAM, 128GB 8GB RAM, 256GB 6GB RAM, 256GB 8GB RAM",,"Gray, Green, Violet",M2007J22C,About 170 EUR,,,CDMA 800,CDMA2000 1xEV-DO,GSM 850 / 900 / 1800 / 1900,HSDPA 850 / 900 / 1700(AWS) / 1900 / 2100,"1, 2, 3, 4, 5, 7, 8, 34, 38, 39, 40, 41","1, 3, 41, 78, 79 SA/NSA/Sub6",,,"HSPA, LTE, 5G",GSM / CDMA / HSPA / EVDO / LTE / 5G,,Octa-core (2x2.4 GHz Cortex-A76 & 6x2.0 GHz Cortex-A55),Mediatek Dimensity 800U (7 nm),Mali-G57 MC3,"Android 10, MIUI 12",,"13 MP, f/2.3, 29mm (standard), 1/3.1"", 1.12µm",1080p@30fps,Yes,,"Yes, with stereo speakers",,,Yes,,,24-bit/192kHz Hi-Res audio,"Glass front (Gorilla Glass 5), plastic back",,,,,,,,,,,,,,
Xiaomi,Xiaomi Redmi Note 9 4G,,Phone,https://www.gsmarena.com/xiaomi_redmi_note_9_4g-10609.php,2026-06-03 06:03 UTC,"2020, November 26",2020.0,"Available. Released 2020, November 26",162.3,77.3,9.6,198.0,6.53,1080.0,2340.0,395.0,128GB | 256GB,4GB | 6GB | 8GB,48.0,8.0,6000.0,,,,,,,,,About 130 EUR,18W wired 2.5W reverse wired,,,Li-Po 6000 mAh,Water-repellent coating,162.3 x 77.3 x 9.6 mm (6.39 x 3.04 x 0.38 in),Nano-SIM + Nano-SIM,198 g (6.98 oz),,"4.2, A2DP",No,"GPS, GLONASS, GALILEO, BDS",FM radio,"USB Type-C 2.0, OTG","Wi-Fi 802.11 a/b/g/n/ac, dual-band, Wi-Fi Direct",,Corning Gorilla Glass 3,"1080 x 2340 pixels, 19.5:9 ratio (~395 ppi density)","6.53 inches, 104.7 cm 2 (~83.4% screen-to-body ratio)","IPS LCD, 400 nits (typ)",,,,,,,,,,,,,"Fingerprint (side-mounted), accelerometer, proximity, compass","2020, November 26","Available. Released 2020, November 26",,"LED flash, HDR, panorama",,"48 MP, f/1.8, 26mm (wide), 1/2.0"", 0.8µm, PDAF 8 MP, f/2.2, 120˚ (ultrawide), 1/4.0"", 1.12µm Auxiliary lens",1080p@30fps,UFS 2.2,,microSDXC (dedicated slot),"128GB 4GB RAM, 128GB 6GB RAM, 128GB 8GB RAM, 256GB 8GB RAM",,"Gray, Green, Blue, Orange",M2010J19SC,About 130 EUR,,,CDMA 800,,GSM 850 / 900 / 1800 / 1900,HSDPA 850 / 900 / 2100,"1, 3, 5, 8, 34, 38, 39, 40, 41",,,,"HSPA, LTE",GSM / CDMA / HSPA / LTE,,Octa-core (4x2.0 GHz Kryo 260 Gold & 4x1.8 GHz Kryo 260 Silver),Qualcomm SM6115 Snapdragon 662 (11 nm),Adreno 610,"Android 10, upgradable to Android 12, MIUI 14",,"8 MP, f/2.0, 27mm (wide), 1/4.0"", 1.12µm",1080p@30fps,Yes,,"Yes, with stereo speakers",,,Yes,,,24-bit/192kHz Hi-Res audio,"Glass front (Gorilla Glass 3), plastic frame, plastic back",,,,,,,,,,,,,,
Xiaomi,Xiaomi Redmi Watch,,Watch,https://www.gsmarena.com/xiaomi_redmi_watch-10610.php,2026-06-03 06:03 UTC,"2020, November 26. Released 2020, December 01",2020.0,Discontinued,41.0,35.0,11.9,35.0,1.4,320.0,320.0,323.0,,,,,230.0,,,,,,,,,About 30 EUR,,,,Li-Ion 230 mAh,Waterproof (5ATM) 50m water resistant,41 x 35 x 11.9 mm (1.61 x 1.38 x 0.47 in),No,35 g (1.23 oz),No,"5.0, A2DP, LE",Yes (market/region dependent),GPS (market/region dependent),No,No,No,,,320 x 320 pixels (~323 ppi density),1.4 inches,IPS LCD,,,,,,,,,,,,,"Accelerometer, heart rate, compass","2020, November 26. Released 2020, December 01",Discontinued,,,,,,,,No,,,"Black, Blue, Ivory",REDMIWT01,About 30 EUR,,,,,,,,,No,No,No,No cellular connectivity,,,,,Proprietary OS,,,,No,,No,,,,,,,"Plastic back, plastic frame",,,,,,,,,,,,,,
Xiaomi,Xiaomi Poco M3,,Phone,https://www.gsmarena.com/xiaomi_poco_m3-10599.php,2026-06-03 06:03 UTC,"2020, November 24",2020.0,"Available. Released 2020, November 27",162.3,77.3,9.6,198.0,6.53,1080.0,2340.0,395.0,128GB | 64GB,4GB | 6GB,48.0,8.0,6000.0,1.09,1.0,0.6,0.81,,,,,About 130 EUR,18W wired 2.5W reverse wired,,,Li-Po 6000 mAh,,162.3 x 77.3 x 9.6 mm (6.39 x 3.04 x 0.38 in),Nano-SIM + Nano-SIM,198 g (6.98 oz),,"5.0, A2DP, LE",No,"GPS, GLONASS, BDS, GALILEO",FM radio,"USB Type-C 2.0, OTG","Wi-Fi 802.11 a/b/g/n/ac, dual-band, Wi-Fi Direct",,Corning Gorilla Glass 3,"1080 x 2340 pixels, 19.5:9 ratio (~395 ppi density)","6.53 inches, 104.7 cm 2 (~83.4% screen-to-body ratio)","IPS LCD, 400 nits (typ)",,,,,,,,,,,,,"Fingerprint (side-mounted), accelerometer, proximity, compass","2020, November 24","Available. Released 2020, November 27",,"LED flash, HDR, panorama",,"48 MP, f/1.8, (wide), 1/2.0"", 0.8µm, PDAF 2 MP (macro) Auxiliary lens",1080p@30fps,UFS 2.1 - 64GB UFS 2.2 - 128GB,,microSDXC (dedicated slot),"64GB 4GB RAM, 64GB 6GB RAM, 128GB 4GB RAM, 128GB 6GB RAM",,"Cool Blue, Poco Yellow, Power Black","M2010J19CG, M2010J19CI",About 130 EUR,1.09 W/kg (head)     1.00 W/kg (body),0.60 W/kg (head)     0.81 W/kg (body),,,GSM 850 / 900 / 1800 / 1900,HSDPA 850 / 900 / 1700(AWS) / 1900 / 2100,"1, 2, 3, 4, 5, 7, 8, 20, 28, 38, 40, 41",,,,"HSPA, LTE",GSM / HSPA / LTE,-26.5 LUFS (Good),Octa-core (4x2.0 GHz Kryo 260 Gold & 4x1.8 GHz Kryo 260 Silver),Qualcomm SM6115 Snapdragon 662 (11 nm),Adreno 610,"Android 10, MIUI 12",,"8 MP, f/2.1, (wide), 1/4.0"", 1.12µm",1080p@30fps,Yes,,"Yes, with dual speakers",,,Yes,,Photo / Video,24-bit/192kHz Hi-Res audio,"Glass front (Gorilla Glass 3), plastic back, plastic frame",,Endurance rating 154h,"1567:1 contrast ratio, 439 nits max brightness (measured)",AnTuTu: 177904 (v8) GeekBench: 1398 (v5.1) GFXBench: 5.9fps (ES 3.1 onscreen),,Panorama,,,,,,,,
Xiaomi,Xiaomi Redmi K30S,,Phone,https://www.gsmarena.com/xiaomi_redmi_k30s-10517.php,2026-06-03 06:03 UTC,"2020, October 27. Released 2020, November 11",2020.0,Discontinued,165.1,76.4,9.3,216.0,6.67,1080.0,2400.0,395.0,128GB | 256GB,8GB,64.0,20.0,5000.0,,,,,,,,,About 330 EUR,"33W wired, PD3.0, QC4",,,Li-Po 5000 mAh,,165.1 x 76.4 x 9.3 mm (6.5 x 3.01 x 0.37 in),Nano-SIM + Nano-SIM,216 g (7.62 oz),,"5.1, A2DP, LE",Yes,"GPS (L1+L5), GLONASS (G1), BDS (B1I+B2a), GALILEO (E1+E5a), QZSS (L1+L5), NavIC",No,"USB Type-C 2.0, OTG","Wi-Fi 802.11 a/b/g/n/ac/6, dual-band, Wi-Fi Direct",,Corning Gorilla Glass 5,"1080 x 2400 pixels, 20:9 ratio (~395 ppi density)","6.67 inches, 107.4 cm 2 (~85.2% screen-to-body ratio)","IPS LCD, 144Hz, HDR10, 500 nits (typ), 650 nits (peak)",,,,,,,,,,,,,"Fingerprint (side-mounted), accelerometer, gyro, proximity, compass","2020, October 27. Released 2020, November 11",Discontinued,,"LED flash, HDR, panorama",,"64 MP, f/1.9, 26mm (wide), 1/1.73"", 0.8µm, PDAF 13 MP, f/2.4, 123˚ (ultrawide), 1.12µm 5 MP (macro), AF","8K@24/30fps, 4K@30/60fps, 1080p@30/60/120/240/960fps; gyro-EIS",UFS 3.1,,No,"128GB 8GB RAM, 256GB 8GB RAM",,"Cosmic Black, Lunar Silver",M2007J3SC,About 330 EUR,,,CDMA 800,CDMA2000 1xEV-DO,GSM 850 / 900 / 1800 / 1900,HSDPA 850 / 900 / 1700(AWS) / 1900 / 2100,"1, 2, 3, 4, 5, 7, 8, 12, 17, 34, 38, 39, 40, 41","1, 3, 41, 78, 79 SA/NSA",,,"HSPA, LTE, 5G (2+ Gbps DL)",GSM / CDMA / HSPA / EVDO / LTE / 5G,,Octa-core (1x2.84 GHz Cortex-A77 & 3x2.42 GHz Cortex-A77 & 4x1.80 GHz Cortex-A55),Qualcomm SM8250 Snapdragon 865 5G (7 nm+),Adreno 650,"Android 10, MIUI 12",,"20 MP, f/2.2, 27mm (wide), 1/3.4"", 0.8µm","1080p@30fps, 720p@120fps",No,,"Yes, with stereo speakers",,,Yes,,,24-bit/192kHz Hi-Res audio,"Glass front (Gorilla Glass 5), glass back (Gorilla Glass 5), aluminum frame",,,,,,HDR,,,,,,,,
vivo,vivo iQOO 15 Ultra,,Phone,https://www.gsmarena.com/vivo_iqoo_15_ultra_5g-14445.php,2026-06-03 06:03 UTC,"2026, February 04",2026.0,"Available. Released 2026, February 06",163.7,76.8,8.7,227.0,6.85,1440.0,3168.0,508.0,1TB | 256GB | 512GB,16GB | 24GB,50.0,32.0,7400.0,,,,,,,,,About 730 EUR,"100W wired, PPS, PD 40W wireless Bypass charging",,,Si/C Li-Ion 7400 mAh,IP68/IP69 dust tight and water resistant (high pressure water jets; immersible up to 1.5m for 30 min) Pressure sensitive zones (600Hz touch-sensing) Built-in cooling fan,163.7 x 76.8 x 8.7 mm (6.44 x 3.02 x 0.34 in),Nano-SIM + Nano-SIM,227 g (8.01 oz),,"5.4, A2DP, LE, aptX HD, aptX Adaptive, aptX Lossless, LHDC 5",Yes,"GPS (L1+L5), GLONASS (G1), BDS (B1I+B1c+B2a), GALILEO (E1+E5a), QZSS (L1+L5)",No,"USB Type-C 3.2, OTG","Wi-Fi 802.11 a/b/g/n/ac/6/7, dual-band, Wi-Fi Direct",,,1440 x 3168 pixels (~508 ppi density),"6.85 inches, 114.0 cm 2 (~90.7% screen-to-body ratio)","AMOLED, 1B colors, 144Hz, PWM, Dolby Vision, HDR10+, HDR Vivid, 1000 nits (typ), 2600 nits (HBM), 8000 nits (peak)",,,,,,,,,,,,,"Fingerprint (under display, ultrasonic), accelerometer, gyro, proximity, compass","2026, February 04","Available. Released 2026, February 06",,"LED flash, HDR, panorama",,"50 MP, f/1.9, 23mm (wide), 1/1.56"", 1.0µm, PDAF, OIS 50 MP, f/2.7, 85mm (periscope telephoto), 1/1.95"", 0.8µm, PDAF, OIS, 3x optical zoom 50 MP, f/2.1, 15mm, 107˚ (ultrawide), 1/2.76"", 0.64µm, AF","8K@30fps, 4K@24/30/60fps, 1080p@30/60/120/240fps, gyro-EIS",UFS 4.1,,No,"256GB 16GB RAM, 512GB 16GB RAM, 1TB 16GB RAM, 1TB 24GB RAM",,"Black, Silver",V2546A,About 730 EUR,,,,,GSM 850 / 900 / 1800 / 1900,HSDPA 800 / 850 / 900 / 1700(AWS) / 1900 / 2100,"1, 2, 3, 4, 5, 7, 8, 12, 17, 18, 19, 20, 25, 26, 28, 32, 34, 38, 39, 40, 41, 42, 43, 48, 66","1, 2, 3, 5, 7, 8, 12, 18, 20, 25, 26, 28, 38, 40, 41, 48, 66, 75, 77, 78, 79, 80, 81, 83, 84, 89, 91, 92, 93, 94 SA/NSA",,,"HSPA, LTE, 5G",GSM / HSPA / LTE / 5G,,Octa-core (2x4.6 GHz Oryon V3 Phoenix L + 6x3.62 GHz Oryon V3 Phoenix M),Qualcomm SM8850-AC Snapdragon 8 Elite Gen 5 (3 nm),Adreno 840,"Android 16, up to 5 major Android upgrades, OriginOS 6",,"32 MP, f/2.2, 21mm (wide), 1/3.1"", 0.7µm","4K@30/60fps, 1080p@30/60fps",No,,"Yes, with stereo speakers (with Dolby Atmos)",,,Yes,,,,,,,,,,HDR,,,,,,,,
vivo,vivo X200T,,Phone,https://www.gsmarena.com/vivo_x200t_5g-14366.php,2026-06-03 06:03 UTC,"2026, January 27",2026.0,"Available. Released 2026, February 03",160.0,74.3,8.0,203.0,6.67,1260.0,2800.0,460.0,256GB | 512GB,12GB,50.0,32.0,6200.0,1.09,0.97,,,,,,,About 550 EUR,90W wired 40W wireless Reverse wired Bypass charging,,,Si/C Li-Ion 6200 mAh,IP68/IP69 dust tight and water resistant (high pressure water jets; immersible up to 1.5m for 30 min),160 x 74.3 x 8 mm (6.30 x 2.93 x 0.31 in),Nano-SIM + Nano-SIM + eSIM + eSIM (max 2 at a time),203 g or 205 g (7.16 oz),,"5.4, A2DP, LE, aptX HD, LHDC 5",Yes,"GPS (L1+L5), GLONASS, GALILEO, BDS, QZSS, NavIC",No,"USB Type-C 2.0, OTG","Wi-Fi 802.11 a/b/g/n/ac/6/7, dual-band",Ultra HDR image support,Schott Xensation Core,"1260 x 2800 pixels, 20:9 ratio (~460 ppi density)","6.67 inches, 107.4 cm 2 (~90.4% screen-to-body ratio)","AMOLED, 1B colors, 120Hz, 2160Hz PWM, HDR10+, 1600 nits (HBM), 5000 nits (peak)",,,,,,,,,,,,,"Fingerprint (under display, ultrasonic), accelerometer, gyro, proximity, compass","2026, January 27","Available. Released 2026, February 03",,"Laser AF, Zeiss optics, Zeiss T* lens coating, LED flash, panorama, HDR, 3D LUT import",,"50 MP, f/1.6, 23mm (wide), 1/1.56"", 1.0µm, PDAF, OIS 50 MP, f/2.6, 70mm (periscope telephoto), 1/1.95"", 0.8µm, PDAF, OIS, 3x optical zoom 50 MP, f/2.0, 15mm, 119˚ (ultrawide), 1/2.76"", 0.64µm, AF","4K@30/60fps, 1080p@30/60fps, gyro-EIS",UFS 4.1,,No,"256GB 12GB RAM, 512GB 12GB RAM",,"Seaside Lilac, Stellar Black",V2561,About 550 EUR,1.09 W/kg (head)     0.97 W/kg (body),,,,GSM 850 / 900 / 1800 / 1900,HSDPA 850 / 900 / 1700(AWS) / 1900 / 2100,"1, 2, 3, 4, 5, 7, 8, 18, 19, 20, 25, 26, 28, 38, 39, 40, 41, 42, 43, 48, 66","1, 2, 3, 5, 7, 8, 20, 25, 26, 28, 38, 40, 41, 66, 77, 78 SA/NSA/Sub6",,,"HSPA, LTE, 5G",GSM / HSPA / LTE / 5G,,Octa-core (1x3.63 GHz Cortex-X925 & 3x3.3 GHz Cortex-X4 & 4x2.4 GHz Cortex-A720),Mediatek Dimensity 9400+ (3 nm),Immortalis-G925,"Android 16, up to 5 major Android upgrades, OriginOS 6",,"32 MP, f/2.0, 20mm (ultrawide), 1/3.44""","4K@30/60fps, 1080p@30/60fps",No,,"Yes, with stereo speakers",,,Yes,,,,"Glass front, aluminum frame, glass back",,,,,,HDR,,,,,,,,
vivo,vivo iQOO Z11 Turbo,,Phone,https://www.gsmarena.com/vivo_iqoo_z11_turbo_5g-14392.php,2026-06-03 06:03 UTC,"2026, January 15",2026.0,"Available. Released 2026, January 15",157.6,74.4,7.9,202.0,6.59,1260.0,2750.0,466.0,1TB | 256GB | 512GB,12GB | 16GB,200.0,32.0,7600.0,,,,,,,,,About 300 EUR,100W wired Reverse wired,,,Si/C Li-Ion 7600 mAh,IP68/IP69 dust tight and water resistant (high pressure water jets; immersible up to 1.5m for 30 min),157.6 x 74.4 x 7.9 mm or 8.1 mm,Nano-SIM + Nano-SIM,202 g or 206 g (7.13 oz),,"5.4, A2DP, LE, aptX HD, aptX Adaptive, aptX Lossless, LHDC 5.0",Yes,"GPS (L1+L5), BDS (B1I+B1C+B2a), GALILEO (E1+E5a), QZSS (L1+L5), GLONASS",No,"USB Type-C 2.0, OTG","Wi-Fi 802.11 a/b/g/n/ac/6/7, dual-band",,,"1260 x 2750 pixels, 19.5:9 ratio (~466 ppi density)","6.59 inches, 102.9 cm 2 (~87.8% screen-to-body ratio)","AMOLED, 1B colors, 144Hz, HDR, 4320Hz PWM, 5500 nits (peak)",,,,,,,,,,,,,"Fingerprint (under display, ultrasonic), accelerometer, gyro, proximity, compass","2026, January 15","Available. Released 2026, January 15","200 MP, f/1.9, (wide), 1/1.56"", PDAF, OIS 8 MP, f/2.2, (ultrawide), 1/4.0""","Color spectrum sensor, LED flash, HDR, panorama",,,"4K, 1080p, gyro-EIS, OIS",UFS 4.1,,No,"256GB 12GB RAM, 256GB 16GB RAM, 512GB 12GB RAM, 512GB 16GB RAM, 1TB 16GB RAM",,"White, Black, Blue, Pink",V2536A,About 300 EUR,,,,,GSM 850 / 900 / 1800 / 1900,HSDPA 800 / 850 / 900 / 1900 / 2100,"1, 3, 4, 5, 8, 18, 19, 26, 28, 34, 38, 39, 40, 41, 42, 43, 48","1, 3, 5, 8, 18, 26, 28, 38, 40, 41, 48, 77, 78 SA/NSA",,,"HSPA, LTE, 5G",GSM / HSPA / LTE / 5G,,Octa-core (2x3.8 GHz Oryon V3 Phoenix L + 6x3.32 GHz Oryon V3 Phoenix M),Qualcomm SM8845 Snapdragon 8 Gen 5 (3 nm),Adreno 829,"Android 16, OriginOS 6",,"32 MP, f/2.2, (wide)","4K, 1080p",No,,"Yes, with stereo speakers",,,Yes,,,,"Glass front, glass back or glass-fiber reinforced plastic back, aluminum frame",,,,,,,,,,,,,,
vivo,vivo Y31d,,Phone,https://www.gsmarena.com/vivo_y31d-14450.php,2026-06-03 06:03 UTC,"2026, January 16",2026.0,"Available. Released 2026, January",166.6,78.4,8.4,219.0,6.75,720.0,1570.0,256.0,128GB | 256GB,6GB | 8GB,50.0,8.0,7200.0,,,,,,,,,About 170 EUR,"44W wired, 50% in 43 min Reverse wired Bypass Charging",,,Si/C Li-Ion 7200 mAh,IP68/IP69 dust tight and water resistant (high pressure water jets; immersible up to 1.5m for 30 min),166.6 x 78.4 x 8.4 mm (6.56 x 3.09 x 0.33 in),Nano-SIM + Nano-SIM,219 g (7.72 oz),,"5.1, A2DP, LE",No,"GPS, GALILEO, GLONASS, BDS, QZSS",No,"USB Type-C 2.0, OTG","Wi-Fi 802.11 a/b/g/n/ac, dual-band",,,"720 x 1570 pixels, 19.5:9 ratio (~256 ppi density)","6.75 inches, 111.4 cm 2 (~85.3% screen-to-body ratio)","IPS LCD, 120Hz, 1250 nits (HBM)",,,,,,,,,,,,,"Fingerprint (side-mounted), accelerometer, gyro, proximity, compass","2026, January 16","Available. Released 2026, January","50 MP, f/2.0, 21mm (wide), PDAF Auxiliary lens","LED flash, HDR, panorama",,,1080p@30fps,UFS 2.2,,No,"128GB 6GB RAM,128GB 8GB RAM, 256GB 6GB RAM, 256GB 8GB RAM",,"Glow White, Starlight Grey",V2543,About 170 EUR,,,,,GSM 850 / 900 / 1800 / 1900,HSDPA 850 / 900 / 2100,"1, 3, 5, 8, 20, 28, 38, 40, 41",,,,"HSPA, LTE",GSM / HSPA / LTE,,Octa-core (4x2.9 GHz Cortex-A73 & 4x1.9 GHz Cortex-A53),Qualcomm Snapdragon 6s 4G Gen 2,Adreno,"Android 16, OriginOS 6",,"8 MP, f/2.1, (wide)",1080p@30fps,No,,"Yes, with stereo speakers",,,Yes,,,,"Glass front, plastic frame, plastic back",,,,,,,,,,,,,,
vivo,vivo Y500i,,Phone,https://www.gsmarena.com/vivo_y500i_5g-14407.php,2026-06-03 06:03 UTC,"2026, January 12",2026.0,"Available. Released 2026, January 16",166.6,78.4,8.4,219.0,6.75,720.0,1570.0,256.0,128GB | 256GB | 512GB,12GB | 8GB,50.0,5.0,7200.0,,,,,,,,,About 180 EUR,44W wired Reverse wired,,,Si/C Li-Ion 7200 mAh,IP68/IP69 dust tight and water resistant (high pressure water jets; immersible up to 1.5m for 30 min),166.6 x 78.4 x 8.4 mm (6.56 x 3.09 x 0.33 in),Nano-SIM + Nano-SIM,219 g (7.72 oz),,"4.2, A2DP, aptX Adaptive",Yes,"GPS, GALILEO, GLONASS, BDS, QZSS",No,"USB Type-C 2.0, OTG","Wi-Fi 802.11 a/b/g/n/ac, dual-band",,,"720 x 1570 pixels, 19.5:9 ratio (~256 ppi density)","6.75 inches, 111.4 cm 2 (~85.3% screen-to-body ratio)","IPS LCD, 120Hz, 1000 nits (HBM), 1200 nits (peak)",,,,,,,,,,,,,"Fingerprint (side-mounted), accelerometer, proximity, compass","2026, January 12","Available. Released 2026, January 16",,"LED flash, HDR, panorama","50 MP, f/1.8, (wide), PDAF",,1080p@30fps,UFS 3.1,,No,"128GB 8GB RAM, 256GB 8GB RAM, 256GB 12GB RAM, 512GB 8GB RAM, 512GB 12GB RAM",,"Black, Silver, Gold",V2531A,About 180 EUR,,,CDMA 800,,GSM 850 / 900 / 1800 / 1900,HSDPA 850 / 900 / 2100,"1, 3, 5, 8, 28, 34, 38, 39, 40, 41","1, 3, 5, 8, 28, 38, 40, 41, 77, 78 SA/NSA",,,"HSPA, LTE, 5G",GSM / CDMA / HSPA / LTE / 5G,,Octa-core (2x2.2 GHz Cortex-A78 & 6x1.95 GHz Cortex-A55),Qualcomm SM4450 Snapdragon 4 Gen 2 (4 nm),Adreno 613,"Android 16, OriginOS 6",,"5 MP, f/2.0, (wide)",1080p@30fps,No,,"Yes, with stereo speakers",,,Yes,,,,"Glass front, plastic frame, plastic back",,,,,,,,,,,,,,
vivo,vivo S50 Pro mini,,Phone,https://www.gsmarena.com/vivo_s50_pro_mini_5g-14356.php,2026-06-03 06:03 UTC,"2025, December 15",2025.0,"Available. Released 2025, December 19",150.8,71.8,8.0,191.0,6.31,1216.0,2640.0,461.0,256GB | 512GB,12GB | 16GB,50.0,50.0,6500.0,,,,,,,,,About 450 EUR,"90W wired, PD 40W wireless Reverse wired",,,Si/C Li-Ion 6500 mAh,IP68/IP69 dust tight and water resistant (high pressure water jets; immersible up to 1.5m for 30 min),150.8 x 71.8 x 8 mm (5.94 x 2.83 x 0.31 in),Nano-SIM + Nano-SIM,191 g (6.74 oz),,"5.4, A2DP, LE, aptX HD, aptX Adaptive, aptX Lossless, LHDC 5",Yes,"GPS (L1+L5), BDS (B1I+B1C+B2a), GALILEO (E1+E5a), QZSS (L1+L5), GLONASS",No,"USB Type-C 2.0, OTG","Wi-Fi 802.11 a/b/g/n/ac/6/7, dual-band",,,"1216 x 2640 pixels, 19.5:9 ratio (~461 ppi density)","6.31 inches, 97.6 cm 2 (~90.2% screen-to-body ratio)","LTPO AMOLED, 1B colors, 120Hz, HDR",,,,,,,,,,,,,"Fingerprint (under display, ultrasonic), accelerometer, gyro, proximity, compass","2025, December 15","Available. Released 2025, December 19",,"Ring-LED flash, panorama, HDR",,"50 MP, f/1.6, 23mm (wide), 1/1.56"", PDAF, OIS 50 MP, f/2.7, 70mm (periscope telephoto), 1/1.95"", PDAF, OIS, 3x optical zoom 8 MP, f/2.2, 110˚ (ultrawide)","4K, 1080p, gyro-EIS",UFS 4.1,,No,"256GB 12GB RAM, 512GB 12GB RAM, 512GB 16GB RAM",,"Black, Purple, White",V2527A,About 450 EUR,,,,,GSM 850 / 900 / 1800 / 1900,HSDPA 800 / 850 / 900 / 1700(AWS) / 2100,"1, 3, 4, 5, 7, 8, 18, 19, 26, 28, 34, 38, 39, 40, 41, 42, 43, 48, 66","1, 3, 5, 7, 8, 18, 26, 28, 38, 40, 41, 48, 66, 77, 78 SA/NSA",,,"HSPA, LTE, 5G",GSM / HSPA / LTE / 5G,,Octa-core (2x3.8 GHz Oryon V3 Phoenix L + 6x3.32 GHz Oryon V3 Phoenix M),Qualcomm SM8845 Snapdragon 8 Gen 5 (3 nm),Adreno 829,"Android 16, OriginOS 6",,"50 MP, f/2.0, 22mm (wide), AF","4K, 1080p",No,,"Yes, with stereo speakers",,,Yes,,,,"Glass front, aluminum frame, glass back",,,,,,HDR,,,,,,,,
vivo,vivo S50,Versions: vivo S50t (UFS 3.1); vivo S50 (UFS 4.1),Phone,https://www.gsmarena.com/vivo_s50_5g-14353.php,2026-06-03 06:03 UTC,"2025, December 15",2025.0,"Available. Released 2025, December 19",157.5,74.3,7.6,196.0,6.59,1260.0,2750.0,459.0,256GB | 512GB,12GB | 16GB,50.0,50.0,6500.0,,,,,,,,,About 360 EUR,"90W wired, PD Reverse wired",,,Si/C Li-Ion 6500 mAh,IP68/IP69 dust tight and water resistant (high pressure water jets; immersible up to 1.5m for 30 min),157.5 x 74.3 x 7.6 mm (6.20 x 2.93 x 0.30 in),Nano-SIM + Nano-SIM,196 g (6.91 oz),,"5.4, A2DP, LE, aptX HD, aptX Adaptive, aptX Lossless, LHDC 5",Yes,"GPS, GALILEO, GLONASS, QZSS, BDS (B1I+B1c)",No,"USB Type-C 2.0, OTG","Wi-Fi 802.11 a/b/g/n/ac/6, dual-band",,,"1260 x 2750 pixels, 19.5:9 ratio (~459 ppi density)","6.59 inches, 106.1 cm 2 (~90.7% screen-to-body ratio)","AMOLED, 1B colors, 120Hz, HDR",,,,,,,,,,,,,"Fingerprint (under display, ultrasonic), accelerometer, gyro, proximity, compass","2025, December 15","Available. Released 2025, December 19",,"Ring-LED flash, panorama, HDR",,"50 MP, f/1.9, 23mm (wide), 1/1.56"", PDAF, OIS 50 MP, f/2.7, 70mm (periscope telephoto), 1/1.95"", PDAF, OIS, 3x optical zoom 8 MP, f/2.2, 110˚ (ultrawide)","4K, 1080p, gyro-EIS",UFS 4.1,,No,"256GB 12GB RAM, 256GB 16GB RAM, 512GB 12GB RAM, 512GB 16GB RAM",,"Black, Blue, White, Purple",V2528A,About 360 EUR,,,,,GSM 850 / 900 / 1800 / 1900,HSDPA 800 / 850 / 900 / 1700(AWS) / 2100,"1, 3, 4, 5, 7, 8, 18, 19, 26, 28, 34, 38, 39, 40, 41, 42, 43, 48, 66","1, 3, 5, 7, 8, 18, 26, 28, 38, 40, 41, 48, 66, 77, 78 SA/NSA",,,"HSPA, LTE, 5G",GSM / HSPA / LTE / 5G,,Octa-core (1x3.0 GHz Cortex-X4 & 4x2.8 GHz Cortex-A720 & 3x2.0 GHz Cortex-A520),Qualcomm SM8635 Snapdragon 8s Gen 3 (4 nm),Adreno 735,"Android 16, OriginOS 6",,"50 MP, f/2.0, 22mm (wide), AF","4K, 1080p",No,,"Yes, with stereo speakers",,,Yes,,,,"Glass front, aluminum frame, glass back",,,,,,HDR,,,,,,,,
vivo,vivo Y500 Pro,,Phone,https://www.gsmarena.com/vivo_y500_pro_5g_(china)-14278.php,2026-06-03 06:03 UTC,"2025, November 10",2025.0,"Available. Released 2025, November 14",160.2,74.5,7.8,198.6,6.67,1260.0,2800.0,460.0,128GB | 256GB | 512GB,12GB | 8GB,200.0,32.0,7000.0,,,,,,,,,About 220 EUR,90W wired Reverse wired,,,Si/C Li-Ion 7000 mAh,IP68 dust tight and water resistant (immersible up to 1.5m for 5 hours),160.2 x 74.5 x 7.8 mm (6.31 x 2.93 x 0.31 in),Nano-SIM + Nano-SIM,198.6 g (7.02 oz),,"5.4, A2DP, LE, aptX HD",Yes,"GPS (L1+L5), BDS (B1I+B1a), GALILEO (E1+E5a), QZSS (L1+L5), GLONASS",No,"USB Type-C 2.0, OTG","Wi-Fi 802.11 a/b/g/n/ac/6, dual-band",Anti-reflective coating,Diamond Shield Glass,"1260 x 2800 pixels, 20:9 ratio (~460 ppi density)","6.67 inches, 107.4 cm 2 (~90.0% screen-to-body ratio)","AMOLED, 1B colors, 120Hz, 3840 PWM, 800 nits (typ), 1600 nits (HBM)",,,,,,,,,,,,,"Fingerprint (under display, optical), accelerometer, gyro, proximity, compass","2025, November 10","Available. Released 2025, November 14","200 MP, f/1.9, 23mm (wide), 1/1.56"", 0.5µm, PDAF, OIS Auxiliary lens","LED flash, panorama, HDR",,,"4K, 1080p, gyro-EIS",UFS 2.2,,No,"128GB 8GB RAM, 256GB 8GB RAM, 256GB 12GB RAM, 512GB 12GB RAM",,"Black, Green, Pink, Gold",V2516A,About 220 EUR,,,CDMA 800,,GSM 850 / 900 / 1800 / 1900,HSDPA 800 / 850 / 900 / 2100,"1, 3, 5, 8, 19, 28, 34, 38, 39, 40, 41, 42, 48","1, 3, 5, 8, 28, 38, 40, 41, 48, 77, 78 SA/NSA",,,"HSPA, LTE, 5G",GSM / CDMA / HSPA / LTE / 5G,,Octa-core (4x2.6 GHz Cortex-A78 & 4x2.0 GHz Cortex-A55),Mediatek Dimensity 7400 (4 nm),Mali-G615 MC2,"Android 16, OriginOS 6",,"32 MP, f/2.5, (wide)","4K, 1080p",No,,Yes,,,Yes,,,,"Glass front (Diamond Shield Glass), glass back, plastic frame",,,,,,Panorama,,,,,,,,
vivo,vivo Y21d,,Phone,https://www.gsmarena.com/vivo_y21d-14508.php,2026-06-03 06:03 UTC,"2025, October 11",2025.0,"Available. Released 2025, October",166.1,77.0,8.4,209.0,6.68,720.0,1608.0,264.0,128GB | 256GB,4GB | 6GB | 8GB,50.0,5.0,6500.0,,,,,,,,,About 100 EUR,"44W wired, 50% in 40 min Reverse wired",,,Si/C Li-Ion 6500 mAh,IP68/IP69 dust tight and water resistant (high pressure water jets; immersible up to 6m for 30 min) MIL-STD-810H compliant* * does not guarantee ruggedness or use in extreme conditions,166.1 x 77 x 8.4 mm (6.54 x 3.03 x 0.33 in),Nano-SIM + Nano-SIM,209 g (7.37 oz),,"5.2, A2DP, LE",No,"GPS, GLONASS, GALILEO, BDS, QZSS",FM radio,"USB Type-C 2.0, OTG","Wi-Fi 802.11 a/b/g/n/ac, dual-band",,Ion strengthened glass,"720 x 1608 pixels, 20:9 ratio (~264 ppi density)","6.68 inches, 107.4 cm 2 (~84.0% screen-to-body ratio)","IPS LCD, 90Hz, 1000 nits (HBM)",,,,,,,,,,,,,"Fingerprint (side-mounted), accelerometer, proximity, compass","2025, October 11","Available. Released 2025, October",,"Ring-LED flash, panorama","50 MP, f/1.8, (wide), PDAF Auxiliary lens",,1080p@30fps,eMMC 5.1,,microSDXC (dedicated slot),"128GB 4GB RAM, 128GB 6GB RAM, 128GB 8GB RAM, 256GB 6GB RAM",,"Lavender Purple, Black",,About 100 EUR,,,,,GSM 850 / 900 / 1800 / 1900,HSDPA 850 / 900 / 2100,"1, 3, 5, 8, 40",,,,"HSPA, LTE",GSM / HSPA / LTE,,Octa-core (2x1.8 GHz Cortex-A75 & 6x1.8 GHz Cortex-A55),Unisoc T7225 (12 nm),Mali-G52 MP1,"Android 15, Funtouch 15",,"5 MP, f/2.2",Yes,No,,"Yes, with stereo speakers",,,,,,24-bit/192kHz Hi-Res audio,"Glass front, plastic back, plastic frame",,,,,,,,,,,,,,
vivo,vivo Y19s,Not to be confused withvivo Y19s 4G,Phone,https://www.gsmarena.com/vivo_y19s_5g-14276.php,2026-06-03 06:03 UTC,"2025, November 03",2025.0,"Available. Released 2025, November 03",167.3,77.0,8.2,199.0,6.74,720.0,1600.0,260.0,128GB | 64GB,4GB | 6GB,13.0,5.0,6000.0,0.91,0.88,,,,,,,About 100 EUR,15W wired,,,Si/C Li-Ion 6000 mAh,IP64 dust tight and water resistant (water splashes) MIL-STD-810H compliant* * does not guarantee ruggedness or use in extreme conditions,167.3 x 77 x 8.2 mm (6.59 x 3.03 x 0.32 in),Nano-SIM + Nano-SIM,199 g (7.02 oz),,"5.4, A2DP, LE",No,"GPS, GALILEO, GLONASS, BDS, QZSS",FM radio,"USB Type-C 2.0, OTG","Wi-Fi 802.11 a/b/g/n/ac, dual-band",,,"720 x 1600 pixels, 20:9 ratio (~260 ppi density)","6.74 inches, 109.7 cm 2 (~85.1% screen-to-body ratio)","IPS LCD, 90Hz, 700 nits (HBM)",,,,,,,,,,,,,"Fingerprint (side-mounted), accelerometer, proximity, compass","2025, November 03","Available. Released 2025, November 03","13 MP, f/2.2, (wide), AF Auxiliary lens","LED flash, panorama",,,1080p@30fps,eMMC 5.1,,microSDXC (dedicated slot),"64GB 4GB RAM, 128GB 4GB RAM, 128GB 6GB RAM",,"Majestic Green, Titanium Silver",,About 100 EUR,0.91 W/kg (head)     0.88 W/kg (body),,,,GSM 850 / 900 / 1800 / 1900,HSDPA 850 / 900 / 2100,"1, 3, 5, 8, 28, 38, 40, 41","1, 3, 5, 8, 28, 40, 77, 78 SA/NSA",,,"HSPA, LTE, 5G",GSM / HSPA / LTE / 5G,,Octa-core (2x2.4 GHz Cortex-A76 & 6x2.0 GHz Cortex-A55),Mediatek Dimensity 6300 (6 nm),Mali-G57 MC2,"Android 15, Funtouch 15",,"5 MP, f/2.2, (wide)",Yes,Yes,,"Yes, with stereo speakers",,,,,,,"Glass front, plastic frame, plastic back",,,,,,,,,,,,,,
vivo,vivo iQOO Neo11 (China),,Phone,https://www.gsmarena.com/vivo_iqoo_neo11_5g_(china)-14268.php,2026-06-03 06:03 UTC,"2025, October 30",2025.0,"Available. Released 2025, October 30",163.4,76.7,8.1,210.0,6.82,1440.0,3168.0,510.0,1TB | 256GB | 512GB,12GB | 16GB,50.0,16.0,7500.0,,,,,,,,,About 320 EUR,"100W wired, 44W UFCS, 55W PD3.0/PPS Reverse wired",,,Si/C Li-Ion 7500 mAh,IP68/IP69 dust tight and water resistant (high pressure water jets; immersible up to 1.5m for 30 min) Drop resistant up to 1.2m,163.4 x 76.7 x 8.1 mm (6.43 x 3.02 x 0.32 in),Nano-SIM + Nano-SIM,210 g or 216 g (7.41 oz),,"5.4, A2DP, LE, aptX HD, aptX Adaptive, aptX Lossless, LHDC 5",Yes,"GPS (L1+L5), GLONASS, BDS (B1I+B1c+B2a), GALILEO (E1+E5a), QZSS (L1+L5)",No,"USB Type-C 2.0, OTG","Wi-Fi 802.11 a/b/g/n/ac/6/7, dual-band",Anti-reflective coating,Rock Glass,1440 x 3168 pixels (~510 ppi density),"6.82 inches, 113.0 cm 2 (~90.2% screen-to-body ratio)","LTPO AMOLED, 1B colors, 144Hz, 2592Hz PWM, HDR10+",,,,,,,,,,,,,"Fingerprint (under display, ultrasonic), accelerometer, gyro, proximity, compass","2025, October 30","Available. Released 2025, October 30","50 MP, f/1.9, (wide), 1/1.56"", PDAF, OIS 8 MP, f/2.2, 119˚ (ultrawide)","LED flash, panorama, HDR",,,"8K, 4K, 1080p, gyro-EIS",UFS 4.1,,No,"256GB 12GB RAM, 256GB 16GB RAM, 512GB 12GB RAM, 512GB 16GB RAM, 1TB 16GB RAM",,"Black, White, Orange, Blue",V2520A,About 320 EUR,,,,,GSM 850 / 900 / 1800 / 1900,HSDPA 800 / 850 / 900 / 1700(AWS) / 1900 / 2100,"1, 3, 4, 5, 7, 8, 18, 19, 26, 28, 34, 38, 39, 40, 41, 42, 43, 48, 66","1, 3, 5, 7, 8, 18, 26, 28, 38, 40, 41, 48, 66, 77, 78 SA/NSA",,,"HSPA, LTE, 5G",GSM / HSPA / LTE / 5G,,Octa-core (2x4.32 GHz Oryon V2 Phoenix L + 6x3.53 GHz Oryon V2 Phoenix M),Qualcomm SM8750-AC Snapdragon 8 Elite (3 nm),Adreno 830,"Android 16, OriginOS 6",,"16 MP, f/2.5, (wide)",1080p@30fps,No,,"Yes, with stereo speakers",,,Yes,,,,"Glass front, aluminum frame, glass-fiber reinforced plastic back",,,,,,,,,,,,,,
vivo,vivo iQOO 15,,Phone,https://www.gsmarena.com/vivo_iqoo_15_5g-14198.php,2026-06-03 06:03 UTC,"2025, October 20",2025.0,"Available. Released 2025, October 20",163.7,76.8,8.1,215.0,6.85,1440.0,3168.0,508.0,1TB | 256GB | 512GB,12GB | 16GB,50.0,32.0,7000.0,,,,,,,,72999.0,"₹ 72,999","100W wired, PPS, PD 40W wireless Bypass charging",,,Si/C Li-Ion 7000 mAh,IP68/IP69 dust tight and water resistant (high pressure water jets; immersible up to 1.5m for 30 min) Color-changing rear panel (gray color only),163.7 x 76.8 x 8.1 mm (6.44 x 3.02 x 0.32 in),· Nano-SIM + Nano-SIM + eSIM (max 2 at a time) - International · Nano-SIM + Nano-SIM - China,215 g or 220 g (7.58 oz),,"6.0, A2DP, LE, aptX HD, aptX Adaptive, aptX Lossless, LHDC 5",Yes,"GPS (L1+L5), GLONASS (G1), BDS (B1I+B1c+B2a), GALILEO (E1+E5a), QZSS (L1+L5)",No,"USB Type-C 3.2, OTG","Wi-Fi 802.11 a/b/g/n/ac/6/7, dual-band, Wi-Fi Direct",,,1440 x 3168 pixels (~508 ppi density),"6.85 inches, 114.0 cm 2 (~90.7% screen-to-body ratio)","LTPO AMOLED, 1B colors, 144Hz, PWM, Dolby Vision, HDR10+, HDR Vivid, 1000 nits (typ), 2600 nits (HBM), 6000 nits (peak)",,,,,,,,,,,,,"Fingerprint (under display, ultrasonic), accelerometer, gyro, proximity, compass","2025, October 20","Available. Released 2025, October 20",,"LED flash, HDR, panorama",,"50 MP, f/1.9, 24mm (wide), 1/1.56"", 1.0µm, PDAF, OIS 50 MP, f/2.6, 85mm (periscope telephoto), 1/1.95"", 0.8µm, PDAF, OIS, 3x optical zoom 50 MP, f/2.1, 15mm (ultrawide), 1/2.76"", 0.64µm, AF","8K@30fps, 4K@24/30/60fps, 1080p@30/60/120/240fps, gyro-EIS",UFS 4.1,,No,"256GB 12GB RAM, 256GB 16GB RAM, 512GB 12GB RAM, 512GB 16GB RAM, 1TB 16GB RAM",,"Alpha, Legend, Gray, Green, Blue, Apex","I2501, V2505A","₹ 72,999",,,"1, 2, 3, 4, 5, 7, 8, 18, 19, 20, 25, 26, 28, 34, 38, 39, 40, 41, 42, 43, 48, 66 - China","1, 2, 3, 5, 7, 8, 18, 20, 25, 26, 28, 38, 40, 41, 48, 66, 75, 77, 78, 80, 81, 83, 84, 89, 91, 92, 93, 94 SA/NSA - China",GSM 850 / 900 / 1800 / 1900,HSDPA 800 / 850 / 900 / 1700(AWS) / 1900 / 2100,"1, 2, 3, 4, 5, 7, 8, 18, 19, 20, 26, 28, 34, 38, 39, 40, 41, 42, 43, 48, 66, 71 - International","1, 2, 3, 5, 7, 8, 18, 20, 26, 28, 38, 40, 41, 48, 66, 71, 77, 78 SA/NSA - International",,,"HSPA, LTE, 5G",GSM / HSPA / LTE / 5G,-25.0 LUFS (Very good),Octa-core (2x4.6 GHz Oryon V3 Phoenix L + 6x3.62 GHz Oryon V3 Phoenix M),Qualcomm SM8850-AC Snapdragon 8 Elite Gen 5 (3 nm),Adreno 840,"Android 16, up to 5 major Android upgrades, OriginOS 6",,"32 MP, f/2.2, 21mm (wide), 1/3.1"", 0.7µm","4K@30/60fps, 1080p@30/60fps",No,,"Yes, with stereo speakers",,,Yes,,,24-bit/192kHz Hi-Res audio Snapdragon Sound,"Glass front, aluminum frame, glass-fiber reinforced plastic back or glass back",,,1313 nits max brightness (measured),"AnTuTu: 2973303 (v10), 3785250 (v11) GeekBench: 10466 (v6) 3DMark: 7229 (Wild Life Extreme)",,HDR,,,,,,,Active use score 21:47h,
vivo,vivo X300 Pro,Versions:Global model with 6510 mAh batteryEU model with 5440 mAh battery,Phone,https://www.gsmarena.com/vivo_x300_pro_5g-14225.php,2026-06-03 06:03 UTC,"2025, October 13",2025.0,"Available. Released 2025, October 17",161.2,75.5,8.0,226.0,6.78,1260.0,2800.0,452.0,1TB | 256GB | 512GB,12GB | 16GB,50.0,50.0,6510.0,,,,,839.0,1399.0,,109998.0,"$ 839.00 / C$ 1,506.29 / € 1,399.00 / ₹ 109,998",90W wired 40W wireless Reverse wireless Reverse wired,,,· Si/C Li-Ion 6510 mAh (Global) · Si/C Li-Ion 5440 mAh (EU markets),IP68/IP69 dust tight and water resistant (high pressure water jets; immersible up to 1.5m for 30 min),161.2 x 75.5 x 8 mm (6.35 x 2.97 x 0.31 in),· Nano-SIM + Nano-SIM + eSIM (max 2 at a time) - International · Nano-SIM + Nano-SIM - China,226 g (7.97 oz),,"5.4, A2DP, LE, aptX HD, LHDC 5",Yes,"GPS (L1+L5), GLONASS (L1), BDS (B1I+B1c+B2a+B2b), GALILEO (E1+E5a+E5b), QZSS (L1+L5), NavIC (L5)",No,"USB Type-C 3.2, OTG","Wi-Fi 802.11 a/b/g/n/ac/6/7, dual-band",Ultra HDR image support,"Armor Glass, Mohs level 4","1260 x 2800 pixels, 20:9 ratio (~452 ppi density)","6.78 inches, 111.5 cm 2 (~91.6% screen-to-body ratio)","LTPO AMOLED, 1B colors, 120Hz, 2160Hz PWM, HDR10+, HDR Vivid, Dolby Vision, 4500 nits (peak)","48:21h endurance, 1200 cycles",Class B,Class B (180 falls),Class C,"Satellite connectivity support (optional, market/region dependent)",,,,,,,,"Fingerprint (under display, ultrasonic), accelerometer, gyro, proximity, compass","2025, October 13","Available. Released 2025, October 17",,"Laser AF, color spectrum sensor, Zeiss optics, Zeiss T* lens coating, LED flash, panorama, HDR, 3D LUT import",,"50 MP, f/1.6, 24mm (wide), 1/1.28"", 1.22µm, PDAF, OIS 200 MP, f/2.7, 85mm (periscope telephoto), 1/1.4"", 0.56µm, multi-directional PDAF, OIS, 3.7x optical zoom, macro 2.7:1 50 MP, f/2.0, 15mm, 119˚ (ultrawide), 1/2.76"", 0.64µm, AF","8K@30fps, 4K@30/60/120fps, 1080p@30/60/120/240fps, gyro-EIS, 4K@120fps 10-bit Log, Dolby Vision HDR",Dual UFS 4.1,,No,"256GB 12GB RAM, 512GB 16GB RAM, 1TB 16GB RAM",,"Phantom Black, Mist Blue, Dune Brown, Cloud White","V2514, V2502A","$ 839.00 / C$ 1,506.29 / € 1,399.00 / ₹ 109,998",,,HSDPA 850 / 900 / 1700(AWS) / 1900 / 2100 - International,,GSM 850 / 900 / 1800 / 1900,HSDPA 800 / 850 / 900 / 1700(AWS) / 1900 / 2100 - China,"1, 2, 3, 4, 5, 7, 8, 18, 19, 20, 25, 26, 28, 34, 38, 39, 40, 41, 42, 43, 48, 66","1, 2, 3, 5, 7, 8, 18, 20, 25, 26, 28, 34, 38, 39, 40, 41, 48, 66, 77, 78, 79 SA/NSA/Sub6",,,"HSPA, LTE, 5G",GSM / HSPA / LTE / 5G,-24.8 LUFS (Very good),Octa-core (1x4.21 GHz C1-Ultra & 3x3.5 GHz C1-Premium & 4x2.7 GHz C1-Pro),Mediatek Dimensity 9500 (3 nm),Arm G1-Ultra,"Android 16, up to 5 major Android upgrades, OriginOS 6",,"50 MP, f/2.0, 20mm (wide), 1/2.76"", 0.64µm, AF","4K@30/60fps, 1080p@30/60fps",No,,"Yes, with stereo speakers",,,Yes,,,24-bit/192kHz Hi-Res audio,"Glass front (Armor Glass), aluminum frame, glass back",,,2113 nits max brightness (measured),"AnTuTu: 2982875 (v10), 3533222 (v11) GeekBench: 10264 (v6) 3DMark: 7263 (Wild Life Extreme)",,HDR,,,,,,,Active use score 12:45h,
vivo,vivo X300,Versions:Global model with 6040 mAh batteryEU model with 5360 mAh battery,Phone,https://www.gsmarena.com/vivo_x300_5g-14224.php,2026-06-03 06:03 UTC,"2025, October 13",2025.0,"Available. Released 2025, October 17",150.6,71.9,8.0,190.0,6.31,1216.0,2640.0,461.0,1TB | 256GB | 512GB,12GB | 16GB,200.0,50.0,6040.0,,,,,1649.0,949.35,,,"$ 1,649.00 / € 949.35",90W wired 40W wireless Reverse wired,,,· Si/C Li-Ion 6040 mAh (Global) · Si/C Li-Ion 5360 mAh (EU markets),IP68/IP69 dust tight and water resistant (high pressure water jets; immersible up to 1.5m for 30 min),150.6 x 71.9 x 8 mm (5.93 x 2.83 x 0.31 in),· Nano-SIM + Nano-SIM + eSIM (max 2 at a time) - International · Nano-SIM + Nano-SIM - China,190 g (6.70 oz),,"5.4, A2DP, LE, aptX HD, LHDC 5",Yes,"GPS (L1+L5), GLONASS (L1), BDS (B1I+B1c+B2a+B2b), GALILEO (E1+E5a+E5b), QZSS (L1+L5), NavIC (L5)",No,"USB Type-C 3.2, OTG","Wi-Fi 802.11 a/b/g/n/ac/6/7, dual-band",Ultra HDR image support,"Reinforced Glass, Mohs level 4","1216 x 2640 pixels, 19.5:9 ratio (~461 ppi density)","6.31 inches, 97.6 cm 2 (~90.1% screen-to-body ratio)","LTPO AMOLED, 1B colors, 120Hz, 2160Hz PWM, HDR10+, HDR Vivid, 4500 nits (peak)","52:15h endurance, 1200 cycles",Class A,Class B (180 falls),Class C,,,,,,,,,"Fingerprint (under display, ultrasonic), accelerometer, gyro, proximity, compass","2025, October 13","Available. Released 2025, October 17",,"Laser AF, Zeiss optics, Zeiss T* lens coating, LED flash, panorama, HDR, 3D LUT import",,"200 MP, f/1.7, 23mm (wide), 1/1.4"", 0.56µm, PDAF, OIS 50 MP, f/2.6, 70mm (periscope telephoto), 1/1.95"", PDAF, OIS, 3x optical zoom 50 MP, f/2.0, 15mm, 119˚ (ultrawide), 1/2.76"", 0.64µm, AF","4K@30/60/120fps, 1080p@30/60/120/240fps, gyro-EIS, 4K@120fps HDR",UFS 4.1,,No,"256GB 12GB RAM, 256GB 16GB RAM, 512GB 12GB RAM, 512GB 16GB RAM, 1TB 16GB RAM",,"Phantom Black, Mist Blue, Summit Red, Iris Purple, Halo Pink","V2515, V2509A","$ 1,649.00 / € 949.35",,,"HSDPA 850 / 900 / 2100 - Malaysia, India",HSDPA 800 / 850 / 900 / 1700(AWS) / 1900 / 2100 - China,GSM 850 / 900 / 1800 / 1900,HSDPA 850 / 900 / 1700(AWS) / 1900 / 2100 - International,"1, 2, 3, 4, 5, 7, 8, 18, 19, 20, 25, 26, 28, 34, 38, 39, 40, 41, 42, 43, 48, 66","1, 2, 3, 5, 7, 8, 18, 20, 25, 26, 28, 34, 38, 39, 40, 41, 48, 66, 77, 78 SA/NSA/Sub6",,,"HSPA, LTE, 5G",GSM / HSPA / LTE / 5G,-24.8 LUFS (Very good),Octa-core (1x4.21 GHz C1-Ultra & 3x3.5 GHz C1-Premium & 4x2.7 GHz C1-Pro),Mediatek Dimensity 9500 (3 nm),Arm G1-Ultra,"Android 16, up to 5 major Android upgrades, OriginOS 6",,"50 MP, f/2.0, 20mm (wide), 1/2.76"", 0.64µm, AF","4K@30/60fps, 1080p@30/60fps",No,,"Yes, with stereo speakers",,,Yes,,,,"Glass front, aluminum frame, glass back",,,1930 nits max brightness (measured),"AnTuTu: 2346352 (v10), 3416530 (v11) GeekBench: 9843 (v6) 3DMark: 7510 (Wild Life Extreme)",,HDR,,,,,,,Active use score 17:31h,
Spice,Spice M-6450,,Phone,https://www.gsmarena.com/spice_m_6450-4246.php,2026-06-03 06:03 UTC,2011,2011.0,Discontinued,114.0,49.0,10.8,101.0,2.36,240.0,320.0,169.0,45MB,,2.0,,950.0,,,,,,,,,About 40 EUR,,Up to 200 h,Up to 6 h 40 min,Removable Li-Ion 950 mAh battery,,114 x 49 x 10.8 mm (4.49 x 1.93 x 0.43 in),Dual SIM (Mini-SIM),101 g (3.56 oz),,"2.0, A2DP",,No,FM radio,2.0,No,,,"240 x 320 pixels, 4:3 ratio (~169 ppi density)","2.36 inches, 17.2 cm 2 (~30.9% screen-to-body ratio)",TFT,,,,,MP4/H.263 player MP3/AAC+ player Organizer Voice memo Predictive text input,,,,Downloadable,Yes,,"SMS(threaded view), MMS",,2011,Discontinued,,,2 MP,,Yes,,Yes,microSDHC (dedicated slot),45MB,500 entries,Black,,About 40 EUR,,,,,GSM 900 / 1800 - SIM 1 & SIM 2,,,,No,Yes,,GSM,,,,,,No,,,Yes,,Yes,,,,,,SRS audio,,,,,,,,,,,,,,,
Spice,Spice M-5750,,Phone,https://www.gsmarena.com/spice_m_5750-4247.php,2026-06-03 06:03 UTC,2011,2011.0,Discontinued,112.0,50.0,12.0,96.0,2.76,240.0,320.0,145.0,8MB,,3.0,,1000.0,,,,,,,,,About 40 EUR,,Up to 500 h,Up to 5 h,Removable Li-Ion 1000 mAh battery,,112 x 50 x 12 mm (4.41 x 1.97 x 0.47 in),Dual SIM (Mini-SIM),96 g (3.39 oz),,"2.0, A2DP",,No,"FM radio, recording",microUSB,No,,,"240 x 320 pixels, 4:3 ratio (~145 ppi density)","2.76 inches, 23.6 cm 2 (~42.1% screen-to-body ratio)",TFT resistive touchscreen,,,,,MP4/H.263 player MP3/AAC+ player Organizer Voice memo Predictive text input,,,,Downloadable,Yes,,"SMS(threaded view), MMS, Email",,2011,Discontinued,,,1.3 MP,,Yes,,Yes,microSDHC (dedicated slot),8MB,1000 entries,Black,,About 40 EUR,,,,,GSM 900 / 1800 - SIM 1 & SIM 2,,,,No,Yes,,GSM,,,,,,No,,,Yes,,Yes,,,,,,,,,,,,,,,,,,,,,
Spice,Spice M-5350,Also known as Spice M-5350 Elite,Phone,https://www.gsmarena.com/spice_m_5350-4249.php,2026-06-03 06:03 UTC,2011,2011.0,Discontinued,104.8,56.0,13.2,60.0,2.36,240.0,320.0,169.0,,,,,1000.0,,,,,,,,,About 30 EUR,,Up to 300 h,Up to 3 h 30 min,Removable Li-Ion 1000 mAh battery,,104.8 x 56 x 13.2 mm (4.13 x 2.20 x 0.52 in),Dual SIM (Mini-SIM),60 g (2.12 oz),,"2.0, A2DP",,No,"FM radio, recording",No,No,,,"240 x 320 pixels, 4:3 ratio (~169 ppi density)","2.36 inches, 17.2 cm 2 (~29.4% screen-to-body ratio)",TFT,,,,,MP3/MP4/H.263 player,,,,Downloadable,No,,SMS(threaded view),,2011,Discontinued,,,VGA,,Yes,,Yes,microSDHC (dedicated slot),,500 entries,"Gray, Red",,About 30 EUR,,,,,GSM 900 / 1800 - SIM 1 & SIM 2,,,,No,No,,GSM,,,,,,No,,,,,Yes,,,,,,,,,,,,,,,,,,,,,
Spice,Spice M-5180,,Watch,https://www.gsmarena.com/spice_m_5180-4250.php,2026-06-03 06:03 UTC,2011,2011.0,Discontinued,105.7,46.5,15.2,90.0,1.77,128.0,160.0,116.0,,,,,1800.0,,,,,,,,,About 30 EUR,,Up to 500 h,Up to 5 h,Removable Li-Ion 1800 mAh battery,,105.7 x 46.5 x 15.2 mm (4.16 x 1.83 x 0.60 in),Dual SIM (Mini-SIM),90 g (3.17 oz),,1.2,,No,"FM radio, recording",No,No,,,128 x 160 pixels (~116 ppi density),"1.77 inches, 9.9 cm 2 (~20.1% screen-to-body ratio)",TFT,,,,,MP3/MP4/H.263 player,,,,Downloadable,No,,"SMS(threaded view), MMS",,2011,Discontinued,,,VGA,,Yes,,Yes,microSDHC (dedicated slot),,500 entries,Black/Gold,,About 30 EUR,,,,,GSM 900 / 1800 - SIM 1 & SIM 2,,,,No,Yes,,GSM,,,,,,No,,,No,,Yes,,,,,,,,,,,,,,,,,,,,,
Spice,Spice M-5115,,Watch,https://www.gsmarena.com/spice_m_5115-4251.php,2026-06-03 06:03 UTC,2011,2011.0,Discontinued,,,,44.8,1.77,128.0,160.0,116.0,,,,,1000.0,,,,,,,,,About 20 EUR,,Up to 500 h,Up to 4 h,Removable Li-Ion 1000 mAh battery,Flashlight,-,Dual SIM (Mini-SIM),44.8 g without battery (1.55 oz),,"2.1, A2DP",,No,"FM radio, recording",microUSB,No,,,128 x 160 pixels (~116 ppi density),"1.77 inches, 9.9 cm 2",TFT,,,,,MP3/MP4/H.263 player,,,,Downloadable,No,,SMS(threaded view),,2011,Discontinued,,,VGA,,No,,Yes,microSDHC (dedicated slot),,500 entries,"Black/Red, Black",,About 20 EUR,,,,,GSM 900 / 1800 - SIM 1 & SIM 2,,,,No,No,,GSM,,,,,,No,,,No,,Yes,,,,,,,,,,,,,,,,,,,,,
Spice,Spice M-4262,,Watch,https://www.gsmarena.com/spice_m_4262-4252.php,2026-06-03 06:03 UTC,2011,2011.0,Discontinued,,,,44.8,1.77,128.0,160.0,116.0,,,,,1000.0,,,,,,,,,About 10 EUR,,Up to 500 h,Up to 4 h,Removable Li-Ion 1000 mAh battery,Flashlight,-,Dual SIM (Mini-SIM),44.8 g without battery (1.55 oz),,No,,No,"FM radio, recording",microUSB,No,,,128 x 160 pixels (~116 ppi density),"1.77 inches, 9.9 cm 2",TFT,,,,,MP3/MP4/H.263 player,,,,Downloadable,No,,SMS(threaded view),,2011,Discontinued,,,,,No,,Yes,microSDHC (dedicated slot),,500 entries,Black,,About 10 EUR,,,,,GSM 900 / 1800 - SIM 1 & SIM 2,,,,No,No,,GSM,,,,,,No,,,No,,Yes,,,,,,,,,,,,,,No,,,,,,,
Spice,Spice Mi-720,"Tablet with support for GSM voice communication, SMS, and MMS",Tablet,https://www.gsmarena.com/spice_mi_720-4216.php,2026-06-03 06:03 UTC,"2011, Q2",2011.0,Discontinued,200.0,116.5,12.5,485.0,7.0,480.0,800.0,133.0,256MB | 512MB,256MB,2.0,,4200.0,,,,,,,,,About 170 EUR,,Up to 450 h,Up to 20 h,Non-removable Li-Ion 4200 mAh battery,,200 x 116.5 x 12.5 mm (7.87 x 4.59 x 0.49 in),Mini-SIM,485 g (1.07 lb),,"2.1, A2DP, EDR",,"GPS, A-GPS",No,microUSB,"Wi-Fi 802.11 b/g, hotspot",,,"480 x 800 pixels, 5:3 ratio (~133 ppi density)","7.0 inches, 139.5 cm 2 (~59.9% screen-to-body ratio)","TFT, 256K colors",,,,,HDMI output MP4/WMV/H.263 player MP3/WAV/AAC+ player Organizer Document viewer Photo/video editor Voice memo Predictive text input,,,,,,,,"Accelerometer, compass","2011, Q2",Discontinued,,,2 MP,,@24fps,,,microSDHC (dedicated slot),"256MB RAM, 512MB",,White,,About 170 EUR,,,,,GSM 850 / 900 / 1800 / 1900,HSDPA 850 / 2100,,,,,HSPA,GSM / HSPA,,800 MHz Scorpion,,Adreno 200,Android 2.2 (Froyo),,VGA,,Yes,,Yes,,,,,,,,,,,,,,,,,,,,,
Spice,Spice M-6800 FLO,,Phone,https://www.gsmarena.com/spice_m_6800_flo-4110.php,2026-06-03 06:03 UTC,"2011, May. Released 2011, May",2011.0,Discontinued,107.8,53.6,12.5,91.0,3.14,240.0,400.0,149.0,44MB,,15.0,,1000.0,,,,,,,,,About 40 EUR,,Up to 250 h,Up to 4 h,Removable Li-Ion 1000 mAh battery,,107.8 x 53.6 x 12.5 mm (4.24 x 2.11 x 0.49 in),Mini-SIM,91 g (3.21 oz),,"2.1, A2DP",,No,"FM radio, recording",2.0,Wi-Fi 802.11 b/g,,,"240 x 400 pixels, 5:3 ratio (~149 ppi density)","3.14 inches, 28.1 cm 2 (~48.6% screen-to-body ratio)",TFT,,,,,SNS integration MP4/H.263 player MP3/AAC+ player Organizer Voice memo Predictive text input,,,,Downloadable,Yes,,"SMS(threaded view), MMS, Email, IM",,"2011, May. Released 2011, May",Discontinued,,,3.15 MP,,Yes,,Yes,microSDHC (dedicated slot),44MB,"1000 entries, Photocall","Turquoise Blue, Jet Black, Spice Yellow",,About 40 EUR,,,,,GSM 900 / 1800,,,,Yes,Yes,,GSM,,,,,,No,,,Yes,,Yes,,,,,,,,,,,,,,,,,,,,,
Spice,Spice Mi-410,,Phone,https://www.gsmarena.com/spice_mi_410-4053.php,2026-06-03 06:03 UTC,"2011, Q2. Released 2011, Q2",2011.0,Discontinued,122.0,66.0,10.0,143.0,4.03,480.0,800.0,232.0,800MB,512MB,5.0,,1400.0,,,0.62,,,,,,About 210 EUR,,Up to 400 h (2G) / Up to 380 h (3G),Up to 2 h 20 min (2G) / Up to 4 h (3G),Removable Li-Ion 1400 mAh battery,,122 x 66 x 10 mm (4.80 x 2.60 x 0.39 in),Mini-SIM,143 g (5.04 oz),,"2.0, A2DP, EDR",,"GPS, A-GPS","FM radio, recording",microUSB,"Wi-Fi 802.11 b/g, hotspot",,,"480 x 800 pixels, 5:3 ratio (~232 ppi density)","4.03 inches, 46.2 cm 2 (~57.4% screen-to-body ratio)","TFT, 256K colors",,,,,HDMI output MP4/WMV/H.263 player MP3/WAV/AAC+ player Organizer Document viewer Photo/video editor Voice memo Predictive text input,,,,,,,,"Accelerometer, proximity, compass","2011, Q2. Released 2011, Q2",Discontinued,,LED flash,"5 MP, AF",,720p@30fps,,,microSDHC (dedicated slot),800MB 512MB RAM,,"Silver, Brown",,About 210 EUR,,0.62 W/kg (head),,,GSM 850 / 900 / 1800 / 1900,HSDPA 900 / 1900 / 2100,,,,,HSPA 14.4/5.76 Mbps,GSM / HSPA,,1.0 GHz Scorpion,Qualcomm MSM8255 Snapdragon S2,Adreno 205,Android 2.2 (Froyo),,Yes,,Yes,,Yes,,,,,,,,,,,,,,,,,,,,,
Spice,Spice Mi-270,,Phone,https://www.gsmarena.com/spice_mi_270-3963.php,2026-06-03 06:03 UTC,"2011, May. Released 2011, May",2011.0,Discontinued,104.0,55.0,12.6,,2.8,240.0,320.0,143.0,,,2.0,,1000.0,,,,,,,,,About 50 EUR,,Up to 320 h,Up to 3 h,Removable Li-Ion 1000 mAh battery,,104 x 55 x 12.6 mm (4.09 x 2.17 x 0.50 in),"Dual SIM (Mini-SIM, dual stand-by)",-,,"2.1, A2DP, EDR",,"GPS, A-GPS",FM radio,Proprietary,"Wi-Fi 802.11 b/g, hotspot",,,"240 x 320 pixels, 4:3 ratio (~143 ppi density)","2.8 inches, 24.3 cm 2 (~42.4% screen-to-body ratio)",TFT,,,,,MP4/H.263 player MP3/AAC+ player Organizer Voice memo Predictive text input,,HTML,,,,,,,"2011, May. Released 2011, May",Discontinued,,,2 MP,,Yes,,,microSDHC (dedicated slot),,,"Black, White",,About 50 EUR,,,,,GSM 900 / 1800 - SIM1 & SIM 2,,,,Yes,Yes,,GSM,,416 MHz,Mediatek MT6516,,Android 2.2 (Froyo),No,,,Yes,,Yes,,,,,,,,,,,,,,,,,,,,,
Spice,Spice Mi-310,,Phone,https://www.gsmarena.com/spice_mi_310-3929.php,2026-06-03 06:03 UTC,"2011, April. Released 2011, April",2011.0,Discontinued,116.0,60.0,12.0,120.0,3.15,320.0,480.0,183.0,85MB,,2.0,,1200.0,,,0.62,,,,,,About 100 EUR,,Up to 200 h,Up to 2 h 30 min,Removable Li-Ion 1200 mAh battery,Optical trackpad,116 x 60 x 12 mm (4.57 x 2.36 x 0.47 in),Mini-SIM,120 g (4.23 oz),,"2.1, A2DP",,"GPS, A-GPS",FM radio,microUSB,"Wi-Fi 802.11 b/g, hotspot",Touch sensitive controls,,"320 x 480 pixels, 3:2 ratio (~183 ppi density)","3.15 inches, 29.5 cm 2 (~42.5% screen-to-body ratio)","TFT, 256K colors",,,,,MP4/WMV/H.263 player MP3/WAV/AAC+ player Organizer Document viewer Photo/video editor Voice memo Predictive text input,,HTML,,,,,,"Accelerometer, proximity","2011, April. Released 2011, April",Discontinued,,,2 MP,,Yes,,,microSDHC (dedicated slot),85MB,,Dark red,,About 100 EUR,,0.62 W/kg (head),,,GSM 900 / 1800,HSDPA 2100,,,,,HSPA 7.2/0.384 Mbps,GSM / HSPA,,,,,Android 2.2 (Froyo),No,,,Yes,,Yes,,,,,,,,,,,,,,,,,,,,,
Spice,Spice M-4250,,Watch,https://www.gsmarena.com/spice_m_4250-3689.php,2026-06-03 06:03 UTC,2010. Released 2010,2010.0,Discontinued,110.0,46.5,15.0,85.0,1.77,128.0,160.0,116.0,,,,,1200.0,,,,,,,,,About 20 EUR,,Up to 800 h,Up to 5 h,Removable Li-Ion 1200 mAh battery,Flashlight,110 x 46.5 x 15 mm (4.33 x 1.83 x 0.59 in),Dual SIM (Mini-SIM),85 g (3.00 oz),No,No,,No,"FM radio, recording",No,No,,,128 x 160 pixels (~116 ppi density),"1.77 inches, 9.9 cm 2 (~19.3% screen-to-body ratio)",TFT,,,,,MP3/AAC+ player Organizer Currency/unit convertor Auto Power On/Off Voice memo Predictive text input,,No,,Downloadable,,,SMS,,2010. Released 2010,Discontinued,,,,,,,"20 dialed, 20 received, 20 missed calls",microSD (dedicated slot),,500 entries,Black,,About 20 EUR,,,GSM 900 / 1800 - SIM 2,,GSM 900 / 1800 - SIM 1,,,,No,No,,GSM,,,,,,,,,No,,Yes,,,,,,,,,,,,,,,,,,,,,
Spice,Spice M-5170,,Phone,https://www.gsmarena.com/spice_m_5170-3656.php,2026-06-03 06:03 UTC,2010. Released 2010,2010.0,Discontinued,111.0,47.5,14.6,78.0,2.0,176.0,220.0,141.0,,,,,1200.0,,,,,,,,,About 30 EUR,,Up to 350 h,Up to 4 h,Removable Li-Ion 1200 mAh battery,Flashlight,111 x 47.5 x 14.6 mm (4.37 x 1.87 x 0.57 in),Mini-SIM,78 g (2.75 oz),,"2.1, A2DP",,No,"FM radio, scheduled recording",Proprietary,No,,,176 x 220 pixels (~141 ppi density),"2.0 inches, 12.6 cm 2 (~23.9% screen-to-body ratio)","TFT, 65K colors",,,,,MP4/H.263 player MP3/WAV/AAC player Auto Power On/Off Currency convertor Voice memo Predictive text input,,WAP 1.2,,Downloadable,No,,"SMS, MMS",,2010. Released 2010,Discontinued,,,Yes,,Yes,,"20 dialed, 20 received, 20 missed calls",microSD (dedicated slot),,1000 entries,Black,,About 30 EUR,,,,,GSM 900 / 1800,,,,No,Yes,,GSM,,,,,,No,,,Yes,,"Yes, with stereo speakers",,,,,,,,,,,,,,,,,,,,,
Tecno,Tecno Spark 30,,Phone,https://www.gsmarena.com/tecno_spark_30-13356.php,2026-06-03 06:03 UTC,"2024, September 21",2024.0,"Available. Released 2024, October",168.0,76.4,7.7,,6.78,1080.0,2460.0,396.0,128GB | 256GB,8GB,64.0,13.0,5000.0,,,,,,,,,,18W wired,,,5000 mAh,IP64 dust tight and water resistant (water splashes),168 x 76.4 x 7.7 mm or 7.9 mm,Nano-SIM + Nano-SIM,-,,Yes,Yes,GPS,Unspecified,USB Type-C,Yes,,,1080 x 2460 pixels (~396 ppi density),"6.78 inches, 109.2 cm 2 (~85.0% screen-to-body ratio)","IPS LCD, 90Hz, 800 nits",,,,,,,,,,,,,Fingerprint (side-mounted); unspecified sensors,"2024, September 21","Available. Released 2024, October",,"Quad-LED flash, HDR","64 MP, (wide), 1/1.73"", 0.8µm, PDAF Auxiliary lens",,"1440p@30fps, 1080p@30fps",,,microSDXC,"128GB 8GB RAM, 256GB 8GB RAM",,"Stellar Shadow, Astral Ice, Magic Skin 3.0, Bumblebee Edition",KL6,,,,,,GSM 850 / 900 / 1800 / 1900,HSDPA 900 / 2100,LTE,,,,"HSPA, LTE",GSM / HSPA / LTE,,Octa-core (2x2.0 GHz Cortex-A75 & 6x1.8 GHz Cortex-A55),Mediatek Helio G91 (12 nm),Mali-G52 MC2,"Android 14, HIOS 14",,"13 MP, (wide)",1080p@30fps,Yes,,"Yes, with stereo speakers",,,Yes,,,,"Glass front, plastic frame, plastic back or silicone polymer (eco leather) back",,,,,,Dual-LED dual-tone flash,,,,,,,,
Sony,Sony CMD J7,,Phone,https://www.gsmarena.com/sony_cmd_j7-279.php,2026-06-03 06:03 UTC,"2001, Q4",2001.0,Discontinued,113.0,44.0,21.0,92.0,,96.0,92.0,,,,,,,,,,,,,,,,,200 h,3 h 20 min - 6 h,Removable Li-Ion battery,,113 x 44 x 21 mm (4.45 x 1.73 x 0.83 in),Mini-SIM,92 g (3.25 oz),No,No,,No,No,,No,Advanced Jog Dial Wallpaper download,,"96 x 92 pixels, 6 lines, 1:1 ratio",,"Grayscale graphic, 4 shades",,,,,Predictive text input Organizer Recordable sounds for calls and events,Yes,"WAP, HTML (MS)",Yes,Yes,No,,"SMS, Email",,"2001, Q4",Discontinued,,,,,,Message templates Several phonebook groups,"10 dialed, 10 received, 10 missed calls",No,,500,,,,,,,,GSM 900 / 1800,,,,No,No,,GSM,,,,,,,,,No,Downloadable polyphonic ringtones,Yes,,,,,,SMS with sounds and pictures Ringtones can be assigned to phonebook entries,,,,,,,,,,,,,,,
Sony,Sony CMD MZ5,,Phone,https://www.gsmarena.com/sony_cmd_mz5-232.php,2026-06-03 06:03 UTC,May 2001,2001.0,Discontinued,90.0,49.0,30.0,110.0,,96.0,72.0,,,,,,620.0,,,,,,,,,,,30 h - 150 h,90 min - 220 min,Removable Li-Ion 620 mAh battery,,"90 x 49 x 30 mm, 100 cc (3.54 x 1.93 x 1.18 in)",Mini-SIM,110 g (3.88 oz),No,No,,No,No,,No,Advanced Jog Dial,,"96 x 72 pixels, 5 lines, 4:3 ratio",,"Grayscale graphic, 4 shades",,,,,MP3 player Predictive text input Organizer Answering machine,Yes,"WAP, HTML",Yes,"4 - Sport Fishing, Disc Golf, Clay Shooting, Mole Hitting",No,,"SMS, Email",,May 2001,Discontinued,,,,,,64MB MagicGate Memory Stick Can store music and files Keeps fax and email for phonebook entries Message templates Several phonebook groups,,No,,500,,,,,,,,GSM 900 / 1800,,,,No,No,,GSM,,,,,,,,,No,Vibration; Monophonic ringtones,No,,,,,,Ringtones can be assigned to phonebook entries,,,,,,,,,,,,,,,
Sony,Sony CMD J6,,Phone,https://www.gsmarena.com/sony_cmd_j6-270.php,2026-06-03 06:03 UTC,2001,2001.0,Discontinued,123.0,43.0,20.0,82.0,,96.0,92.0,,,,,,,,,,,,,,,,,120 h,3 h,Removable Li-Ion battery,,123 x 43 x 20 mm (4.84 x 1.69 x 0.79 in),Mini-SIM,82 g (2.89 oz),No,No,,No,No,,No,Advanced Jog Dial,,"96 x 92 pixels, 6 lines, 1:1 ratio",,"Grayscale graphic, 4 shades",,,,,Predictive text input Organizer Recordable sounds for calls and events,Yes,"WAP, HTML (MS)",Yes,"4 - Bannanas, PicPuz, MindBlaster, SandArt",No,,"SMS, Email",,2001,Discontinued,,,,,,Message templates Several phonebook groups,"10 dialed, 10 received, 10 missed calls",No,,500,,,,,,,,GSM 900 / 1800,,,,No,No,,GSM,,,,,,,,,No,Vibration; Monophonic ringtones,No,,,,,,Ringtones can be assigned to phonebook entries,,,,,,,,,,,,,,,
Sony,Sony CMD J5,,Phone,https://www.gsmarena.com/sony_cmd_j5-201.php,2026-06-03 06:03 UTC,2000,2000.0,Discontinued,123.0,45.0,20.0,85.0,,96.0,92.0,,,,,,,,,,,,,,,,,120 h,3 h,Removable Li-Ion battery,,123 x 45 x 20 mm (4.84 x 1.77 x 0.79 in),Mini-SIM,85 g (3.00 oz),No,No,,No,No,,No,Advanced Jog Dial,,"96 x 92 pixels, 6 lines, 1:1 ratio",,"Grayscale graphic, 4 shades",,,,,Predictive text input Organizer Recordable sounds for calls and events,Yes,"WAP, HTML (MS)",Yes,"4 - Bannanas, PicPuz, MindBlaster, SandArt",No,,"SMS, Email",,2000,Discontinued,,,,,,Message templates Several phonebook groups,"10 dialed, 10 received, 10 missed calls",No,,500,Silver,,,,,,,GSM 900 / 1800,,,,No,No,,GSM,,,,,,,,,No,Vibration; Polyphonic ringtones,No,,,,,,Ringtones can be assigned to phonebook entries,,,,,,,,,,,,,,,
Sony,Sony CMD Z5,,Phone,https://www.gsmarena.com/sony_cmd_z5-133.php,2026-06-03 06:03 UTC,2000,2000.0,Discontinued,88.0,49.0,21.0,82.0,,96.0,72.0,,,,,,500.0,,,,,,,,,,,50 - 180 h,4 - 6 h,Removable Li-Ion 500 mAh battery,,88 x 49 x 21 mm (3.46 x 1.93 x 0.83 in),Mini-SIM,82 g (2.89 oz),No,No,,No,No,,No,Advanced Jog Dial,,"96x72 pixels, 5 lines",,"Grayscale graphic, 4 shades",,,,,Predictive text input Organizer Voice Memo (14x20 sec),Yes,"WAP, HTML",Yes,2 - Clay pigeon shooting and Fishing,No,,"SMS, Email",,2000,Discontinued,,,,,,Keeps fax and email for phonebook entries Message templates Several phonebook groups,,No,,500,"3 (Silver, Metallic Blue and Metallic Black)",,,,,,,GSM 900 / 1800,,,,No,No,,GSM,,,,,,,,,No,Vibration; Monophonic ringtones,No,,,,,,Ringtones can be assigned to phonebook entries,,,,,,,,,,,,,,,
Sony,Sony CMD CD5,,Phone,https://www.gsmarena.com/sony_cmd_cd5-132.php,2026-06-03 06:03 UTC,2000,2000.0,Discontinued,139.0,45.0,26.0,139.0,,97.0,32.0,,,,,,500.0,,,,,,,,,,,50 - 180 h,4 - 6 h,Removable Li-Ion 500 mAh battery,,"139 x 45 x 26 mm, 120 cc (5.47 x 1.77 x 1.02 in)",Mini-SIM,139 g (4.90 oz),No,No,,No,No,,No,Fixed icons Jog Dial Blue LCD crystals,,"97 x 32 pixels, 4 lines",,Monochrome graphic,,,,,Predictive text input 2 vibration types,Yes,,Yes,No,No,,SMS,,2000,Discontinued,,,,,,Message templates,,No,,100,"3 (Silver, Metallic Blue and Metallic Black)",,,,,,,GSM 900 / 1800,,,,No,No,,GSM,,,,,,,,,No,Vibration; Monophonic ringtones,No,,,,,,Ringtones can be assigned to phonebook entries,,,,,,,,,,,,,,,
Sony Ericsson,Sony Ericsson Xperia Neo,Also known as Sony Ericsson Xperia KynoSony Ericsson XPERIA Halon (Hallon),Phone,https://www.gsmarena.com/sony_ericsson_xperia_neo-3734.php,2026-06-03 06:03 UTC,"2011, February. Released 2011, March",2011.0,Discontinued,116.0,57.0,13.0,126.0,3.7,480.0,854.0,265.0,320MB,512MB,8.0,,1500.0,,,1.1,,,,,,About 110 EUR,,Up to 430 h (2G) / Up to 400 h (3G),Up to 6 h 55 min (2G) / Up to 7 h (3G),Removable Li-Ion 1500 mAh battery,,116 x 57 x 13 mm (4.57 x 2.24 x 0.51 in),Mini-SIM,126 g (4.44 oz),,"2.1, A2DP",,"GPS, A-GPS","Stereo FM radio, RDS",microUSB 2.0,"Wi-Fi 802.11 b/g/n, DLNA, hotspot",,Scratch-resistant glass,"480 x 854 pixels, 16:9 ratio (~265 ppi density)","3.7 inches, 37.7 cm 2 (~57.1% screen-to-body ratio)","LED-backlit LCD,",,,,,ANT+ HDMI port MP4/H.264/WMV player MP3/WMA/WAV/eAAC+ player TrackID music recognition Organizer Document viewer Voice memo/dial/commands Predictive text input,,"HTML, Adobe Flash",,,,,,"Accelerometer, proximity, compass","2011, February. Released 2011, March",Discontinued,,LED flash,"8 MP, AF",,720p@30fps,,,"microSDHC (dedicated slot), 8 GB included",320MB 512MB RAM,,"Blue Gradient, Red, Silver",,About 110 EUR,,1.10 W/kg (head),HSDPA 850 / 1900 / 2100,,GSM 850 / 900 / 1800 / 1900,HSDPA 900 / 2100,,,,,HSPA 7.2/5.76 Mbps,GSM / HSPA,Voice 65dB / Noise 61dB / Ring 65dB,1.0 GHz Scorpion,Qualcomm MSM8255 Snapdragon S2,Adreno 205,"Android 2.3.4 (Gingerbread), upgradable to 4.0 (Ice Cream Sandwich)",,Yes,,Yes,,Yes,Up to 31 h,,,Noise -89.8dB / Crosstalk -92.2dB,Photo / Video,,,,,Contrast ratio: 1670:1 (nominal),,,,,,,,,,,
Sony Ericsson,Sony Ericsson Xperia Arc,"Also known as Sony Ericsson Anzu, Sony Ericsson X12",Phone,https://www.gsmarena.com/sony_ericsson_xperia_arc-3619.php,2026-06-03 06:03 UTC,"2011, January. Released 2011, March",2011.0,Discontinued,125.0,63.0,8.7,117.0,4.2,480.0,854.0,233.0,320MB,512MB,8.0,,1500.0,,,0.66,,,,,,About 180 EUR,,Up to 430 h (2G) / Up to 400 h (3G),Up to 7 h (2G) / Up to 7 h (3G),Removable Li-Po 1500 mAh battery,,125 x 63 x 8.7 mm (4.92 x 2.48 x 0.34 in),Mini-SIM,117 g (4.13 oz),,"2.1, A2DP",,"GPS, A-GPS","Stereo FM radio, RDS",microUSB 2.0,"Wi-Fi 802.11 b/g/n, DLNA, hotspot",,Scratch-resistant glass,"480 x 854 pixels, 16:9 ratio (~233 ppi density)","4.2 inches, 48.6 cm 2 (~61.7% screen-to-body ratio)","LED-backlit LCD,",,,,,ANT+ HDMI port MP4/H.264/WMV player MP3/eAAC+/WMA/WAV player TrackID music recognition NeoReader barcode scanner Document viewer Voice memo/dial/commands Predictive text input,,"HTML, Adobe Flash",,,,,,"Accelerometer, proximity, compass","2011, January. Released 2011, March",Discontinued,,LED flash,"8 MP, AF",,720p@30fps,,,"microSDHC (dedicated slot), 8 GB included",320MB 512MB RAM,,"Midnight Blue, Misty Silver",,About 180 EUR,,0.66 W/kg (head),HSDPA 850 / 1900 / 2100  / 800 - LT15a,,GSM 850 / 900 / 1800 / 1900,HSDPA 900 / 2100 - LT15i,,,,,HSPA 7.2/5.76 Mbps,GSM / HSPA,Voice 66dB / Noise 66dB / Ring 78dB,1.0 GHz Scorpion,Qualcomm MSM8255 Snapdragon S2,Adreno 205,"Android 2.3 (Gingerbread), upgradable to 4.0 (Ice Cream Sandwich)",No,,,Yes,,Yes,Up to 31 h,,,Noise -89.4dB / Crosstalk -91.5dB,Photo / Video,,,,,Contrast ratio: 1207:1 (nominal),,,,,,,,,,,
Sony Ericsson,Sony Ericsson T200,,Phone,https://www.gsmarena.com/sony_ericsson_t200-338.php,2026-06-03 06:03 UTC,"2002, Oct",2002.0,Discontinued,105.0,48.0,22.0,85.0,,,,,,,,,700.0,0.93,,0.63,,,,,,,,Up to 220 h,Up to 13 h,Removable Li-Ion 700 mAh battery (BST-24),,105 x 48 x 22 mm (4.13 x 1.89 x 0.87 in),Mini-SIM,85 g (3.00 oz),No,No,,No,No,,No,Blue backlight,,,,"Grayscale graphics, 4 shades",,,,,Predictive text input Organizer,Yes,WAP 1.2.1,Yes,5,No,,"SMS, EMS",,"2002, Oct",Discontinued,,,,,,,"10 dialed, 10 received, 10 missed calls",No,,,,,,0.93 W/kg (head),0.63 W/kg (head),,,GSM 900 / 1800 / 1900,,,,No,Class 8,,GSM,,,,,,,,,No,Vibration; Downloadable monophonic ringtones,No,,,,,,Ringtones can be assigned to phonebook entries,,,,,,,,,,,,,,,
Sony Ericsson,Sony Ericsson P800,,Phone,https://www.gsmarena.com/sony_ericsson_p800-326.php,2026-06-03 06:03 UTC,"2002, September",2002.0,Discontinued,117.0,59.0,27.0,158.0,2.9,208.0,320.0,132.0,16MB,,,,1000.0,0.8,1.07,0.64,,,,,,,,up to 400 h,up to 13 h,Removable Li-Po 1000 mAh battery (BST-15),,117 x 59 x 27 mm (4.61 x 2.32 x 1.06 in),Mini-SIM,158 g (5.57 oz),,Yes,,No,No,,No,Image handling,,"208 x 320 pixels, 3:2 ratio (~132 ppi density)","2.9 inches, 40 x 62 mm, 24.8 cm 2 (~35.9% screen-to-body ratio)","TFT resistive touchscreen, 4096 colors",,,,,Organizer High speed data transfers Voice dial,Yes,"WAP 2.0/xHTML, iMode, HTML",Yes,,,,,,"2002, September",Discontinued,,,VGA,,No,"12 MB available for images, contacts etc.",,"Memory Stick, up to 12MB, 16 MB included",16MB,,,,,0.80 W/kg (head)     1.07 W/kg (body),0.64 W/kg (head),,,GSM 900 / 1800 / 1900,,,,No,Class 8,,GSM,,32-bit Philips Nexperia PNX4000 156 MHz,,,"Symbian 7.0, UIQ v2.0 UI",No,,,No,"Vibration; Downloadable polyphonic ringtones, composer",No,,,Yes,,,,,,,,,,,,,,,,,,
Sony Ericsson,Sony Ericsson Z700,,Phone,https://www.gsmarena.com/sony_ericsson_z700-327.php,2026-06-03 06:03 UTC,"2002, September",2002.0,Cancelled,91.0,50.0,24.0,95.0,,,,,,,,,,,,,,,,,,,,Up to 260 h,Up to 8 h,Removable Li-Po battery,,"91 x 50 x 24 mm, 90 cc (3.58 x 1.97 x 0.94 in)",Mini-SIM,95 g (3.35 oz),No,Yes,,No,No,,No,Advanced Jog Dial (5D) Wallpaper download,,,,"STN, 256 colors",,,,,Predictive text input Organizer Voice Memo Voice Dial,Yes,"WAP 1.2.1, HTML",Yes,Downloadable,Yes,,"SMS, Email",,"2002, September",Cancelled,,,,,,Keeps fax and email for phonebook entries Message templates Several phonebook groups,"10 dialed, 10 received, 10 missed calls",No,,500,,,,,,,,GSM 900 / 1800,,,,No,Class 8,,GSM,,,,,,,,,No,Vibration; Downloadable polyphonic ringtones,Yes,,,,,,SMS with sounds and pictures Ringtones can be assigned to phonebook entries,,,,,,,,,,,,,,,
Sony Ericsson,Sony Ericsson T68i,,Phone,https://www.gsmarena.com/sony_ericsson_t68i-325.php,2026-06-03 06:03 UTC,"2002, April",2002.0,Discontinued,101.0,48.0,19.5,84.0,,101.0,80.0,,,,,,700.0,0.54,,0.38,,,,,,,,up to 300 h,Up to 11 h,Removable Li-Ion 700 mAh battery (BST-14),,101 x 48 x 19.5 mm (3.98 x 1.89 x 0.77 in),Mini-SIM,84 g (2.96 oz),No,1.0b,,No,No,,No,Joystick navigation Image handling,,101 x 80 pixels,,"STN, 256 colors",,,,,Predictive text input Organizer Voice dialing Voice answering Profiles,Yes,WAP 2.0/xHTML,Yes,Downloadable,No,,"SMS, EMS, MMS, Email",,"2002, April",Discontinued,,,,,,1000 sec voice memo 300 calendar events,"10 dialed, 10 received, 10 missed calls",No,,"500 x 8 fields, Photo call",Arctic Blue,,,0.54 W/kg (head),0.38 W/kg (head),,,GSM 900 / 1800 / 1900,,,,No,Class 4,,GSM,,,,,,,,,No,"Vibration; Downloadable monophonic ringtones, composer",No,,,Yes,,,Ringtones can be assigned to contacts,,,,,,,,,,,,,,,
Sony Ericsson,Sony Ericsson Xperia Duo,Unofficial preliminary specifications,Phone,https://www.gsmarena.com/sony_ericsson_xperia_duo-4047.php,2026-06-03 06:03 UTC,Not officially announced yet,,Cancelled,,,,,4.5,540.0,960.0,256.0,,5GB,12.0,,2500.0,,,,,,,,,,,,,Removable Li-Po 2500 mAh battery,,-,Mini-SIM,-,,"2.1, A2DP, EDR",,"GPS, A-GPS","Stereo FM radio, RDS",microUSB 2.0,"Wi-Fi 802.11 b/g/n, DLNA, hotspot",,Scratch-resistant glass,"540 x 960 pixels, 3:2 ratio (~256 ppi density)","4.5 inches, 60.3 cm 2","LED-backlit LCD,",,,,,HDMI port MP4/H.264/WMV player MP3/eAAC+/WMA/WAV player TrackID music recognition NeoReader barcode scanner Document viewer Voice memo/dial/commands Predictive text input,,,,,,,,"Accelerometer, proximity, compass",Not officially announced yet,Cancelled,,LED flash,"12 MP, AF",,Yes,,,microSDHC,1.5GB RAM,,Black,,,,,HSDPA 850 / 1900 / 2100,,GSM 850 / 900 / 1800 / 1900,HSDPA 900 / 2100,,,,,HSPA,GSM / HSPA,,Dual-core 1.4 GHz Scorpion,Qualcomm MSM8260 Snapdragon S3,Adreno 220,Android 2.3 (Gingerbread),,Yes,,Yes,,Yes,,,,,,,,,,,,,,,,,,,,,
Sony Ericsson,Sony Ericsson Windows Phone 7,Unofficial preliminary specifications,Phone,https://www.gsmarena.com/sony_ericsson_windows_phone_7-3851.php,2026-06-03 06:03 UTC,Not officially announced yet,,Cancelled,,,,,,,,,,,,,,,,,,,,,,,,,,Removable Li-Po battery,,-,Mini-SIM,-,,"2.1, A2DP",,"GPS, A-GPS","Stereo FM radio, RDS",microUSB 2.0,Wi-Fi 802.11 b/g/n,,,,,TFT,,,,,MP4/H.264/WMV player MP3/WMA/WAV/eAAC+ player Organizer Document viewer/editor Voice memo/dial Predictive text input,,"HTML, Adobe Flash",,,,,,Accelerometer,Not officially announced yet,Cancelled,,,Yes,,Yes,,,No,,,Black,,,,,,,GSM 850 / 900 / 1800 / 1900,HSDPA 900 / 2100,,,,,HSPA,GSM / HSPA,,,,,Microsoft Windows Phone 7,,Yes,,Yes,,Yes,,QWERTY,,,,,,,,,,,,,,,,,,,
Xiaomi,Xiaomi Mi Watch Color Sports,Also known as Xiaomi Mi Watch Color Sports Edition,Watch,https://www.gsmarena.com/xiaomi_mi_watch_color_sports-10541.php,2026-06-03 06:03 UTC,"2020, October 20. Released 2020, November 01",2020.0,Discontinued,53.4,45.9,11.8,32.5,1.39,454.0,454.0,326.0,,,,,420.0,,,,,,,,,About 90 EUR,,,,Li-Ion 420 mAh,Waterproof (5ATM),53.4 x 45.9 x 11.8 mm (2.10 x 1.81 x 0.46 in),No,32.5 g (1.16 oz),No,"5.0, A2DP, LE",Yes,"GPS, GLONASS, GALILEO",No,No,Wi-Fi 802.11 b/g/n,,,454 x 454 pixels (~326 ppi density),1.39 inches,AMOLED,,,,,,,,,,,,,"Accelerometer, gyro, heart rate, barometer","2020, October 20. Released 2020, November 01",Discontinued,,,,,,eMMC,,No,,,"Black, Blue, Ivory",XMWTCL01,About 90 EUR,,,,,,,,,No,No,No,No cellular connectivity,,,,,Proprietary OS,,,,No,,Yes,,,,,,,"Glass front, aluminum frame, plastic back",,,,,,,,,,,,,,
Xiaomi,Xiaomi Poco C3,,Phone,https://www.gsmarena.com/xiaomi_poco_c3-10482.php,2026-06-03 06:03 UTC,"2020, October 06",2020.0,"Available. Released 2020, October 16",164.9,77.1,9.0,194.0,6.43,720.0,1600.0,270.0,32GB | 64GB,3GB | 4GB,13.0,5.0,5000.0,0.51,0.83,,,,,,,About 80 EUR,10W wired,,,Li-Po 5000 mAh,,164.9 x 77.1 x 9 mm (6.49 x 3.04 x 0.35 in),Nano-SIM + Nano-SIM,194 g (6.84 oz),,"5.0, A2DP, LE",No,"GPS, GLONASS, BDS",FM radio,"microUSB 2.0, OTG","Wi-Fi 802.11 a/b/g/n, Wi-Fi Direct",,Panda Glass,"720 x 1600 pixels, 20:9 ratio (~270 ppi density)","6.43 inches, 102.1 cm 2 (~80.3% screen-to-body ratio)","IPS LCD, 400 nits (typ)",,,,,,,,,,,,,"Accelerometer, proximity","2020, October 06","Available. Released 2020, October 16",,"LED flash, HDR",,"13 MP, f/2.2, 28mm (wide), 1.0µm, PDAF 2 MP (macro) Auxiliary lens",1080p@30fps,eMMC 5.1,,microSDXC (dedicated slot),"32GB 3GB RAM, 64GB 4GB RAM",,"Arctic Blue, Lime Green, Matte Black","M2006C3MII, MZB07RIIN, MZB07RJIN, MZB07QAIN, MZB07RLIN, MZB07RKIN, MZB07RHIN",About 80 EUR,0.51 W/kg (head)     0.83 W/kg (body),,,,GSM 850 / 900 / 1800 / 1900,HSDPA 850 / 900 / 2100,"1, 3, 5, 8, 40, 41",,,,"HSPA, LTE",GSM / HSPA / LTE,,Octa-core (4x2.3 GHz Cortex-A53 & 4x1.8 GHz Cortex-A53),Mediatek MT6765G Helio G35 (12 nm),PowerVR GE8320,"Android 10, MIUI 12",,"5 MP, f/2.2, (wide), 1.12µm",1080p@30fps,Yes,,Yes,,,,,,,,,,,,,HDR,,,,,,,,
Xiaomi,Xiaomi Mi 10T Pro 5G,,Phone,https://www.gsmarena.com/xiaomi_mi_10t_pro_5g-10437.php,2026-06-03 06:03 UTC,"2020, September 30. Released 2020, October 13",2020.0,Discontinued,165.1,76.4,9.3,218.0,6.67,1080.0,2400.0,395.0,128GB | 256GB,8GB,108.0,20.0,5000.0,0.97,0.98,0.57,1.0,,,,,About 170 EUR,"33W wired, PD3.0",,,Li-Po 5000 mAh,,165.1 x 76.4 x 9.3 mm (6.5 x 3.01 x 0.37 in),Nano-SIM + Nano-SIM,218 g (7.69 oz),,"5.1, A2DP, LE, aptX HD, aptX Adaptive",Yes,"GPS (L1+L5), GLONASS (G1), BDS (B1), GALILEO (E1+E5a)",No,"USB Type-C 2.0, OTG","Wi-Fi 802.11 a/b/g/n/ac/6, dual-band, Wi-Fi Direct",,Corning Gorilla Glass 5,"1080 x 2400 pixels, 20:9 ratio (~395 ppi density)","6.67 inches, 107.4 cm 2 (~85.2% screen-to-body ratio)","IPS LCD, 144Hz, HDR10+, 500 nits (typ), 650 nits (peak)",,,,,,,,,,,,,"Fingerprint (side-mounted), accelerometer, gyro, proximity, compass, barometer","2020, September 30. Released 2020, October 13",Discontinued,,"LED flash, HDR, panorama",,"108 MP, f/1.7, 26mm (wide), 1/1.33"", 0.8µm, PDAF, OIS 13 MP, f/2.4, 123˚ (ultrawide), 1.12µm 5 MP (macro), AF","8K@30fps, 4K@30/60fps, 1080p@30/60/120fps; gyro-EIS",UFS 3.1,,No,"128GB 8GB RAM, 256GB 8GB RAM",,"Cosmic Black, Lunar Silver, Aurora Blue","M2007J3SG, M2007J3SP, M2007J3SI, M2007J17C",About 170 EUR,0.97 W/kg (head)     0.98 W/kg (body),0.57 W/kg (head)     1.00 W/kg (body),,,GSM 850 / 900 / 1800 / 1900,HSDPA 850 / 900 / 1700(AWS) / 1900 / 2100,"1, 2, 3, 4, 5, 7, 8, 20, 28, 32, 38, 40, 41","1, 3, 7, 8, 20, 28, 38, 41, 77, 78 NSA",,,"HSPA, LTE, 5G (2+ Gbps DL)",GSM / HSPA / LTE / 5G,-26.4 LUFS (Good),Octa-core (1x2.84 GHz Cortex-A77 & 3x2.42 GHz Cortex-A77 & 4x1.80 GHz Cortex-A55),Qualcomm SM8250 Snapdragon 865 5G (7 nm+),Adreno 650,"Android 10, upgradable to Android 11, MIUI 12.5",,"20 MP, f/2.2, 27mm (wide), 1/3.4"", 0.8µm","1080p@30fps, 720p@120fps",No,,"Yes, with stereo speakers",,,Yes,,Photo / Video,24-bit/192kHz Hi-Res audio,"Glass front (Gorilla Glass 5), glass back (Gorilla Glass 5), aluminum frame",,Endurance rating 118h,"1185:1 contrast ratio, 630 nits max brightness (measured)",AnTuTu: 563961 (v8) GeekBench: 3311 (v5.1) GFXBench: 46fps (ES 3.1 onscreen),,HDR,,,,,,,,
Xiaomi,Xiaomi Mi 10T 5G,,Phone,https://www.gsmarena.com/xiaomi_mi_10t_5g-10473.php,2026-06-03 06:03 UTC,"2020, September 30. Released 2020, October 13",2020.0,Discontinued,165.1,76.4,9.3,216.0,6.67,1080.0,2400.0,395.0,128GB | 256GB,6GB | 8GB,64.0,20.0,5000.0,0.97,0.98,0.57,1.0,,,,,About 240 EUR,"33W wired, PD3.0",,,Li-Po 5000 mAh,,165.1 x 76.4 x 9.3 mm (6.5 x 3.01 x 0.37 in),Nano-SIM + Nano-SIM,216 g (7.62 oz),,"5.1, A2DP, LE, aptX HD, aptX Adaptive",Yes,"GPS (L1+L5), GLONASS (G1), BDS (B1), GALILEO (E1+E5a)",No,"USB Type-C 2.0, OTG","Wi-Fi 802.11 a/b/g/n/ac/6, dual-band, Wi-Fi Direct",,Corning Gorilla Glass 5,"1080 x 2400 pixels, 20:9 ratio (~395 ppi density)","6.67 inches, 107.4 cm 2 (~85.2% screen-to-body ratio)","IPS LCD, 144Hz, HDR10+, 500 nits (typ), 650 nits (peak)",,,,,,,,,,,,,"Fingerprint (side-mounted), accelerometer, gyro, proximity, compass, barometer","2020, September 30. Released 2020, October 13",Discontinued,,"LED flash, HDR, panorama",,"64 MP, f/1.9, 26mm (wide), 1/1.73"", 0.8µm, PDAF 13 MP, f/2.4, 123˚ (ultrawide), 1/3.06"", 1.12µm 5 MP (macro), AF","8K@30fps, 4K@30/60fps, 1080p@30/60/120/240/960fps; gyro-EIS",UFS 3.1,,No,"128GB 6GB RAM, 128GB 8GB RAM, 256GB 6GB RAM",,"Cosmic Black, Lunar Silver",M2007J3SY,About 240 EUR,0.97 W/kg (head)     0.98 W/kg (body),0.57 W/kg (head)     1.00 W/kg (body),,,GSM 850 / 900 / 1800 / 1900,HSDPA 850 / 900 / 1700(AWS) / 1900 / 2100,"1, 2, 3, 4, 5, 7, 8, 20, 28, 32, 38, 40, 41","1, 3, 7, 8, 20, 28, 38, 41, 77, 78 NSA",,,"HSPA, LTE, 5G (2+ Gbps DL)",GSM / HSPA / LTE / 5G,,Octa-core (1x2.84 GHz Cortex-A77 & 3x2.42 GHz Cortex-A77 & 4x1.80 GHz Cortex-A55),Qualcomm SM8250 Snapdragon 865 5G (7 nm+),Adreno 650,"Android 10, upgradable to Android 11, MIUI 12.5",,"20 MP, f/2.2, 27mm (wide), 1/3.4"", 0.8µm","1080p@30fps, 720p@120fps",No,,"Yes, with stereo speakers",,,Yes,,,24-bit/192kHz Hi-Res audio,"Glass front (Gorilla Glass 5), glass back (Gorilla Glass 5), aluminum frame",,,,,,HDR,,,,,,,,
Xiaomi,Xiaomi Mi 10T Lite 5G,,Phone,https://www.gsmarena.com/xiaomi_mi_10t_lite_5g-10480.php,2026-06-03 06:03 UTC,"2020, September 30. Released 2020, October 13",2020.0,Discontinued,165.4,76.8,9.0,214.5,6.67,1080.0,2400.0,395.0,128GB | 64GB,6GB,64.0,16.0,4820.0,1.06,0.99,0.59,0.99,,,,,About 190 EUR,33W wired,,,Li-Po 4820 mAh,,165.4 x 76.8 x 9 mm (6.51 x 3.02 x 0.35 in),Nano-SIM + Nano-SIM,214.5 g (7.58 oz),,Yes,Yes,"GPS (L1+L5), GLONASS (G1), BDS (B1), GALILEO (E1+E5a)",FM radio,"USB Type-C 2.0, OTG","Wi-Fi 802.11 a/b/g/n/ac, dual-band, Wi-Fi Direct",,Corning Gorilla Glass 5,"1080 x 2400 pixels, 20:9 ratio (~395 ppi density)","6.67 inches, 107.4 cm 2 (~84.6% screen-to-body ratio)","IPS LCD, 120Hz, HDR10, 450 nits (typ)",,,,,Virtual proximity sensing,,,,,,,,"Fingerprint (side-mounted), accelerometer, gyro, compass","2020, September 30. Released 2020, October 13",Discontinued,,"Dual-LED dual-tone flash, HDR, panorama",,,"4K@30fps, 1080p@30/60/120/240fps, 720p@960fps; gyro-EIS",64GB 6GB RAM - UFS 2.1 128GB 6GB RAM - UFS 2.2,,microSDXC (uses shared SIM slot),"64GB 6GB RAM, 128GB 6GB RAM",,"Atlantic Blue, Pearl Gray, Rose Gold Beach",M2007J17G,About 190 EUR,1.06 W/kg (head)     0.99 W/kg (body),0.59 W/kg (head)     0.99 W/kg (body),,,GSM 850 / 900 / 1800 / 1900,HSDPA 850 / 900 / 1700(AWS) / 1900 / 2100,"1, 2, 3, 4, 5, 7, 8, 20, 28, 32, 38, 40, 41","1, 3, 5, 7, 8, 20, 28, 38, 41, 77, 78 SA/NSA",,,"HSPA, LTE, 5G (2+ Gbps DL)",GSM / HSPA / LTE / 5G,-25.3 LUFS (Very good),Octa-core (2x2.2 GHz Kryo 570 & 6x1.8 GHz Kryo 570),Qualcomm SM7225 Snapdragon 750G 5G (8 nm),Adreno 619,"Android 10, MIUI 12",,"16 MP, f/2.5, (wide), 1/3.06"" 1.0µm","1080p@30fps, 720p@120fps",Yes,,"Yes, with stereo speakers",,,Yes,,Photo / Video,24-bit/192kHz Hi-Res audio,"Glass front (Gorilla Glass 5), glass back (Gorilla Glass 5), plastic frame","64 MP, f/1.9, 26mm (wide), 1/1.73"", 0.8µm, PDAF 8 MP, f/2.2, 120˚ (ultrawide), 1/4.0"", 1.12µm 2 MP (macro) Auxiliary lens",Endurance rating 116h,"1368:1 contrast ratio, 596 nits max brightness (measured)",AnTuTu: 318882 (v8) GeekBench: 2009 (v5.1) GFXBench: 16fps (ES 3.1 onscreen),,HDR,,,,,,,,
Xiaomi,Xiaomi Mi Watch,,Watch,https://www.gsmarena.com/xiaomi_mi_watch-10481.php,2026-06-03 06:03 UTC,"2020, September 30. Released 2020, October 13",2020.0,Discontinued,53.3,45.9,11.8,32.0,1.39,454.0,454.0,326.0,,,,,420.0,,,,,,,,,About 100 EUR,Wireless,,,Li-Ion 420 mAh,Waterproof (5ATM) Up to 50 meters depth for 10 min Compatible with standard 22mm straps,53.3 x 45.9 x 11.8 mm (2.10 x 1.81 x 0.46 in),No,32 g (1.13 oz),No,"5.0, A2DP, LE",Yes,"GPS, GLONASS",No,No,No,,,454 x 454 pixels (~326 ppi density),1.39 inches,"AMOLED, 450 nits (peak)",,,,,,,,,,,,,"Accelerometer, gyro, heart rate, barometer, compass, SpO2","2020, September 30. Released 2020, October 13",Discontinued,,,,,,eMMC,,No,,,"Elegant Black, Fashion Silver, Navy Blue, Beige",XMWT06,About 100 EUR,,,,,,,,,No,No,No,No cellular connectivity,,,,,Proprietary OS,,,,No,,Yes,,,,,,,,,,,,,,,,,,,,,
Xiaomi,Xiaomi Mi Watch Revolve,,Watch,https://www.gsmarena.com/xiaomi_mi_watch_revolve-10305.php,2026-06-03 06:03 UTC,"2020, September 29. Released 2020, October 06",2020.0,Discontinued,53.3,46.2,11.4,40.0,1.39,454.0,454.0,326.0,,,,,420.0,,,,,,,,,About 120 EUR,,,,Li-Ion 420 mAh,Waterproof (5ATM) Up to 50 meters depth for 10 min Compatible with standard 22mm straps,53.3 x 46.2 x 11.4 mm (2.10 x 1.82 x 0.45 in),No,40 g (1.41 oz),No,"5.0, A2DP, LE",No,"GPS, GLONASS",No,No,Wi-Fi 802.11 b/g/n,,Corning Gorilla Glass 3,454 x 454 pixels (~326 ppi density),1.39 inches,AMOLED,,,,,,,,,,,,,"Accelerometer, gyro, heart rate, barometer, compass","2020, September 29. Released 2020, October 06",Discontinued,,,,,,eMMC,,No,,,"Midnight Black, Chrome Silver",XMWT06,About 120 EUR,,,,,,,,,No,No,No,No cellular connectivity,,,,,Proprietary OS,,,,No,,Yes,,,,,,,"Glass front (Gorilla Glass 3), stainless steel frame, plastic back",,,,,,,,,,,,,,
ZTE,ZTE F951,,Phone,https://www.gsmarena.com/zte_f951-3489.php,2026-06-03 06:03 UTC,2010. Released 2010,2010.0,Discontinued,108.0,55.5,12.6,100.0,3.2,240.0,400.0,146.0,,,5.0,,1250.0,,,,,,,,,,,,,Removable Li-Ion 1250 mAh battery,,108 x 55.5 x 12.6 mm (4.25 x 2.19 x 0.50 in),Mini-SIM,100 g (3.53 oz),,"2.1, A2DP",,A-GPS only,"Stereo FM radio, RDS",2.0,No,,,"240 x 400 pixels, 5:3 ratio (~146 ppi density)","3.2 inches, 29.1 cm 2 (~48.6% screen-to-body ratio)","TFT resistive touchscreen, 256K colors",,,,,Mobile TV Organizer MP3/WAV/eAAC+ player MP4/H.264 player Voice memo,,WAP 2.0/xHTML,,Yes + downloadable,"Yes, MIDP 2.0",,"SMS, MMS, Email",Accelerometer,2010. Released 2010,Discontinued,,,"5 MP, AF",,Yes,,Yes,microSDHC (dedicated slot),,"Yes, Photocall",Black,,,,,HSDPA 900 / 1900 / 2100,,GSM 850 / 900 / 1800 / 1900,HSDPA 850 / 1900 / 2100,,,,,HSPA 3.6/0.384 Mbps,GSM / HSPA,,,,,,,Yes,,No,,Yes,,,,,,,,,,,,,,,,,,,,,
ZTE,ZTE X990,Also known as Messenger by SFR 251 Edition,Phone,https://www.gsmarena.com/zte_x990-3244.php,2026-06-03 06:03 UTC,"2010, March. Released 2010, March",2010.0,Discontinued,107.0,61.0,12.0,90.0,2.5,320.0,240.0,160.0,5MB,,2.0,,,,,0.96,,,,,,,,Up to 480 h,Up to 8 h,Removable Li-Ion battery,,107 x 61 x 12 mm (4.21 x 2.40 x 0.47 in),Mini-SIM,90 g (3.17 oz),,"2.0, A2DP",,No,"Stereo FM radio, RDS",microUSB 2.0,No,,,"320 x 240 pixels, 4:3 ratio (~160 ppi density)","2.5 inches, 19.4 cm 2 (~29.7% screen-to-body ratio)","TFT resistive touchscreen, 256K colors",,,,,Windows Live Messenger MP3/WMA/eAAC+ player MP4/H.264 player MS Office Organizer Voice memo Predictive text input,,"WAP 2.0/xHTML, HTML",,,,,,,"2010, March. Released 2010, March",Discontinued,,,2 MP,,Yes,,,microSDHC (dedicated slot),5MB,,White,,,,0.96 W/kg (head),,,GSM 900 / 1800,,,,Class 10,Class 10,,GSM,,,,,Microsoft Windows Mobile 6.5 Professional,No,,,No,,Yes,,QWERTY,,,,,,,,,,,,,,,,,,,
ZTE,ZTE Bingo,,Phone,https://www.gsmarena.com/zte_bingo-3197.php,2026-06-03 06:03 UTC,"2010, February. Released Exp. release 2010, Q1",2010.0,Discontinued,,,,,3.2,240.0,320.0,125.0,,,5.0,,,,,,,,,,,,,,,Removable Li-Ion battery,,-,Mini-SIM,-,,"2.0, A2DP",,"GPS, A-GPS",,microUSB 2.0,,,,"240 x 320 pixels, 4:3 ratio (~125 ppi density)","3.2 inches, 31.7 cm 2","TFT resistive touchscreen, 256K colors",,,,,WAV/WMA/eAAC+/MP3 player MP4/WMV/H.264 player Organizer Voice memo Predictive text input,,"WAP 2.0/xHTML, HTML",,Yes,"Yes, MIDP 2.1",,"SMS(threaded view), MMS, Email, IM",Accelerometer,"2010, February. Released Exp. release 2010, Q1",Discontinued,,LED flash,"5 MP, AF",,Yes,,Yes,microSDHC (dedicated slot),,"1000 entries, Photocall",Black,,,,,,,GSM 850 / 900 / 1800 / 1900,HSDPA,,,Class 12,Class 12,HSPA 7.2/0.384 Mbps,GSM / HSPA,,,,,,,VGA,,No,,Yes,,,,,,,,,,,,,,,,,,,,,
ZTE,ZTE X760,Also known as ZTE X760 Cute,Phone,https://www.gsmarena.com/zte_x760-3120.php,2026-06-03 06:03 UTC,"2009, March. Released 2009, March",2009.0,Discontinued,93.0,52.0,16.0,84.0,2.4,240.0,320.0,167.0,,,3.0,,,,,,,,,,,,,Up to 180 h,Up to 3 h,Removable Li-Ion battery,,93 x 52 x 16 mm (3.66 x 2.05 x 0.63 in),Mini-SIM,84 g (2.96 oz),,2.0,,No,"Stereo FM radio, RDS",miniUSB 2.0,No,,,"240 x 320 pixels, 4:3 ratio (~167 ppi density)","2.4 inches, 17.8 cm 2 (~36.9% screen-to-body ratio)","TFT, 65K colors",,,,,MP3/MP4 player Organizer Voice memo Predictive text input,,WAP 2.0/xHTML,,Yes,No,,"SMS, MMS",,"2009, March. Released 2009, March",Discontinued,,,1.3 MP,,Yes,,"30 dialed, 30 received, 30 missed calls",microSDHC (dedicated slot),,"1000 contacts, Photocall","Black, Pink",,,,,,,GSM 900 / 1800,,,,No,Class 10,,GSM,,,,,,No,,,No,,Yes,,,,,,,,,,,,,,,,,,,,,
ZTE,ZTE E811,,Phone,https://www.gsmarena.com/zte_e811-3114.php,2026-06-03 06:03 UTC,"2009. Released 2009, April",2009.0,Discontinued,113.0,65.4,14.5,130.0,2.5,320.0,240.0,160.0,,,2.0,,,,,,,,,,,,,Up to 180 h,Up to 3 h 30 min,Removable Li-Ion battery,,113 x 65.4 x 14.5 mm (4.45 x 2.57 x 0.57 in),Mini-SIM,130 g (4.59 oz),,"2.0, A2DP",,No,,microUSB 2.0,No,,,"320 x 240 pixels, 4:3 ratio (~160 ppi density)","2.5 inches, 19.4 cm 2 (~26.2% screen-to-body ratio)","TFT, 256K colors",,,,,Organizer MP3/WMA/eAAC+ player MP4/H.264 player Voice memo Predictive text input,,"WAP 2.0/xHTML, HTML",,Yes,"Yes, MIDP 2.0",,"SMS, MMS, Email, IM",,"2009. Released 2009, April",Discontinued,,,2 MP,,Yes,,Yes,microSDHC (dedicated slot),,"Yes, Photocall",Black,,,,,,,GSM 900 / 1800 / 1900,,,,Class 10,Class 10,,GSM,,,,,,No,,,No,,Yes,,QWERTY,,,,,,,,,,,,,,,,,,,
ZTE,ZTE Raise,,Phone,https://www.gsmarena.com/zte_raise-3113.php,2026-06-03 06:03 UTC,"2009. Released 2009, May",2009.0,Discontinued,112.0,57.0,12.5,146.0,3.2,240.0,320.0,125.0,,,5.0,,1250.0,,,,,,,,,,,Up to 200 h,Up to 4 h,Removable Li-Ion 1250 mAh battery,,112 x 57 x 12.5 mm (4.41 x 2.24 x 0.49 in),Mini-SIM,146 g (5.15 oz),,"2.0, A2DP",,"GPS, A-GPS","Stereo FM radio, RDS",microUSB 2.0,Wi-Fi 802.11b/g,,,"240 x 320 pixels, 4:3 ratio (~125 ppi density)","3.2 inches, 31.7 cm 2 (~49.7% screen-to-body ratio)","TFT resistive touchscreen, 65K colors",,,,,DVB-H broadcasting Pocket Office Organizer WAV/WMA/eAAC+/MP3 player MP4/WMV/H.264 player Voice memo/dial Predictive text input,,"WAP 2.0/xHTML, HTML",,,,,,,"2009. Released 2009, May",Discontinued,,LED flash,"5 MP, AF",,Yes,,,microSDHC (dedicated slot),,,Black,,,,,,,GSM 850 / 900 / 1800 / 1900,HSDPA 900 / 1900 / 2100,,,,,HSPA 7.2/5.76 Mbps,GSM / HSPA,,,,,Microsoft Windows Mobile 6.1 Professional,,Yes,,Yes,,Yes,,,,,,,,,,,,,,,,,,,,,
ZTE,ZTE Xiang,,Phone,https://www.gsmarena.com/zte_xiang-3112.php,2026-06-03 06:03 UTC,"2009. Released 2009, March",2009.0,Discontinued,114.0,66.0,11.9,120.0,2.5,320.0,240.0,160.0,128MB | 256MB,256MB,2.0,,1300.0,,,,,,,,,,,Up to 200 h,Up to 4 h,Removable Li-Ion 1300 mAh battery,,114 x 66 x 11.9 mm (4.49 x 2.60 x 0.47 in),Mini-SIM,120 g (4.23 oz),,"2.0, A2DP",,"GPS, A-GPS","Stereo FM radio, RDS",microUSB 2.0,Wi-Fi 802.11b/g,,,"320 x 240 pixels, 4:3 ratio (~160 ppi density)","2.5 inches, 19.4 cm 2 (~25.7% screen-to-body ratio)","TFT resistive touchscreen, 65K colors",,,,,Pocket Office Organizer WAV/WMA/eAAC+/MP3 player MP4/WMV/H.264 player Voice memo Predictive text input,,"WAP 2.0/xHTML, HTML",,,,,,,"2009. Released 2009, March",Discontinued,,LED flash,"3.2 MP, AF",,Yes,,,microSDHC (dedicated slot),"256MB RAM, 128MB ROM",,"Black, Silver",,,,,HSDPA 850 / 1900 / 2100,,GSM 850 / 900 / 1800 / 1900,HSDPA 900 / 1900 / 2100,,,,,HSPA 7.2/0.384 Mbps,GSM / HSPA,,528 MHz ARM 11,Qualcomm MSM7225 Snapdragon S1,No,Microsoft Windows Mobile 6.1 Professional,,Yes,,No,,Yes,,QWERTY,,,,3.,,,,,,,,,,,,,,,
Samsung,Samsung Galaxy Note10 5G,Also available with 4G/LTE onlyVersions: SM-N971U (USA); SM-N971N (South Korea),Phone,https://www.gsmarena.com/samsung_galaxy_note10_5g-9789.php,2026-06-03 06:03 UTC,"2019, August. Released 2019, August",2019.0,Discontinued,151.0,71.8,7.9,168.0,6.3,1080.0,2280.0,401.0,256GB,12GB,12.0,10.0,3500.0,,,,,,,,,About 1100 EUR,"25W wired, PD3.0 12W wireless (Qi) 4.5W reverse wireless",,,"Li-Ion 3500 mAh, non-removable","IP68 dust tight and water resistant (immersible up to 1.5m for 30 min) Stylus, 42ms latency (Bluetooth integration, accelerometer, gyro)",151 x 71.8 x 7.9 mm (5.94 x 2.83 x 0.31 in),Nano-SIM,168 g (5.93 oz),,"5.0, A2DP, LE, aptX",Yes,"GPS, GLONASS, BDS, GALILEO",FM radio (USA & Canada only),USB Type-C 3.1,"Wi-Fi 802.11 a/b/g/n/ac/6, dual-band, Wi-Fi Direct",,Corning Gorilla Glass 6,"1080 x 2280 pixels, 19:9 ratio (~401 ppi density)","6.3 inches, 98.6 cm 2 (~90.9% screen-to-body ratio)","Dynamic AMOLED, HDR10+",,,,,"Samsung DeX, Samsung Wireless DeX (desktop experience support) ANT+",,,,,,,,"Fingerprint (under display, ultrasonic), accelerometer, gyro, proximity, compass, barometer","2019, August. Released 2019, August",Discontinued,,"LED flash, auto-HDR, panorama",,"12 MP, f/1.5-2.4, 27mm (wide), 1/2.55"", 1.4µm, dual pixel PDAF, OIS 12 MP, f/2.1, 52mm (telephoto), 1/3.6"", 1.0µm, PDAF, OIS, 2x optical zoom 16 MP, f/2.2, 12mm (ultrawide), 1/3.1"", 1.0µm, Super Steady video","4K@30/60fps, 1080p@30/60/240fps, 720p@960fps, HDR10+, stereo sound rec., gyro-EIS & OIS",UFS 3.0,,No,256GB 12GB RAM,,"Aura Glow, Aura White, Aura Black, Aura Pink, Aura Red","SM-N971U, SM-N971N",About 1100 EUR,,,CDMA 800 / 1900 - USA,CDMA2000 1xEV-DO - USA,GSM 850 / 900 / 1800 / 1900,HSDPA 850 / 900 / 1700(AWS) / 1900 / 2100,"1, 2, 3, 4, 5, 7, 8, 12, 13, 14, 18, 19, 20, 25, 26, 28, 29, 30, 46, 48, 66, 71 - USA",78 NSA/Sub6,,,"HSPA 42.2/5.76 Mbps, LTE (7CA) Cat20 2000/150 Mbps, 5G (2+ Gbps DL)",GSM / CDMA / HSPA / EVDO / LTE / 5G,,Octa-core (2x2.73 GHz Mongoose M4 & 2x2.4 GHz Cortex-A75 & 4x1.9 GHz Cortex-A55) - EMEA/LATAM Octa-core (1x2.84 GHz Kryo 485 & 3x2.42 GHz Kryo 485 & 4x1.78 GHz Kryo 485) - USA/China,Exynos 9825 (7 nm) - EMEA/LATAM Qualcomm SM8150 Snapdragon 855 (7 nm) - USA/China,Mali-G76 MP12 - EMEA/LATAM Adreno 640 - USA/China,"Android 9.0 (Pie), upgradable to Android 12, One UI 4",,"10 MP, f/2.2, 26mm (wide), 1/3"", 1.22µm, dual pixel PDAF",4K@30/60fps,No,,"Yes, with stereo speakers",,,,,,High-bitrate audio support Tuned by AKG,"Glass front (Gorilla Glass 6), glass back (Gorilla Glass 6), aluminum frame",,,,,,HDR,,,,,,,,
Samsung,Samsung Galaxy M10,"Versions: SM-M105G/DS (Global); SM-M105F/DS (India, Pakistan); SM-M105Y/DS (Philippines), SM-M105M/DS (LATAM/Brazil)",Phone,https://www.gsmarena.com/samsung_galaxy_m10-9508.php,2026-06-03 06:03 UTC,"2019, January. Released 2019, February",2019.0,Discontinued,155.6,75.6,7.7,163.0,6.22,720.0,1520.0,270.0,16GB | 32GB,2GB | 3GB,13.0,5.0,3400.0,0.24,,0.24,1.53,,,,,About 240 EUR,,,,"Li-Ion 3400 mAh, non-removable",,155.6 x 75.6 x 7.7 mm (6.13 x 2.98 x 0.30 in),Nano-SIM + Nano-SIM,163 g (5.75 oz),,"4.2, A2DP, LE",No,"GPS, GLONASS, BDS",FM radio,microUSB 2.0,"Wi-Fi 802.11 b/g/n, Wi-Fi Direct",,,"720 x 1520 pixels, 19:9 ratio (~270 ppi density)","6.22 inches, 96.6 cm 2 (~82.1% screen-to-body ratio)",PLS LCD,,,,,,,,,,,,,"Accelerometer, proximity","2019, January. Released 2019, February",Discontinued,"13 MP, f/1.9, 27mm (wide), 1/3.1"", 1.12µm, PDAF 5 MP, f/2.2, 12mm (ultrawide)","LED flash, panorama, HDR",,,1080p@30fps,eMMC 5.1,,microSDXC (dedicated slot),"16GB 2GB RAM, 32GB 3GB RAM",,"Ocean Blue, Charcoal Black","SM-M105F, SM-M105G, SM-M105Y, SM-M105M",About 240 EUR,0.24 W/kg (head),0.24 W/kg (head)     1.53 W/kg (body),HSDPA 850 / 900 / 1700(AWS) / 1900 / 2100,"1, 2, 3, 4, 5, 7, 8, 12, 17, 28",GSM 850 / 900 / 1800 / 1900,HSDPA 850 / 900 / 2100,"1, 3, 5, 8, 20, 38, 40, 41",,,,"HSPA 42.2/5.76 Mbps, LTE (2CA) Cat6 300/50 Mbps",GSM / HSPA / LTE,Voice 66dB / Noise 71dB / Ring 80dB,Octa-core 1.6 GHz Cortex-A53,Exynos 7870 Octa (14 nm),Mali-T830 MP1,"Android 9.0 (Pie), upgradable to Android 10, One UI 2",,"5 MP, f/2.0, 32mm (normal)",1080p@30fps,Yes,,Yes,,,,Noise -90.7dB / Crosstalk -94.5dB,Photo / Video,,"Glass front, plastic back, plastic frame",,Endurance rating 89h,Contrast ratio: 1182:1,AnTuTu: 64144 (v7) GeekBench: 3662 (v4.4) GFXBench: 3.7fps (ES 3.1 onscreen),,HDR,,,,,,,,
Samsung,Samsung Galaxy A80,"Versions: SM-A805F/DS (Global); SM-A8050 (China, Hong Kong)Also known as Samsung Galaxy A90",Phone,https://www.gsmarena.com/samsung_galaxy_a80-9659.php,2026-06-03 06:03 UTC,"2019, April 10. Released 2019, May",2019.0,Discontinued,165.2,76.5,9.3,220.0,6.7,1080.0,2400.0,393.0,128GB,8GB,48.0,,3700.0,0.3,0.71,0.22,1.43,,,,,About 380 EUR,25W wired,,,"Li-Po 3700 mAh, non-removable",,165.2 x 76.5 x 9.3 mm (6.50 x 3.01 x 0.37 in),· Nano-SIM · Nano-SIM + Nano-SIM,220 g (7.76 oz),,"5.0, A2DP, LE",Yes,"GPS, GLONASS, GALILEO, BDS",FM radio,USB Type-C 2.0,"Wi-Fi 802.11 a/b/g/n/ac, dual-band, Wi-Fi Direct",,Corning Gorilla Glass 3,"1080 x 2400 pixels, 20:9 ratio (~393 ppi density)","6.7 inches, 108.4 cm 2 (~85.8% screen-to-body ratio)",Super AMOLED,,,,,ANT+ Bixby natural language commands and dictation,,,,,,,,"Fingerprint (under display, optical), accelerometer, gyro, proximity, compass","2019, April 10. Released 2019, May",Discontinued,"48 MP, f/2.0, 26mm (wide), 1/2.0"", 0.8µm, PDAF 8 MP, f/2.2, 12mm (ultrawide), 1/4.0"", 1.12µm TOF 3D, f/1.2, (depth)","LED flash, panorama, HDR",,,"4K@30fps, 1080p@30/60fps (gyro-EIS), 720p@480fps",UFS 2.1,,No,128GB 8GB RAM,,"Angel Gold, Ghost White, Phantom Black","SM-A805F, SM-A8050, SM-A805X, SM-A805N",About 380 EUR,0.30 W/kg (head)     0.71 W/kg (body),0.22 W/kg (head)     1.43 W/kg (body),,,GSM 850 / 900 / 1800 / 1900,HSDPA 850 / 900 / 1700(AWS) / 1900 / 2100,"1, 2, 3, 4, 5, 7, 8, 12, 13, 17, 20, 26, 28, 38, 40, 41, 66",,,,"HSPA 42.2/5.76 Mbps, LTE (3CA) Cat11 600/75 Mbps",GSM / HSPA / LTE,Voice 69dB / Noise 71dB / Ring 79dB,Octa-core (2x2.2 GHz Kryo 470 Gold & 6x1.8 GHz Kryo 470 Silver),Qualcomm SDM730 Snapdragon 730 (8 nm),Adreno 618,"Android 9.0 (Pie), upgradable to Android 11, One UI 3.1",,,"4K@30fps, 1080p@30/60fps (gyro-EIS)",No,,Yes,,,,,Photo / Video,,"Glass front (Gorilla Glass 3), glass back (Gorilla Glass 6), aluminum frame",,Endurance rating 90h,607 nits max brightness (measured),AnTuTu: 207502 (v7) GeekBench: 6934 (v4.4) GFXBench: 14fps (ES 3.1 onscreen),,"LED flash, HDR",,,,,,,,Motorized pop-up rotating main camera module
Samsung,Samsung Galaxy A70,"Versions: SM-A705FN/DS (Global); SM-A705YN (Australia); SM-A705F/DS (APAC); SM-A705GM/DS (India); SM-A705MN/DS (LATAM/SEA); SM-A705W (Canada); SM-A7050 (China, Hong Kong)",Phone,https://www.gsmarena.com/samsung_galaxy_a70-9646.php,2026-06-03 06:03 UTC,"2019, March 26. Released 2019, May 01",2019.0,Discontinued,164.3,76.7,7.9,183.0,6.7,1080.0,2400.0,393.0,128GB | 64GB,6GB | 8GB,32.0,32.0,4500.0,0.33,0.7,0.35,1.48,,,,,About 90 EUR,25W wired,,,"Li-Po 4500 mAh, non-removable",,164.3 x 76.7 x 7.9 mm (6.47 x 3.02 x 0.31 in),· Nano-SIM · Nano-SIM + Nano-SIM,183 g (6.46 oz),,"5.0, A2DP, LE",Yes (market/region dependent),"GPS, GLONASS, GALILEO, BDS",FM radio,"USB Type-C 2.0, OTG","Wi-Fi 802.11 a/b/g/n/ac, dual-band, Wi-Fi Direct",,Corning Gorilla Glass 3,"1080 x 2400 pixels, 20:9 ratio (~393 ppi density)","6.7 inches, 108.4 cm 2 (~86.0% screen-to-body ratio)",Super AMOLED,,,,,ANT+ Bixby natural language commands and dictation,,,,,,,,"Fingerprint (under display, optical), accelerometer, gyro, proximity, compass","2019, March 26. Released 2019, May 01",Discontinued,,"LED flash, panorama, HDR",,"32 MP, f/1.7, 26mm (wide), 1/2.8"", 0.8µm, PDAF 8 MP, f/2.2, 12mm (ultrawide), 1/4.0"", 1.12µm Auxiliary lens","4K@30fps, 1080p@30/240fps",UFS 2.0,,microSDXC (dedicated slot),"64GB 6GB RAM, 128GB 6GB RAM, 128GB 8GB RAM",,"Coral, Blue, Black, White","SM-A705F, SM-A705FN, SM-A705GM, SM-A705MN, SM-A7050, SM-A705W, SM-A705YN, SM-A705X, SM-A705U",About 90 EUR,0.33 W/kg (head)     0.70 W/kg (body),0.35 W/kg (head)     1.48 W/kg (body),HSDPA 850 / 900 / 1900 / 2100 - SM-A705FN/DS,"1, 2, 3, 4, 5, 7, 12, 13, 17, 20, 26, 29, 38, 40, 41, 66 - SM-A705W",GSM 850 / 900 / 1800 / 1900,HSDPA 850 / 900 / 1700(AWS) / 1900 / 2100,"1, 2, 3, 4, 5, 7, 8, 12, 13, 17, 20, 28, 38, 40, 41, 66 - SM-A705YN/DS",,,,"HSPA, LTE",GSM / HSPA / LTE,Voice 68dB / Noise 69dB / Ring 81dB,Octa-core (2x2.0 GHz Kryo 460 Gold & 6x1.7 GHz Kryo 460 Silver),Qualcomm SDM675 Snapdragon 675 (11 nm),Adreno 612,"Android 9.0 (Pie), upgradable to Android 11, One UI 3.1",,"32 MP, f/2.0, 26mm (wide), 1/2.8"", 0.8µm",1080p@30fps,Yes,,Yes,,,,Noise -93.5dB / Crosstalk -92.4dB,Photo / Video,,"Glass front (Gorilla Glass 3), plastic back, plastic frame",,Endurance rating 103h,Contrast ratio: Infinite (nominal),AnTuTu: 167750 (v7) GeekBench: 6584 (v4.4) GFXBench: 7fps (ES 3.1 onscreen),,HDR,,"1, 3, 5, 7, 8, 20, 38, 40, 41 - SM-A705FN/DS",,,,,,
Samsung,Samsung Galaxy A60,"Versions: SM-A606F/DS (Global); SM-A606Y/DS (Taiwan); SM-A6060 (China, Hong Kong)",Phone,https://www.gsmarena.com/samsung_galaxy_a60-9616.php,2026-06-03 06:03 UTC,"2019, April. Released 2019, June",2019.0,Discontinued,155.3,73.9,7.9,168.0,6.3,1080.0,2340.0,409.0,128GB | 64GB,6GB,32.0,16.0,3500.0,,,0.27,1.17,,,,,About 290 EUR,15W wired,,,"Li-Po 3500 mAh, non-removable",,155.3 x 73.9 x 7.9 mm (6.11 x 2.91 x 0.31 in),· Nano-SIM · Nano-SIM + Nano-SIM,168 g (5.93 oz),,"5.0, A2DP, LE",Yes,"GPS, GLONASS, GALILEO, BDS",FM radio,USB Type-C 2.0,"Wi-Fi 802.11 a/b/g/n/ac, dual-band, Wi-Fi Direct",,Corning Gorilla Glass 3,"1080 x 2340 pixels, 19.5:9 ratio (~409 ppi density)","6.3 inches, 97.4 cm 2 (~84.9% screen-to-body ratio)",PLS LCD,,,,,ANT+ Bixby natural language commands and dictation,,,,,,,,"Fingerprint (rear-mounted), accelerometer, gyro, proximity, compass","2019, April. Released 2019, June",Discontinued,,"LED flash, panorama, HDR",,"32 MP, f/1.7, 26mm (wide), 1/2.8"", 0.8µm, PDAF 8 MP, f/2.2, 12mm (ultrawide), 1/4.0"", 1.12µm Auxiliary lens","4K@30fps, 1080p@30fps",eMMC 5.1,,microSDXC (uses shared SIM slot),"64GB 6GB RAM, 128GB 6GB RAM",,"Daybreak Black, Seawater Blue, Cocktail Orange, Peach Mist, Gradient Red","SM-A606F, SM-A6060, SM-A606Y",About 290 EUR,,0.27 W/kg (head)     1.17 W/kg (body),CDMA 800 & TD-SCDMA,"1, 3, 5, 7, 8, 28, 34, 38, 39, 40, 41 - SM-A606Y/DS",GSM 850 / 900 / 1800 / 1900,HSDPA 850 / 900 / 1900 / 2100,"1, 3, 5, 7, 8, 34, 38, 39, 40, 41",,,,"HSPA 42.2/5.76 Mbps, LTE (2CA) Cat6 400/50 Mbps",GSM / CDMA / HSPA / LTE,-33.6 LUFS (Poor),Octa-core (2x2.0 GHz Kryo 460 Gold & 6x1.7 GHz Kryo 460 Silver),Qualcomm SDM675 Snapdragon 675 (11 nm),Adreno 612,"Android 9.0 (Pie), upgradable to Android 11, One UI 3.0",,"16 MP, f/2.0, 26mm (wide), 1/3.06"", 1.0µm",1080p@30fps,No,,Yes,,,,,Photo / Video,,"Glass front (Gorilla Glass 3), plastic back, plastic frame",,Endurance rating 86h,"1314:1 contrast ratio, 690 nits max brightness (measured)","AnTuTu: 170102 (v7), 209933 (v8) GeekBench: 6582 (v4.4), 1602 (v5.1) GFXBench: 7.3fps (ES 3.1 onscreen)",,HDR,,,,,,,,
Samsung,Samsung Galaxy A50,"Versions: SM-A505F/DS, SM-A505FN/DS (Global); SM-A505GN/DS (APAC), SM-A505FM/DS (Russia), SM-A505YN (AU/NZ), SM-A505W (Canada); SM-A505GT/DS (Brazil); SM-A505U1 (USA unlocked); SM-A505U (USA); SM-A505G/DS (LATAM)",Phone,https://www.gsmarena.com/samsung_galaxy_a50-9554.php,2026-06-03 06:03 UTC,"2019, February 25. Released 2019, March 18",2019.0,Discontinued,158.5,74.7,7.7,166.0,6.4,1080.0,2340.0,403.0,128GB | 64GB,4GB | 6GB,25.0,25.0,4000.0,1.31,0.58,0.27,1.39,,,,,About 270 EUR,15W wired,,,"Li-Po 4000 mAh, non-removable",,158.5 x 74.7 x 7.7 mm (6.24 x 2.94 x 0.30 in),· Nano-SIM · Nano-SIM + Nano-SIM,166 g (5.86 oz),,"5.0, A2DP, LE",Yes (market dependent),"GPS, GLONASS, GALILEO, BDS",FM radio,"USB Type-C 2.0, OTG","Wi-Fi 802.11 a/b/g/n/ac, dual-band, Wi-Fi Direct",,Corning Gorilla Glass 3,"1080 x 2340 pixels, 19.5:9 ratio (~403 ppi density)","6.4 inches, 100.5 cm 2 (~84.9% screen-to-body ratio)",Super AMOLED,,,,,ANT+ Bixby natural language commands and dictation,,,,,,,,"Fingerprint (under display, optical), accelerometer, gyro, proximity, compass","2019, February 25. Released 2019, March 18",Discontinued,,"LED flash, panorama, HDR",,"25 MP, f/1.7, 26mm (wide), PDAF 8 MP, f/2.2, 13mm (ultrawide), 1/4.0"", 1.12µm Auxiliary lens",1080p@30fps,UFS 2.1,,microSDXC (dedicated slot),"64GB 4GB RAM, 64GB 6GB RAM, 128GB 4GB RAM, 128GB 6GB RAM",,"Black, White, Blue, Coral","SM-A505F, SM-A505FN, SM-A505GN, SM-A505G, SM-A505FM, SM-A505YN, SM-A505W, SM-A505X, SM-A505U, SM-A505GT, SM-A505U1, SM-A505G, SM-A505N, SM-S506DL",About 270 EUR,1.31 W/kg (head)     0.58 W/kg (body),0.27 W/kg (head)     1.39 W/kg (body),HSDPA 850 / 900 / 1700(AWS) / 1900 / 2100 - SM-A505U,"1, 2, 3, 4, 5, 7, 12, 13, 17, 20, 26, 29, 38, 40, 41, 66, 71 - SM-A505U",GSM 850 / 900 / 1800 / 1900,HSDPA 850 / 900 / 1900 / 2100,"1, 3, 5, 7, 8, 20, 38, 40, 41",,,,"HSPA, LTE",GSM / HSPA / LTE,Voice 68dB / Noise 71dB / Ring 82dB,Octa-core (4x2.3 GHz Cortex-A73 & 4x1.7 GHz Cortex-A53),Exynos 9610 (10 nm),Mali-G72 MP3,"Android 9.0 (Pie), upgradable to Android 11, One UI 3.0",,"25 MP, f/2.0, 25mm (wide), 1/2.8"", 0.9µm",1080p@30fps,Yes,,Yes,,,,Noise -93.4dB / Crosstalk -92.3dB,Photo / Video,,"Glass front (Gorilla Glass 3), plastic back, plastic frame",,Endurance rating 98h,551 nits max brightness (measured),AnTuTu: 144574 (v7) GeekBench: 5396 (v4.4) GFXBench: 8fps (ES 3.1 onscreen),,HDR,,,,,,,,
Samsung,Samsung Galaxy A40,Versions: SM-A405FN/DS (Global); SM-A405F/DS; SM-A405FM/DS (Russia),Phone,https://www.gsmarena.com/samsung_galaxy_a40-9642.php,2026-06-03 06:03 UTC,"2019, March 19. Released 2019, April",2019.0,Discontinued,144.4,69.2,7.9,140.0,5.9,1080.0,2340.0,437.0,128GB | 64GB,4GB,16.0,25.0,3100.0,,,0.49,1.34,,,,,About 260 EUR,15W wired,,,"Li-Po 3100 mAh, non-removable",,144.4 x 69.2 x 7.9 mm (5.69 x 2.72 x 0.31 in),· Nano-SIM · Nano-SIM + Nano-SIM,140 g (4.94 oz),,"5.0, A2DP, LE",Yes,"GPS, GLONASS, GALILEO, BDS",FM radio,USB Type-C 2.0,"Wi-Fi 802.11 a/b/g/n/ac, dual-band, Wi-Fi Direct",,Corning Gorilla Glass 3,"1080 x 2340 pixels, 19.5:9 ratio (~437 ppi density)","5.9 inches, 85.5 cm 2 (~85.5% screen-to-body ratio)",Super AMOLED,,,,,ANT+,,,,,,,,"Fingerprint (rear-mounted), accelerometer, gyro, proximity, compass","2019, March 19. Released 2019, April",Discontinued,"16 MP, f/1.7, 26mm (wide), PDAF 5 MP, f/2.2, 13mm (ultrawide)","LED flash, panorama, HDR",,,1080p@30fps,eMMC 5.1,,microSDXC (dedicated slot),"64GB 4GB RAM, 128GB 4GB RAM",,"Black, White, Blue, Coral","SM-A405F, SM-A405FN, SM-A405FM, SM-A405S",About 260 EUR,,0.49 W/kg (head)     1.34 W/kg (body),,,GSM 850 / 900 / 1800 / 1900,HSDPA 850 / 900 / 1900 / 2100,"1, 3, 5, 7, 8, 20, 38, 40, 41",,,,"HSPA 42.2/5.76 Mbps, LTE (2CA) Cat12 600/150 Mbps",GSM / HSPA / LTE,Voice 66dB / Noise 68dB / Ring 73dB,Octa-core (2x1.77 GHz Cortex-A73 & 6x1.59 GHz Cortex-A53),Exynos 7904 (14 nm),Mali-G71 MP2,"Android 9.0 (Pie), upgradable to Android 11",,"25 MP, f/2.0, 25mm (wide), 1/2.8"", 0.9µm",1080p@30fps,Yes,,Yes,,,,Noise -91.0dB / Crosstalk -85.9dB,Photo / Video,,"Glass front (Gorilla Glass 3), plastic back, plastic frame",,Endurance rating 73h,548 nits max brightness (measured),AnTuTu: 106388 (v7) GeekBench: 4112 (v4.4) GFXBench: 4.6fps (ES 3.1 onscreen),,,,,,,,,,
Samsung,Samsung Galaxy A30,Versions: SM-A305F/DS (Global); SM-A305FN/DS (Europe); SM-A305G/DS (LATAM); SM-A305GT/DS (Brazil); SM-A305GN/DS (APAC); SM-A305YN (AU/NZ),Phone,https://www.gsmarena.com/samsung_galaxy_a30-9579.php,2026-06-03 06:03 UTC,"2019, February 25. Released 2019, March",2019.0,Discontinued,158.5,74.7,7.7,165.0,6.4,1080.0,2340.0,403.0,32GB | 64GB,3GB | 4GB,16.0,16.0,4000.0,0.32,0.4,0.25,1.17,,,,,About 110 EUR,15W wired,,,"Li-Po 4000 mAh, non-removable",,158.5 x 74.7 x 7.7 mm (6.24 x 2.94 x 0.30 in),· Nano-SIM · Nano-SIM + Nano-SIM,165 g (5.82 oz),,"5.0, A2DP, LE",No,"GPS, GLONASS, GALILEO, BDS",FM radio,"USB Type-C 2.0, OTG","Wi-Fi 802.11 a/b/g/n/ac, dual-band, Wi-Fi Direct",,Corning Gorilla Glass 3,"1080 x 2340 pixels, 19.5:9 ratio (~403 ppi density)","6.4 inches, 100.5 cm 2 (~84.9% screen-to-body ratio)",Super AMOLED,,,,,,,,,,,,,"Fingerprint (rear-mounted), accelerometer, gyro, proximity, compass","2019, February 25. Released 2019, March",Discontinued,"16 MP, f/1.7, 27mm (wide), PDAF 5 MP, f/2.2, 12mm, (ultrawide)","LED flash, panorama, HDR",,,1080p@30fps,eMMC 5.1,,microSDXC (dedicated slot),"32GB 3GB RAM, 64GB 3GB RAM, 64GB 4GB RAM",,"Black, Blue, Red, White","SM-A305F, SM-A305FN, SM-A305G, SM-A305GN, SM-A305YN, SM-A3050, SM-A305N, SM-A305GT",About 110 EUR,0.32 W/kg (head)     0.40 W/kg (body),0.25 W/kg (head)     1.17 W/kg (body),HSDPA 850 / 900 / 1700(AWS) / 1900 / 2100,"1, 2, 3, 4, 5, 7, 8, 12, 13, 17, 20, 28, 38, 40, 41, 66",GSM 850 / 900 / 1800 / 1900,HSDPA 850 / 900 / 1900 / 2100,"1, 3, 5, 7, 8, 20, 38, 40, 41",,,,"HSPA, LTE",GSM / HSPA / LTE,Voice 65dB / Noise 66dB / Ring 68dB,Octa-core (2x1.8 GHz Cortex-A73 & 6x1.6 GHz Cortex-A53),Exynos 7904 (14 nm),Mali-G71 MP2,"Android 9.0 (Pie), upgradable to Android 11",,"16 MP, f/2.0, 26mm (wide), 1/3.06"", 1.0µm",1080p@30fps,Yes,,Yes,,,,Noise -93.3dB / Crosstalk -88.9dB,Photo / Video,,"Glass front (Gorilla Glass 3), plastic back, plastic frame",,Endurance rating 92h,548 nits max brightness (measured),AnTuTu: 96550 (v7) GeekBench: 4146 (v4.4) GFXBench: 4.6fps (ES 3.1 onscreen),,,,,,,,,,
Samsung,Samsung Galaxy A20e,Versions: SM-A202F/DS (Global),Phone,https://www.gsmarena.com/samsung_galaxy_a20e-9661.php,2026-06-03 06:03 UTC,"2019, April 10. Released 2019, May",2019.0,Discontinued,147.4,69.7,8.4,141.0,5.8,720.0,1560.0,296.0,32GB,3GB,13.0,8.0,3000.0,,,0.5,1.3,,,,,About 200 EUR,15W wired,,,"Li-Po 3000 mAh, non-removable",,147.4 x 69.7 x 8.4 mm (5.80 x 2.74 x 0.33 in),· Nano-SIM · Nano-SIM + Nano-SIM,141 g (4.97 oz),,"5.0, A2DP, LE",Yes,"GPS, GLONASS, GALILEO, BDS",FM radio,USB Type-C 2.0,"Wi-Fi 802.11 b/g/n, Wi-Fi Direct",,,"720 x 1560 pixels, 19.5:9 ratio (~296 ppi density)","5.8 inches, 82.6 cm 2 (~80.4% screen-to-body ratio)",PLS LCD,,,,,,,,,,,,,"Fingerprint (rear-mounted), accelerometer, gyro, proximity, compass","2019, April 10. Released 2019, May",Discontinued,"13 MP, f/1.9, 28mm (wide), AF 5 MP, f/2.2, 12mm (ultrawide)","LED flash, panorama, HDR",,,1080p@30/60fps,eMMC 5.1,,microSDXC (dedicated slot),32GB 3GB RAM,,"Black, White, Blue, Coral","SM-A202F, SM-A202K",About 200 EUR,,0.50 W/kg (head)     1.30 W/kg (body),,,GSM 850 / 900 / 1800 / 1900,HSDPA 850 / 900 / 1900 / 2100,"1, 3, 5, 7, 8, 20, 38, 40",,,,"HSPA 42.2/5.76 Mbps, LTE Cat4 150/50 Mbps",GSM / HSPA / LTE,,Octa-core (2x1.6 GHz Cortex-A73 & 6x1.35 GHz Cortex-A53),Exynos 7884 (14 nm),Mali-G71 MP2,"Android 9.0 (Pie), upgradable to Android 11, One UI 3",,"8 MP, f/2.0",1080p@30fps,Yes,,Yes,,,,,,,"Glass front, plastic back, plastic frame",,,,,,,,,,,,,,
Samsung,Samsung M130L Galaxy U,,Phone,https://www.gsmarena.com/samsung_m130l_galaxy_u-3490.php,2026-06-03 06:03 UTC,"2010, August. Released 2010, Q3",2010.0,Discontinued,119.5,59.6,12.4,131.0,3.7,480.0,800.0,252.0,8GB,,5.0,,1500.0,0.92,1.11,0.36,,,,,,About 220 EUR,,Up to 370 h,Up to 7 h,Removable Li-Po 1500 mAh battery,,119.5 x 59.6 x 12.4 mm (4.70 x 2.35 x 0.49 in),Mini-SIM,131 g (4.62 oz),,"3.0, A2DP",,"GPS, A-GPS",No,microUSB 2.0,Wi-Fi 802.11 b/g/n,TouchWiz 3.0 UI,,"480 x 800 pixels, 5:3 ratio (~252 ppi density)","3.7 inches, 39.0 cm 2 (~54.7% screen-to-body ratio)",Super AMOLED,,,,,T-DMB TV MP4/DivX/AVI/MKV/WMV/H.264 player MP3/WAV/eAAC+/FLAC player Photo/video editor Document editor,,"HTML, Adobe Flash Lite",,,,,,"Accelerometer, proximity, compass","2010, August. Released 2010, Q3",Discontinued,,,"5 MP, AF",,720p,,,"microSDHC (dedicated slot), 8 GB included",8GB,,"White, Black",,About 220 EUR,0.92 W/kg (head)     1.11 W/kg (body),0.36 W/kg (head),,,CDMA 800 / 1900,CDMA2000 1xEV-DO,,,,,EV-DO Rev.A 3.1 Mbps,CDMA / EVDO,,S5PC111 1GHz,,,Android 2.1 (Eclair),,VGA,,Yes,,Yes,,,,,,,,,,,,,,,,,,,,,
Samsung,Samsung E2152,"Also known as Samsung Guru Dual 36, Samsung Guru Dual 35",Phone,https://www.gsmarena.com/samsung_e2152-3448.php,2026-06-03 06:03 UTC,"2010, August. Released 2010, September",2010.0,Discontinued,111.6,46.3,13.5,80.4,2.0,128.0,160.0,102.0,,,,,1000.0,0.99,1.11,0.73,,,,,,About 60 EUR,,Up to 660 h,Up to 11 h,Removable Li-Ion 1000 mAh battery,Flashlight,111.6 x 46.3 x 13.5 mm (4.39 x 1.82 x 0.53 in),"Dual SIM (Mini-SIM, dual stand-by)",80.4 g (2.82 oz),,"2.1, A2DP",,No,"Stereo FM radio, RDS, recording, built-in antenna",microUSB 1.1,No,,,128 x 160 pixels (~102 ppi density),"2.0 inches, 12.6 cm 2 (~24.4% screen-to-body ratio)","TFT, 256K colors",,,,,"Facebook, Twitter MP3/eAAC+/WAV player MP4/H.264 player Organizer Voice memo Predictive text input",,"WAP 2.0/xHTML, HTML",,Yes,"Yes, MIDP 2.0",,"SMS, MMS, Email, IM",,"2010, August. Released 2010, September",Discontinued,,,VGA,,128x160@15fps,,Yes,microSD (dedicated slot),,"1000 entries, Photocall",Black,,About 60 EUR,0.99 W/kg (head)     1.11 W/kg (body),0.73 W/kg (head),GSM 900 / 1800 - SIM 2,,GSM 900 / 1800 - SIM 1,,,,Class 10,Class 10,,GSM,,,,,,No,,,No,,Yes,,,,,,,,,,,,,,,,,,,,,
Samsung,Samsung S5530,,Phone,https://www.gsmarena.com/samsung_s5530-3368.php,2026-06-03 06:03 UTC,"2010, August. Released 2010, August",2010.0,Discontinued,105.0,49.5,11.5,96.0,2.2,240.0,320.0,182.0,40MB,,15.0,,800.0,,,0.61,,,,,,About 90 EUR,,Up to 420 h (2G) / Up to 360 h (3G),Up to 8 h 20 min (2G) / Up to 3 h 50 min (3G),Removable Li-Ion 800 mAh battery,,105 x 49.5 x 11.5 mm (4.13 x 1.95 x 0.45 in),Mini-SIM,96 g (3.49 oz),,"2.1, A2DP",,No,"Stereo FM radio, RDS",microUSB 2.0,No,,,"240 x 320 pixels, 4:3 ratio (~182 ppi density)","2.2 inches, 15.0 cm 2 (~28.8% screen-to-body ratio)","TFT, 16M colors",,,,,MP3/WAV/eAAC+ player MP4/H.264 player Organizer Document viewer Voice memo Predictive text input,,"WAP 2.0/xHTML, HTML",,Yes + downloadable,"Yes, MIDP 2.1",,"SMS, MMS, Email, IM",,"2010, August. Released 2010, August",Discontinued,,,"3.15 MP, AF",,Yes,,"30 dialed, 30 received, 30 missed calls",microSDHC (dedicated slot),40MB,"2000 entries, Photocall",Black,,About 90 EUR,,0.61 W/kg (head),,,GSM 850 / 900 / 1800 / 1900,HSDPA 2100,,,,,HSPA 3.6/0.384 Mbps,GSM / HSPA,,,,,,,Yes,,No,,Yes,,,,,,,,,,,,,,,,,,,,,
Samsung,Samsung U360 Gusto,For Verizon,Phone,https://www.gsmarena.com/samsung_u360_gusto-3482.php,2026-06-03 06:03 UTC,"2010, August. Released 2010, August",2010.0,Discontinued,101.0,47.0,14.0,93.0,2.0,128.0,160.0,102.0,64MB,,,,1000.0,0.72,0.85,,,,,,,About 80 EUR,,Up to 350 h,Up to 7 h,Removable Li-Ion 1000 mAh battery,,101 x 47 x 14 mm (3.98 x 1.85 x 0.55 in),Mini-SIM,93 g (3.28 oz),,"2.0, A2DP",,A-GPS only; VZ Navigator,No,microUSB,No,"External 56K display (TFT, 96x96 pixels)",,128 x 160 pixels (~102 ppi density),"2.0 inches, 12.6 cm 2 (~26.5% screen-to-body ratio)","TFT,  256K colors",,,,,MP3/AAC player MP4/H.263 player Organizer Voice memo/dial Predictive text input,,"WAP 2.0/xHTML, HTML",,Yes,"Yes, MIDP 2.0",,"SMS, MMS, Email, IM",,"2010, August. Released 2010, August",Discontinued,,,VGA,,No,,Yes,No,64MB,"1000 entries, Photocall",Black,,About 80 EUR,0.72 W/kg (head)     0.85 W/kg (body),,,,CDMA 800 / 1900,CDMA2000 1x,,,,,"Yes, 384 kbps",CDMA / CDMA2000,,,,,,No,,,No,,Yes,,,,,,2.5 mm audio jack,,,,,,,,,,,,,,,
Samsung,Samsung Fascinate,For VerizonAlso known as Samsung Galaxy S CDMA,Phone,https://www.gsmarena.com/samsung_fascinate-3492.php,2026-06-03 06:03 UTC,"2010, June. Released 2010, Q3",2010.0,Discontinued,125.0,64.0,10.5,116.0,4.0,480.0,800.0,233.0,2GB,,5.0,,1500.0,0.57,0.52,,,,,,,About 120 EUR,,Up to 300 h,Up to 5 h 50 min,Removable Li-Po 1500 mAh battery,,125 x 64 x 10.5 mm (4.92 x 2.52 x 0.41 in),Mini-SIM,116 g (4.09 oz),,"3.0, A2DP",,"GPS, A-GPS, VZ Navigator","FM radio, RDS",microUSB 2.0,"Wi-Fi 802.11 b/g/n, DLNA, hotspot (Android 2.2)",TouchWiz 3.0 UI,Corning Gorilla Glass,"480 x 800 pixels, 5:3 ratio (~233 ppi density)","4.0 inches, 45.5 cm 2 (~56.9% screen-to-body ratio)",Super AMOLED,,,,,Mobile TV MP4/DivX/WMV/H.264 player MP3/WAV/eAAC+/FLAC player TV-out Organizer Photo/video editor Document editor Voice memo/dial/commands Predictive text input (Swype),,"HTML, Adobe Flash Lite",,,,,,"Accelerometer, proximity, compass","2010, June. Released 2010, Q3",Discontinued,,LED flash,"5 MP, AF",,720p@30fps,,,"microSDHC (dedicated slot), 16 GB included",2GB,,"Black, Grey, White",,About 120 EUR,0.57 W/kg (head)     0.52 W/kg (body),,,,CDMA 800 / 1900,CDMA2000 1xEV-DO,,,,,EV-DO Rev.A 3.1 Mbps,CDMA / EVDO,,1.0 GHz Cortex-A8,Hummingbird,PowerVR SGX540,"Android 2.1 (Eclair), upgradable to 2.2 (Froyo)",No,,,Yes,,Yes,,,,,,,,,,,,,,,,,,,,,
Tecno,Tecno Pova 6 Pro,,Phone,https://www.gsmarena.com/tecno_pova_6_pro-12830.php,2026-06-03 06:03 UTC,"2024, February 26",2024.0,"Available. Released 2024, April 4",165.5,76.1,7.9,198.0,6.78,1080.0,2436.0,393.0,256GB,12GB | 8GB,108.0,32.0,6000.0,,,,,,,,,About 410 EUR,"70W wired, 50% in 20 min, 100% in 50 min 10W reverse wired",,,6000 mAh,IP53 dust protected and water resistant (vertical water sprays),165.5 x 76.1 x 7.9 mm (6.52 x 3.00 x 0.31 in),Nano-SIM + Nano-SIM,198 g (6.98 oz),,"5.3, A2DP, LE",Yes,"GPS, GLONASS, GALILEO, BDS",FM radio,USB Type-C 2.0,"Wi-Fi 802.11 a/b/g/n/ac, dual-band",,,1080 x 2436 pixels (~393 ppi density),"6.78 inches, 109.9 cm 2 (~87.2% screen-to-body ratio)","AMOLED, 120Hz, 1300 nits (peak)",,,,,,,,,,,,,"Fingerprint (under display, optical), accelerometer, gyro, proximity, compass","2024, February 26","Available. Released 2024, April 4","108 MP, f/1.9, 24mm (wide), 1/1.52"", 0.7µm, PDAF Auxiliary lenses",Dual-LED flash,,,"1440p@30fps, 1080p@30/60fps",,,microSDXC (dedicated slot),"256GB 8GB RAM, 256GB 12GB RAM",,"Comet Green, Meteorite Grey",LI9,About 410 EUR,,,,,GSM 850 / 900 / 1800 / 1900,HSDPA 850 / 900 / 2100,LTE,SA/NSA,,,"HSPA, LTE, 5G",GSM / HSPA / LTE / 5G,-25.2 LUFS (Very good),Octa-core (2x2.4 GHz Cortex-A76 & 6x2.0 GHz Cortex-A55),Mediatek Dimensity 6080 (6 nm),Mali-G57 MC2,"Android 14, HIOS 14",,"32 MP, f/2.2, 22mm (wide), 1/3.1"", 0.7µm","1440p@30fps, 1080p@30/60fps",Yes,,"Yes, with stereo speakers",,,Yes,,,24-bit/192kHz Hi-Res & Hi-Res wireless audio,"Glass front, plastic frame, plastic back",,,1070 nits max brightness (measured),"AnTuTu: 390556 (v9), 433321 (v10) GeekBench: 1890 (v5), 2035 (v6) 3DMark: 373 (Wild Life Extreme)",,Dual-LED dual-tone flash,,,,,,,Active use score 14:22h,
Tecno,Tecno Spark 20 Pro+,Also known as Tecno Spark 20 Pro Plus,Phone,https://www.gsmarena.com/tecno_spark_20_pro+-12770.php,2026-06-03 06:03 UTC,"2023, December 29",2024.0,"Available. Released 2024, February 09",164.7,75.0,7.6,179.0,6.78,1080.0,2436.0,393.0,256GB,8GB,108.0,32.0,5000.0,,,,,,,,,,33W wired,,,5000 mAh,IP53 dust protected and water resistant (vertical water sprays),164.7 x 75 x 7.6 mm (6.48 x 2.95 x 0.30 in),Nano-SIM + Nano-SIM,179 g (6.31 oz),,"5.2, A2DP, LE",Yes,"GPS, GLONASS",FM radio,USB Type-C,"Wi-Fi 802.11 a/b/g/n/ac, dual-band",,Corning Gorilla Glass 5,1080 x 2436 pixels (~393 ppi density),"6.78 inches, 109.9 cm 2 (~89.0% screen-to-body ratio)","AMOLED, 1B colors, 120Hz, 1000 nits (peak)",,,,,,,,,,,,,"Fingerprint (under display, optical), accelerometer, gyro, proximity, compass","2023, December 29","Available. Released 2024, February 09","108 MP, f/1.8, (wide), 1/1.67"", 0.64µm, PDAF 2 MP (macro)","Quad-LED flash, HDR",,,"1440p@30fps, 1080p@30fps",,,No,256GB 8GB RAM,,"Temporal Orbits, Lunar Frost, Radiant Starstream, Magic Skin 2.0 Green",KJ7,,,,,,GSM 850 / 900 / 1800 / 1900,HSDPA 900 / 2100,LTE,,,,"HSPA, LTE",GSM / HSPA / LTE,-25.2 LUFS (Very good),Octa-core (2x2.2 GHz Cortex-A76 & 6x2.0 GHz Cortex-A55),Mediatek Helio G99 Ultimate,Mali-G57 MC2,Android 14,,"32 MP, f/2.2, (wide), 1/3.1"", 0.7µm","1440p@30fps, 1080p@30/60fps",No,,"Yes, with stereo speakers",,,,,,24-bit/192kHz Hi-Res & Hi-Res wireless audio,"Glass front (Gorilla Glass 5), plastic back, plastic frame",,,549 nits max brightness (measured),"AnTuTu: 386262 (v9), 433988 (v10) GeekBench: 1787 (v5), 1953 (v6) 3DMark: 347 (Wild Life Extreme)",,Dual-LED flash,,,,,,,Active use score 11:56h,
Tecno,Tecno Spark 20 Pro,,Phone,https://www.gsmarena.com/tecno_spark_20_pro-12747.php,2026-06-03 06:03 UTC,"2023, December 15",2023.0,"Available. Released 2023, December",168.6,76.6,8.4,,6.78,1080.0,2460.0,396.0,256GB,12GB | 4GB | 8GB,108.0,32.0,5000.0,,,,,,,,,About 60 EUR,33W wired,,,5000 mAh,IP53 dust protected and water resistant (vertical water sprays),168.6 x 76.6 x 8.4 mm (6.64 x 3.02 x 0.33 in),Nano-SIM + Nano-SIM,-,,"5.2, A2DP, LE",Yes,"GPS, GLONASS",FM radio,USB Type-C,"Wi-Fi 802.11 a/b/g/n/ac, dual-band",,,1080 x 2460 pixels (~396 ppi density),"6.78 inches, 109.2 cm 2 (~84.5% screen-to-body ratio)","IPS LCD, 120Hz",,,,,,,,,,,,,"Fingerprint (side-mounted), accelerometer, proximity, compass","2023, December 15","Available. Released 2023, December","108 MP, f/1.8, (wide), 1/1.67"", 0.64µm, PDAF 2 MP (macro)","Quad-LED flash, HDR",,,"1440p@30fps, 1080p@30fps",,,microSDXC,"256GB 4GB RAM, 256GB 8GB RAM, 256GB 12GB RAM",,"Moonlit Black, Frosty Ivory, Sunset Blush, Magic Skin 2.0 Green",KJ6,About 60 EUR,,,,,GSM 850 / 900 / 1800 / 1900,HSDPA 900 / 2100,LTE,,,,"HSPA, LTE",GSM / HSPA / LTE,,Octa-core (2x2.2 GHz Cortex-A76 & 6x2.0 GHz Cortex-A55),Mediatek Helio G99 (6 nm),Mali-G57 MC2,Android 13,,"32 MP, f/2.2, (wide)",1080p@30fps,Yes,,"Yes, with stereo speakers",,,,,,,"Glass front, plastic back, plastic frame",,,,,,Dual-LED flash,,,,,,,,
Tecno,Tecno Spark 20,,Phone,https://www.gsmarena.com/tecno_spark_20-12722.php,2026-06-03 06:03 UTC,"2023, December 01",2023.0,"Available. Released 2023, December",163.7,75.6,8.5,,6.6,720.0,1612.0,267.0,128GB | 256GB,4GB | 8GB,50.0,32.0,5000.0,,,,,,,,,,18W wired,,,5000 mAh,IP53 dust protected and water resistant (vertical water sprays),163.7 x 75.6 x 8.5 mm (6.44 x 2.98 x 0.33 in),Nano-SIM + Nano-SIM,-,,"5.2, A2DP, LE",No,GPS,FM radio,"USB Type-C, OTG","Wi-Fi 802.11 a/b/g/n/ac, dual-band",,,"720 x 1612 pixels, 20:9 ratio (~267 ppi density)","6.6 inches, 104.6 cm 2 (~84.6% screen-to-body ratio)","IPS LCD, 90Hz",,,,,,,,,,,,,"Fingerprint (side-mounted), accelerometer, proximity, compass","2023, December 01","Available. Released 2023, December",,"Dual-LED flash, HDR","50 MP, f/1.6, (wide), 0.64µm, PDAF Auxiliary lens",,"1440p@30fps, 1080p@30fps",,,microSDXC,"128GB 4GB RAM, 128GB 8GB RAM, 256GB 8GB RAM",,"Gravity Black, Cyber White, Neon Gold, Magic Skin 2.0 (Blue)","KJ5, KJ5n",,,,,,GSM 850 / 900 / 1800 / 1900,HSDPA 900 / 2100,LTE,,,,"HSPA, LTE",GSM / HSPA / LTE,,Octa-core (2x2.0 GHz Cortex-A75 & 6x1.8 GHz Cortex-A55),Mediatek MT6769Z Helio G85 (12 nm),Mali-G52 MC2,"Android 13, HIOS 13",,"32 MP, f/2.2, (wide)",1080p@30fps,Yes,,"Yes, with stereo speakers",,,,,,,"Glass front, plastic back, plastic frame",,,,,,Dual-LED flash,,,,,,,,
Tecno,Tecno Spark 20C,,Phone,https://www.gsmarena.com/tecno_spark_20c-12710.php,2026-06-03 06:03 UTC,"2023, November 27",2023.0,"Available. Released 2023, December",163.7,75.6,8.6,,6.6,720.0,1612.0,267.0,128GB | 256GB,4GB | 8GB,50.0,8.0,5000.0,,,,,,,,,About 140 EUR,18W wired,,,5000 mAh,,163.7 x 75.6 x 8.6 mm (6.44 x 2.98 x 0.34 in),Nano-SIM + Nano-SIM,-,,Yes,No,GPS,FM radio,"USB Type-C, OTG",Yes,,,"720 x 1612 pixels, 20:9 ratio (~267 ppi density)","6.6 inches, 104.6 cm 2 (~84.6% screen-to-body ratio)","IPS LCD, 90Hz",,,,,,,,,,,,,"Fingerprint (side-mounted), accelerometer, compass","2023, November 27","Available. Released 2023, December",,"Dual-LED flash, HDR","50 MP, (wide), 1/2.8"", PDAF Auxiliary lens",,1080p@30fps,,,microSDXC,"128GB 4GB RAM, 128GB 8GB RAM, 256GB 4GB RAM",,"Mystery White, Alpenglow Gold, Magic Skin, Gravity Black","BG7n, BG7",About 140 EUR,,,,,GSM 850 / 900 / 1800 / 1900,HSDPA 900 / 2100,LTE,,,,"HSPA, LTE",GSM / HSPA / LTE,,Octa-core (4x2.2 GHz Cortex-A53 & 4x1.6 GHz Cortex-A53),Mediatek Helio G36 (12 nm),PowerVR GE8320,Android 13,,8 MP,Yes,Yes,,"Yes, with stereo speakers",,,,,,,"Glass front, plastic back, plastic frame",,,,,,Dual-LED flash,,,,,,,,
Tecno,Tecno Spark Go 2024,,Phone,https://www.gsmarena.com/tecno_spark_go_2024-12702.php,2026-06-03 06:03 UTC,"2023, November 21",2023.0,"Available. Released 2023, December 07",163.7,75.6,8.6,,6.6,720.0,1612.0,267.0,128GB | 64GB,2GB | 3GB | 4GB,13.0,8.0,5000.0,,,,,,,,,About 90 EUR,10W wired,,,5000 mAh,,163.7 x 75.6 x 8.6 mm (6.44 x 2.98 x 0.34 in),Nano-SIM + Nano-SIM,-,,Yes,No,GPS,FM radio,"USB Type-C, OTG",Yes,,,"720 x 1612 pixels, 20:9 ratio (~267 ppi density)","6.6 inches, 104.6 cm 2 (~84.6% screen-to-body ratio)","IPS LCD, 90Hz",,,,,,,,,,,,,"Fingerprint (side-mounted), accelerometer","2023, November 21","Available. Released 2023, December 07",,"Dual-LED flash, HDR","13 MP, f/1.9, (wide), 1.12µm, AF Auxiliary lens",,1080p@30fps,eMMC 5.1,,microSDXC,"64GB 2GB RAM, 64GB 3GB RAM, 64GB 4GB RAM, 128GB 4GB RAM",,"Mystery White, Alpenglow Gold, Magic Skin, Gravity Black",BG6,About 90 EUR,,,,,GSM 850 / 900 / 1800 / 1900,HSDPA 900 / 2100,LTE,,,,"HSPA, LTE",GSM / HSPA / LTE,,Octa-core (2x1.6 GHz Cortex-A75 & 6x1.6 GHz Cortex-A55),Unisoc T606 (12 nm),Mali-G57 MP1,"Android 13 (Go edition), HIOS 13",,8 MP,Yes,Yes,,"Yes, with dual speakers",,,,,,,"Glass front, plastic back, plastic frame",,,,,,Dual-LED flash,,,,,,,,
Tecno,Tecno Pop 8,,Phone,https://www.gsmarena.com/tecno_pop_8-12644.php,2026-06-03 06:03 UTC,"2023, October 30",2023.0,"Available. Released 2023, November",163.7,75.6,8.6,,6.6,720.0,1612.0,267.0,128GB | 64GB,2GB | 3GB | 4GB,13.0,8.0,5000.0,,,,,,,,,,10W wired,,,5000 mAh,,163.7 x 75.6 x 8.6 mm (6.44 x 2.98 x 0.34 in),Nano-SIM + Nano-SIM,-,,Yes,No,GPS,FM radio,"USB Type-C, OTG",Yes,,,"720 x 1612 pixels, 20:9 ratio (~267 ppi density)","6.6 inches, 104.6 cm 2 (~84.6% screen-to-body ratio)","IPS LCD, 90Hz",,,,,,,,,,,,,"Fingerprint (side-mounted), accelerometer","2023, October 30","Available. Released 2023, November",,"Dual-LED flash, HDR","13 MP, f/1.8, (wide), 1.12µm, AF Auxiliary lens",,1080p@30fps,eMMC 5.1,,microSDXC,"64GB 2GB RAM, 64GB 3GB RAM, 64GB 4GB RAM, 128GB 4GB RAM",,"Mystery White, Alpenglow Gold, Magic Skin, Gravity Black","BG6h, BG6i",,,,,,GSM 850 / 900 / 1800 / 1900,HSDPA 900 / 2100,LTE,,,,"HSPA, LTE",GSM / HSPA / LTE,,Octa-core (2x1.6 GHz Cortex-A75 & 6x1.6 GHz Cortex-A55),Unisoc T606 (12 nm),Mali-G57 MP1,Android 13 (Go edition),,8 MP,Yes,Yes,,"Yes, with dual speakers",,,,,,,"Glass front, plastic back, plastic frame",,,,,,Dual-LED flash,,,,,,,,
Tecno,Tecno Camon 20s Pro 5G,,Phone,https://www.gsmarena.com/tecno_camon_20s_pro_5g-12933.php,2026-06-03 06:03 UTC,"2023, November 17",2023.0,"Available. Released 2023, November",162.7,75.9,7.8,193.0,6.67,1080.0,2400.0,395.0,128GB | 256GB,8GB,64.0,32.0,5000.0,,,,,,,,,About 200 EUR,33W wired,,,Li-Po 5000 mAh,,162.7 x 75.9 x 7.8 mm (6.41 x 2.99 x 0.31 in),Nano-SIM + Nano-SIM,193 g (6.81 oz),,"5.2, A2DP, LE",No,GPS,FM radio,"USB Type-C 2.0, OTG","Wi-Fi 802.11 a/b/g/n/ac, dual-band",,,"1080 x 2400 pixels, 20:9 ratio (~395 ppi density)","6.67 inches, 107.4 cm 2 (~87.0% screen-to-body ratio)","AMOLED, 120Hz",,,,,,,,,,,,,"Fingerprint (under display, optical), accelerometer, gyro, proximity, compass","2023, November 17","Available. Released 2023, November",,"Ring-LED flash, panorama, HDR",,"64 MP, f/1.7, (wide), 1/1.7"", 0.8µm, PDAF, OIS 2 MP (macro) Auxiliary lens","4K@30fps, 1080p@30fps, HDR",,,microSDXC (dedicated slot),"128GB 8GB RAM, 256GB 8GB RAM",,"Dark Welkin, Serenity Blue",CK8nB,About 200 EUR,,,,,GSM 850 / 900 / 1800 / 1900,HSDPA 850 / 900 / 1700(AWS) / 1900 / 2100,LTE,SA/NSA,,,"HSPA, LTE, 5G",GSM / HSPA / LTE / 5G,,Octa-core (4x2.6 GHz Cortex-A78 & 4x2.0 GHz Cortex-A55),Mediatek Dimensity 8020 (6 nm),Mali-G77 MC9,"Android 13, HIOS 13",,"32 MP, f/2.5, 24mm (wide), 1/2.8"", 0.8µm",1080p@30fps,Yes,,"Yes, with stereo speakers",,,,,,24-bit/192kHz Hi-Res audio,,,,,,,Dual-LED flash,,,,,,,,
Tecno,Tecno Phantom V Flip,,Phone,https://www.gsmarena.com/tecno_phantom_v_flip-12580.php,2026-06-03 06:03 UTC,"2023, September 22",2023.0,"Available. Released 2023, October 01",171.7,74.1,7.0,194.0,6.9,1080.0,2640.0,413.0,256GB,8GB,64.0,32.0,4000.0,,,,,,,,,About 560 EUR,"45W wired, 50% in 15 min",,,4000 mAh,,Unfolded: 171.7 x 74.1 x 7 mm Folded: 88.8 x 74.1 x 15 mm,Nano-SIM,194 g (6.84 oz),,"5.1, A2DP, LE",Yes,GPS,Unspecified,USB Type-C,"Wi-Fi 802.11 a/b/g/n/ac/6, dual-band","Cover display: AMOLED 1.32 inches, 466 x 466 pixels, 352 ppi, 800 nits (peak)",,1080 x 2640 pixels (~413 ppi density),"6.9 inches, 107.6 cm 2 (~84.6% screen-to-body ratio)","Foldable LTPO AMOLED, 120Hz, 1000 nits (peak)",,,,,,,,,,,,,"Fingerprint (side-mounted), accelerometer, gyro, proximity (incl. for accessories), compass","2023, September 22","Available. Released 2023, October 01","64 MP, f/1.7, 25mm (wide), 1/1.73"", 0.8µm, PDAF 13 MP, f/2.2, (ultrawide), 1/3.0"", 1.12µm","LED flash, HDR, panorama",,,"4K@30fps, 1080p@30/60fps",UFS 3.1,,No,256GB 8GB RAM,,"Iconic Black, Mystic Dawn",AD11,About 560 EUR,,,,,GSM 850 / 900 / 1800 / 1900,HSDPA 850 / 900 / 1900 / 2100,LTE,SA/NSA,,,"HSPA, LTE, 5G",GSM / HSPA / LTE / 5G,-22.7 LUFS (Excellent),Octa-core (1x3.0 GHz Cortex-A78 & 3x2.6 GHz Cortex-A78 & 4x2.0 GHz Cortex-A55),Mediatek Dimensity 8050 (6 nm),Mali-G77 MC9,"Android 13, HIOS 13.5",,"32 MP, f/2.5, 24mm (wide), 1/2.8"", 0.8µm, AF","1440p@30fps, 1080p@30/60fps",No,,"Yes, with stereo speakers",,,,,Photo / Video,,"Eco leather back, aluminum frame, steel hinge",,Endurance rating 88h,818 nits max brightness (measured),"AnTuTu: 565851 (v9), 734846 (v10) GeekBench: 2805 (v5.5), 3333 (v6.0) GFXBench: 35fps (ES 3.1 onscreen)",,LED flash,,,,,,,,
Tecno,Tecno Pova 5 Pro,,Phone,https://www.gsmarena.com/tecno_pova_5_pro-12448.php,2026-06-03 06:03 UTC,"2023, August 01",2023.0,"Available. Released 2023, August 22",168.5,76.5,9.0,212.0,6.78,1080.0,2460.0,396.0,128GB | 256GB,8GB,50.0,16.0,5000.0,,,,,,,,,About 200 EUR,"68W wired, 50% in 15 min",,,5000 mAh,"Multiple LED lights on the back (notifications, low battery, game actions)",168.5 x 76.5 x 9 mm (6.63 x 3.01 x 0.35 in),Nano-SIM + Nano-SIM,212 g (7.48 oz),,Yes,Yes,"GPS, GLONASS, GALILEO, BDS",FM radio,USB Type-C 2.0,"Wi-Fi 802.11 a/b/g/n/ac, dual-band",,,1080 x 2460 pixels (~396 ppi density),"6.78 inches, 109.2 cm 2 (~84.7% screen-to-body ratio)","IPS LCD, 120Hz, 580 nits (peak)",,,,,,,,,,,,,"Fingerprint (side-mounted), accelerometer, gyro, proximity, compass","2023, August 01","Available. Released 2023, August 22",,Dual LED flash,"50 MP, f/1.6, (wide), PDAF Auxiliary lens",,"1440p@30fps, 1080p@30fps",,,microSDXC (dedicated slot),"128GB 8GB RAM, 256GB 8GB RAM",,"Dark Illusion, Silver Fantasy, Free Fire Edition",LH8n,About 200 EUR,,,,,GSM 850 / 900 / 1800 / 1900,HSDPA 850 / 900 / 2100,LTE,SA/NSA,,,"HSPA, LTE, 5G",GSM / HSPA / LTE / 5G,-25.6 LUFS (Very good),Octa-core (2x2.4 GHz Cortex-A76 & 6x2.0 GHz Cortex-A55),Mediatek Dimensity 6080 (6 nm),Mali-G57 MC2,"Android 13, upgradable to Android 14, HIOS 14",,"16 MP, f/2.0, (wide)",1080p@30fps,Yes,,"Yes, with stereo speakers",,,,,Photo / Video,24-bit/192kHz Hi-Res audio,"Glass front, plastic frame, plastic back",,Endurance rating 90h,"1354:1 contrast ratio, 509 nits max brightness (measured)","AnTuTu: 389037 (v9), 423437 (v10) GeekBench: 1884 (v5), 2102 (v6) GFXBench: 13fps (ES 3.1 onscreen)",,LED flash,,,,,,,,
Tecno,Tecno Pova Neo 3,,Phone,https://www.gsmarena.com/tecno_pova_neo_3-12394.php,2026-06-03 06:03 UTC,"2023, June 29",2023.0,"Available. Released 2023, July",170.7,77.6,9.3,,6.82,720.0,1640.0,263.0,128GB,4GB | 8GB,16.0,8.0,7000.0,,,,,,,,,,18W wired,,,7000 mAh,,170.7 x 77.6 x 9.3 mm (6.72 x 3.06 x 0.37 in),Nano-SIM + Nano-SIM,-,,Yes,Yes,"GPS, GLONASS, GALILEO, BDS",FM radio,"USB Type-C 2.0, OTG","Wi-Fi 802.11 a/b/g/n/ac, dual-band",,,720 x 1640 pixels (~263 ppi density),"6.82 inches, 110.5 cm 2 (~83.4% screen-to-body ratio)","IPS LCD, 90Hz",,,,,,,,,,,,,"Fingerprint (side-mounted), accelerometer, proximity, compass","2023, June 29","Available. Released 2023, July",,"Dual-LED flash, HDR, panorama","16 MP, (wide), AF Auxiliary lens",,1080p@30fps,,,microSDXC (dedicated slot),"128GB 4GB RAM, 128GB 8GB RAM",,"Amber Gold, Mecha Black, Hurricane Blue",LH6n,,,,,,GSM 850 / 900 / 1800 / 1900,HSDPA 850 / 900 / 2100,LTE,,,,"HSPA, LTE",GSM / HSPA / LTE,,Octa-core (2x2.0 GHz Cortex-A75 & 6x1.8 GHz Cortex-A55),Mediatek MT6769Z Helio G85 (12 nm),Mali-G52 MC2,"Android 13, HIOS",,8 MP,Yes,Yes,,Yes,,,,,,,"Glass front, plastic frame, plastic back",,,,,,LED flash,,,,,,,,
Tecno,Tecno Pova 5,,Phone,https://www.gsmarena.com/tecno_pova_5-12393.php,2026-06-03 06:03 UTC,"2023, June 29",2023.0,"Available. Released 2023, July",168.6,76.6,9.0,219.4,6.78,1080.0,2460.0,396.0,128GB | 256GB,8GB,50.0,8.0,6000.0,,,,,,,,,About 130 EUR,"45W wired, 50% in 21 min, 100% in 60 min 10W reverse wired",,,6000 mAh,,168.6 x 76.6 x 9 mm (6.64 x 3.02 x 0.35 in),Nano-SIM + Nano-SIM,219.4 g (7.76 oz),,Yes,Yes,"GPS, GLONASS, GALILEO, BDS",FM radio,"USB Type-C 2.0, OTG","Wi-Fi 802.11 a/b/g/n/ac, dual-band",,,1080 x 2460 pixels (~396 ppi density),"6.78 inches, 109.2 cm 2 (~84.5% screen-to-body ratio)","IPS LCD, 120Hz, 580 nits (typ)",,,,,,,,,,,,,"Fingerprint (side-mounted), accelerometer, gyro, proximity, compass","2023, June 29","Available. Released 2023, July",,Dual LED flash,"50 MP, f/1.6, (wide), 1/2.76"", PDAF Auxiliary lens",,"1440p@30fps, 1080p@30fps",UFS 2.2,,microSDXC,"128GB 8GB RAM, 256GB 8GB RAM",,"Mecha Black, Amber Gold, Hurricane Blue, Free Fire Edition",LH7n,About 130 EUR,,,,,GSM 850 / 900 / 1800 / 1900,HSDPA 850 / 900 / 2100,LTE,,,,"HSPA, LTE",GSM / HSPA / LTE,,Octa-core (2x2.2 GHz Cortex-A76 & 6x2.0 GHz Cortex-A55),Mediatek Helio G99 (6 nm),Mali-G57 MC2,"Android 13, HIOS 13",,8 MP,1080p@30fps,Yes,,"Yes, with stereo speakers",,,,,,24-bit/192kHz Hi-Res & Hi-Res Wireless audio,"Glass front, plastic frame, plastic back",,,,,,LED flash,,,,,,,,
Tecno,Tecno Camon 20 Premier,,Phone,https://www.gsmarena.com/tecno_camon_20_premier-12256.php,2026-06-03 06:03 UTC,"2023, May 09",2023.0,"Available. Released 2023, May 09",161.9,74.3,8.2,202.5,6.67,1080.0,2400.0,395.0,512GB,8GB,50.0,32.0,5000.0,,,,,,,,,About 410 EUR,45W wired,,,5000 mAh,,161.9 x 74.3 x 8.2 mm (6.37 x 2.93 x 0.32 in),Nano-SIM + Nano-SIM,202.5 g (7.16 oz),,"5.2, A2DP, LE",Yes,GPS,FM radio,"USB Type-C 2.0, OTG","Wi-Fi 802.11 a/b/g/n/ac, dual-band",,,"1080 x 2400 pixels, 20:9 ratio (~395 ppi density)","6.67 inches, 107.4 cm 2 (~89.3% screen-to-body ratio)","AMOLED, 120Hz",,,,,,,,,,,,,"Fingerprint (under display, optical), accelerometer, gyro, proximity, compass","2023, May 09","Available. Released 2023, May 09",,"Laser AF, Ring-LED flash, HDR, panorama",,"50 MP, f/1.8, 23mm (wide), 1/1.56"", 1.0µm, PDAF, sensor-shift OIS 108 MP, f/2.2, 13mm, 115˚ (ultrawide), PDAF Auxiliary lens","4K@30fps, 1080p@30fps, HDR",,,No,512GB 8GB RAM,,"Dark Welkin, Serenity Blue",CK9n,About 410 EUR,,,,,GSM 850 / 900 / 1800 / 1900,HSDPA 850 / 900 / 1700(AWS) / 1900 / 2100,LTE,SA/NSA,,,"HSPA, LTE, 5G",GSM / HSPA / LTE / 5G,-27.8 LUFS (Good),Octa-core (1x3.0 GHz Cortex-A78 & 3x2.6 GHz Cortex-A78 & 4x2.0 GHz Cortex-A55),Mediatek Dimensity 8050 (6 nm),Mali-G77 MC9,"Android 13, HIOS 13",,"32 MP, f/2.5, 24mm (wide), 1/2.8"", 0.8µm",1080p@30fps,No,,"Yes, with stereo speakers",,,,,Photo / Video,24-bit/192kHz Hi-Res audio,"Glass front, leather back",,Endurance rating 107h,684 nits max brightness (measured),"AnTuTu: 673809 (v9), 802232(v10) GeekBench: 3074 (v5), 3348 (v6) GFXBench: 39fps (ES 3.1 onscreen)",,Dual-LED flash,,,,,,,,
Tecno,Tecno Camon 20 Pro 5G,,Phone,https://www.gsmarena.com/tecno_camon_20_pro_5g-12255.php,2026-06-03 06:03 UTC,"2023, May 09",2023.0,"Available. Released 2023, May 09",162.7,75.9,7.8,,6.67,1080.0,2400.0,395.0,256GB,8GB,64.0,32.0,5000.0,,,,,,,,,About 270 EUR,33W wired,,,5000 mAh,,162.7 x 75.9 x 7.8 mm (6.41 x 2.99 x 0.31 in),Nano-SIM + Nano-SIM,-,,"5.2, A2DP, LE",Yes,GPS,FM radio,"USB Type-C 2.0, OTG","Wi-Fi 802.11 a/b/g/n/ac, dual-band",,,"1080 x 2400 pixels, 20:9 ratio (~395 ppi density)","6.67 inches, 107.4 cm 2 (~87.0% screen-to-body ratio)","AMOLED, 120Hz",,,,,,,,,,,,,"Fingerprint (under display, optical), accelerometer, gyro, proximity, compass","2023, May 09","Available. Released 2023, May 09",,"Ring-LED flash, panorama, HDR",,"64 MP, f/1.7, (wide), 1/1.7"", 0.8µm, PDAF, OIS 2 MP (macro) Auxiliary lens","4K@30fps, 1080p@30fps, HDR",,,microSDXC (dedicated slot),256GB 8GB RAM,,"Dark Welkin, Serenity Blue",CK8n,About 270 EUR,,,,,GSM 850 / 900 / 1800 / 1900,HSDPA 850 / 900 / 1700(AWS) / 1900 / 2100,LTE,SA/NSA,,,"HSPA, LTE, 5G",GSM / HSPA / LTE / 5G,,Octa-core (1x3.0 GHz Cortex-A78 & 3x2.6 GHz Cortex-A78 & 4x2.0 GHz Cortex-A55),Mediatek Dimensity 8050 (6 nm),Mali-G77 MC9,"Android 13, HIOS 13",,"32 MP, f/2.5, 24mm (wide), 1/2.8"", 0.8µm",1080p@30fps,Yes,,"Yes, with stereo speakers",,,,,,24-bit/192kHz Hi-Res audio,,,,,,,Dual-LED flash,,,,,,,,
vivo,vivo T4R,,Phone,https://www.gsmarena.com/vivo_t4r_5g-14035.php,2026-06-03 06:03 UTC,"2025, July 31",2025.0,"Available. Released 2025, August 05",163.3,76.7,7.4,183.5,6.77,1080.0,2392.0,388.0,128GB | 256GB,12GB | 8GB,50.0,32.0,5700.0,,,,,,,,23499.0,"₹ 23,499",44W wired Reverse wired Bypass charging,,,Li-Ion 5700 mAh,IP68/IP69 dust tight and water resistant (high pressure water jets; immersible up to 1.5m for 30 min) MIL-STD-810H compliant* * does not guarantee ruggedness or use in extreme conditions,163.3 x 76.7 x 7.4 mm (6.43 x 3.02 x 0.29 in),Nano-SIM + Nano-SIM,183.5 g (6.49 oz),,"5.4, A2DP, LE",No,"GPS, GLONASS, GALILEO, BDS, QZSS",No,"USB Type-C 2.0, OTG","Wi-Fi 802.11 a/b/g/n/ac/6, dual-band",,Diamond Shield Glass,1080 x 2392 pixels (~388 ppi density),"6.77 inches, 110.9 cm 2 (~88.5% screen-to-body ratio)","AMOLED, 1B colors, 120Hz, 2160Hz PWM, HDR10+, 1300 nits (HBM), 1800 nits (peak)",,,,,,,,,,,,,"Fingerprint (under display, optical), accelerometer, gyro, proximity, compass","2025, July 31","Available. Released 2025, August 05","50 MP, f/1.8, (wide), 1/1.95"", 0.8µm, PDAF, OIS Auxiliary lens","LED flash, HDR, panorama",,,"4K@30fps, 1080p@30/60fps, gyro-EIS",UFS 2.2,,No,"128GB 8GB RAM, 256GB 8GB RAM, 256GB 12GB RAM",,"Arctic White, Twilight Blue",,"₹ 23,499",,,,,GSM 850 / 900 / 1800 / 1900,HSDPA 850 / 900 / 1700(AWS) / 2100,"1, 3, 5, 8, 19, 28, 38, 40, 41, 42","1, 3, 5, 8, 28, 40, 77, 78 SA/NSA",,,"HSPA, LTE, 5G",GSM / HSPA / LTE / 5G,,Octa-core (4x2.6 GHz Cortex-A78 & 4x2.0 GHz Cortex-A55),Mediatek Dimensity 7400 (4 nm),Mali-G615 MC2,"Android 15, up to 2 major Android upgrades, Funtouch 15",,"32 MP, f/2.5, (wide)","4K@30fps, 1080p@30/60fps",No,,"Yes, with stereo speakers",,,,,,,,,,,,,,,,,,,,,
vivo,vivo Y50 (China),"Also known as vivo Y50m, vivo Y50e, vivo Y50s, vivo G3 5G",Phone,https://www.gsmarena.com/vivo_y50_5g_(china)-14004.php,2026-06-03 06:03 UTC,"2025, July 21",2025.0,"Available. Released 2025, July 21",167.3,77.0,8.2,204.0,6.74,720.0,1600.0,260.0,128GB | 256GB,12GB | 4GB | 6GB | 8GB,13.0,5.0,6000.0,,,,,,,,,About 140 EUR,44W wired 15W wired - Y50e model only,,,6000 mAh,IP64 dust tight and water resistant (water splashes),167.3 x 77 x 8.2 mm (6.59 x 3.03 x 0.32 in),Nano-SIM + Nano-SIM,204 g (7.20 oz),,"5.4, A2DP, LE, aptX HD",Yes,"GPS, GALILEO, GLONASS, BDS, QZSS",No,"USB Type-C 2.0, OTG","Wi-Fi 802.11 a/b/g/n/ac, dual-band",,,"720 x 1600 pixels, 20:9 ratio (~260 ppi density)","6.74 inches, 109.7 cm 2 (~85.1% screen-to-body ratio)","IPS LCD, 90Hz, 1000 nits (HBM)",,,,,,,,,,,,,"Fingerprint (side-mounted), accelerometer, proximity, compass","2025, July 21","Available. Released 2025, July 21",,"LED flash, panorama","13 MP, f/2.2, (wide), PDAF Auxiliary lens",,1080p@30fps,UFS 2.2 eMMC 5.1 - 128GB only,,microSDXC,"128GB 4GB RAM, 128GB 6GB RAM, 256GB 6GB RAM, 256GB 8GB RAM, 256GB 12GB RAM",,"Platinum, Azure, Black","V2443A, V2443BA",About 140 EUR,,,,,GSM 850 / 900 / 1800 / 1900,HSDPA 850 / 900 / 2100,"1, 3, 5, 8, 28, 34, 38, 39, 40, 41","1, 3, 5, 8, 28, 38, 40, 41, 77, 78 SA/NSA",,,"HSPA, LTE",GSM / HSPA / LTE / 5G,,Octa-core (2x2.4 GHz Cortex-A76 & 6x2.0 GHz Cortex-A55),Mediatek Dimensity 6300 (6 nm),Mali-G57 MC2,"Android 15, OriginOS 5",,"5 MP, f/2.2, (wide)",Yes,Yes,,Yes,,,Yes,,,,"Glass front, plastic frame, plastic back",,,,,,,,,,,,,,
vivo,vivo iQOO Z10R (India),,Phone,https://www.gsmarena.com/vivo_iqoo_z10r-14024.php,2026-06-03 06:03 UTC,"2025, July 24",2025.0,"Available. Released 2025, July 29",163.3,76.7,7.4,184.0,6.77,1080.0,2392.0,387.0,128GB | 256GB,12GB | 8GB,50.0,32.0,5700.0,,,,,,,,22999.0,"₹ 22,999",44W wired Reverse wired,,,Li-Ion 5700 mAh,IP68/IP69 dust tight and water resistant (high pressure water jets; immersible up to 1.5m for 30 min) MIL-STD-810H compliant* * does not guarantee ruggedness or use in extreme conditions,163.3 x 76.7 x 7.4 mm (6.43 x 3.02 x 0.29 in),Nano-SIM + Nano-SIM,184 g (6.49 oz),,"5.4, A2DP, LE",No,"GPS, GLONASS, GALILEO, BDS, QZSS",No,"USB Type-C 2.0, OTG","Wi-Fi 802.11 a/b/g/n/ac/6, dual-band",,Schott Xensation Alpha,1080 x 2392 pixels (~387 ppi density),"6.77 inches, 111.5 cm 2 (~89.0% screen-to-body ratio)","AMOLED, 120Hz, 2160Hz PWM, HDR10+, 1300 nits (HBM), 1800 nits (peak)",,,,,,,,,,,,,"Fingerprint (under display, optical), accelerometer, gyro, proximity, compass","2025, July 24","Available. Released 2025, July 29","50 MP, f/1.8, (wide), 1/1.95"", 0.8µm, PDAF, OIS Auxiliary lens","LED flash, HDR, panorama",,,"4K@30fps, 1080p@30/60fps, gyro-EIS",UFS 2.2,,No,"128GB 8GB RAM, 256GB 8GB RAM, 256GB 12GB RAM",,"Aquamarine, Moonstone",,"₹ 22,999",,,,,GSM 850 / 900 / 1800 / 1900,HSDPA 800 / 850 / 900 / 2100,"1, 3, 5, 8, 19, 28, 38, 40, 41, 42","1, 3, 5, 8, 28, 40, 77, 78 SA/NSA",,,"HSPA, LTE, 5G",GSM / HSPA / LTE / 5G,,Octa-core (4x2.6 GHz Cortex-A78 & 4x2.0 GHz Cortex-A55),Mediatek Dimensity 7400 (4 nm),Mali-G615 MC2,"Android 15, up to 2 major Android upgrades, Funtouch 15",,"32 MP, f/2.5, (wide)","4K@30fps, 1080p@30/60fps",No,,"Yes, with stereo speakers",,,,,,,,,,,,,,,,,,,,,
vivo,vivo X Fold5,,Tablet,https://www.gsmarena.com/vivo_x_fold5_5g-13858.php,2026-06-03 06:03 UTC,"2025, June 25",2025.0,"Available. Released 2025, July 02",159.7,142.3,4.3,217.0,8.03,2200.0,2480.0,413.0,1TB | 256GB | 512GB,12GB | 16GB,50.0,20.0,6000.0,0.86,0.85,,,,,,,About 850 EUR,80W wired 40W wireless Reverse wired 5W reverse wireless,,,Si/C Li-Ion 6000 mAh,IP58/IP59+ dust protected and water resistant (high pressure water jets; immersible up to 3m for 30 min),Unfolded: 159.7 x 142.3 x 4.3 mm Folded: 159.7 x 72.6 x 9.2 mm,Nano-SIM + Nano-SIM,217 g or 226 g (7.65 oz),,"5.4, A2DP, LE, aptX HD, aptX Adaptive, aptX Lossless",Yes,"GPS (L1+L5), BDS (B1I+B1c+B2a), GALILEO (E1+E5a), QZSS (L1+L5), GLONASS",No,"USB Type-C 3.2, OTG, Display Port","Wi-Fi 802.11 a/b/g/n/ac/6e/7, dual-band or tri-band, Wi-Fi Direct","Cover display: LTPO AMOLED, 120Hz, HDR10+, Dolby Vision, 5500 nits (peak) 6.53 inches, 1172 x 2748 pixels, 21:9 ratio Armor Glass (2nd gen)",,2200 x 2480 pixels (~413 ppi density),"8.03 inches, 206.5 cm 2 (~90.9% screen-to-body ratio)","Foldable LTPO AMOLED, 1B colors, 120Hz, 5280Hz PWM, HDR10+, Dolby Vision, 4500 nits (peak)",,,,,,,,,,,,,"Fingerprint (side-mounted), accelerometer, gyro, proximity, compass","2025, June 25","Available. Released 2025, July 02",,"Color spectrum sensor, Laser AF, Zeiss optics, Zeiss T* lens coating, Dual-LED flash, panorama",,"50 MP, f/1.6, 23mm (wide), 1/1.56"", 1.0µm, PDAF, OIS 50 MP, f/2.6, 70mm (periscope telephoto), 1/1.95"", 0.8µm, PDAF, OIS, 3x optical zoom 50 MP, f/2.1, 15mm, 119˚ (ultrawide), 1/2.76"", 0.64µm, PDAF","8K@30fps, 4K@30/60fps, 1080p@30/60fps, gyro-EIS",UFS 4.1,,No,"256GB 12GB RAM, 512GB 12GB RAM, 512GB 16GB RAM, 1TB 16GB RAM",,"Titanium Gray, Green, White","V2436A, V2429",About 850 EUR,0.86 W/kg (head)     0.85 W/kg (body),,CDMA 800 / 1900,CDMA2000 1x,GSM 850 / 900 / 1800 / 1900,HSDPA 800 / 850 / 900 / 1700(AWS) / 1900 / 2100,"1, 2, 3, 4, 5, 7, 8, 12, 17, 18, 19, 20, 25, 26, 28, 34, 38, 39, 40, 41, 42, 43, 48, 66","1, 2, 3, 5, 7, 8, 12, 18, 20, 25, 26, 28, 38, 40, 41, 48, 66, 77, 78 SA/NSA",,,"HSPA, LTE, 5G",GSM / CDMA / HSPA / CDMA2000 / LTE / 5G,-25.7 LUFS (Very good),Octa-core (1x3.3 GHz Cortex-X4 & 3x3.2 GHz Cortex-A720 & 2x3.0 GHz Cortex-A720 & 2x2.3 GHz Cortex-A520),Qualcomm SM8650-AB Snapdragon 8 Gen 3 (4 nm),Adreno 750,"Android 15, up to 4 major Android upgrades, Funtouch 15 (International), OriginOS 5 (China)",,"20 MP, f/2.4, 21mm (wide), 1/3.6"", 0.7µm Cover camera: 20 MP, f/2.4, 21mm (wide), 1/3.6"", 0.7µm",1080p@30fps,No,,"Yes, with stereo speakers",,,Yes,,,24-bit/192kHz Hi-Res audio Snapdragon Sound,"Glass front (closed), aluminum frame, glass-fiber reinforced plastic back",,,1916 nits max brightness (measured),AnTuTu: 1883303 (v10) GeekBench: 6483 (v6) 3DMark: 4739 (Wild Life Extreme),,HDR,,,,,,,Active use score 13:21h,
vivo,vivo T4 Lite,,Phone,https://www.gsmarena.com/vivo_t4_lite_5g-13961.php,2026-06-03 06:03 UTC,"2025, June 24",2025.0,"Available. Released 2025, July 02",167.3,77.0,8.2,202.0,6.74,720.0,1600.0,260.0,128GB | 256GB | 64GB,4GB | 6GB | 8GB,50.0,5.0,6000.0,0.91,0.88,,,,,,,About 100 EUR,15W wired,,,Li-Ion 6000 mAh,IP64 dust tight and water resistant (water splashes) MIL-STD-810H compliant* * does not guarantee ruggedness or use in extreme conditions,167.3 x 77 x 8.2 mm (6.59 x 3.03 x 0.32 in),Nano-SIM + Nano-SIM,202 g (7.13 oz),,"5.4, A2DP, LE",No,"GPS, GALILEO, GLONASS, BDS, QZSS",FM radio,"USB Type-C 2.0, OTG","Wi-Fi 802.11 a/b/g/n/ac, dual-band",,,"720 x 1600 pixels, 20:9 ratio (~260 ppi density)","6.74 inches, 109.7 cm 2 (~85.1% screen-to-body ratio)","IPS LCD, 90Hz, 1000 nits (HBM)",,,,,,,,,,,,,"Fingerprint (side-mounted), accelerometer, proximity, compass","2025, June 24","Available. Released 2025, July 02","50 MP, f/1.8, (wide), PDAF Auxiliary lens","LED flash, panorama",,,1080p@30fps,"UFS 2.2 - 128/4, 256/8 eMMC5.1 - 128/6",,microSDXC (dedicated slot),"64GB 4GB RAM, 128GB 4GB RAM, 128GB 6GB RAM, 256GB 8GB RAM",,"Prism Blue, Titanium Gold",V2509,About 100 EUR,0.91 W/kg (head)     0.88 W/kg (body),,,,GSM 850 / 900 / 1800 / 1900,HSDPA 850 / 900 / 2100,"1, 3, 5, 8, 28, 38, 40, 41","1, 3, 5, 8, 28, 38, 40, 77, 78 SA/NSA",,,"HSPA, LTE",GSM / HSPA / LTE / 5G,,Octa-core (2x2.4 GHz Cortex-A76 & 6x2.0 GHz Cortex-A55),Mediatek Dimensity 6300 (6 nm),Mali-G57 MC2,"Android 15, up to 2 major Android upgrades, Funtouch 15",,"5 MP, f/2.2, (wide)",Yes,Yes,,"Yes, with stereo speakers",,,,,,,"Glass front, plastic frame, plastic back",,,,,,,,,,,,,,
vivo,vivo X200 FE,,Phone,https://www.gsmarena.com/vivo_x200_fe_5g-13847.php,2026-06-03 06:03 UTC,"2025, June 23",2025.0,"Available. Released 2025, July 05",150.8,71.8,8.0,186.0,6.31,1216.0,2640.0,461.0,256GB | 512GB,12GB | 16GB,50.0,50.0,6500.0,0.99,0.99,,,,543.0,,,€ 543.00,"90W wired, 100% in 57 min Reverse wired",,,Market-dependent versions: · Si/C Li-Ion 6500 mAh (Global) · Si/C Li-Ion 5300 mAh (Austria only),IP68/IP69 dust tight and water resistant (high pressure water jets; immersible up to 1.5m for 30 min),150.8 x 71.8 x 8 mm (5.94 x 2.83 x 0.31 in),· Nano-SIM + Nano-SIM + eSIM (max 2 at a time) · Nano-SIM + Nano-SIM,186 g (6.56 oz),,"5.4, A2DP, LE, aptX HD",Yes,"GPS, GALILEO, GLONASS, QZSS, BDS",No,"USB Type-C 2.0, OTG","Wi-Fi 802.11 a/b/g/n/ac/6 or 7 (market specific), dual-band",,"Schott Xensation Core or Shield Glass, Mohs level 5","1216 x 2640 pixels, 19.5:9 ratio (~461 ppi density)","6.31 inches, 97.6 cm 2 (~90.2% screen-to-body ratio)","LTPO AMOLED, 1B colors, 120Hz, 2160Hz PWM, HDR10+, 4500 / 5000 nits (peak)","58:09h endurance, 800 cycles",Class B,Class C (100 falls),Class C,,,,,,,,,"Fingerprint (under display, optical), accelerometer, gyro, proximity, compass","2025, June 23","Available. Released 2025, July 05",,"Laser AF, Zeiss optics, Zeiss T* lens coating, LED flash, panorama, HDR",,"50 MP, f/1.9, 23mm (wide), 1/1.56"", 1.0µm, PDAF 50 MP, f/2.7, 70mm (periscope telephoto), 1/1.95"", 0.8µm, multi-directional PDAF (55cm - ∞), OIS, 3x optical zoom 8 MP, f/2.0, 15mm (ultrawide), 1/4.0"", 1.12µm","4K@30/60fps, 1080p@30/60/120fps, gyro-EIS, HDR",UFS 3.1,,No,"256GB 12GB RAM, 512GB 12GB RAM, 512GB 16GB RAM",,"Luxe Grey (Black Luxe), Frost Blue (Blue Breeze), Amber Yellow (Yellow Glow), Pink Vibe",V2503,€ 543.00,0.99 W/kg (head)     0.99 W/kg (body),,,,GSM 850 / 900 / 1800 / 1900,HSDPA 800 / 850 / 900 / 1700(AWS) / 1900 / 2100,"1, 2, 3, 4, 5, 7, 8, 12, 17, 18, 19, 20, 25, 26, 28, 32, 34, 38, 39, 40, 41, 42, 43, 48, 66, 71","1, 3, 5, 7, 8, 20, 26, 28, 38, 40, 41, 71, 77, 78 SA/NSA",,,"HSPA, LTE, 5G",GSM / HSPA / LTE / 5G,-26.5 LUFS (Good),Octa-core (1x3.4 GHz Cortex-X4 & 3x2.85 GHz Cortex-X4 & 4x2.0 GHz Cortex-A720),Mediatek Dimensity 9300+ (4 nm),Immortalis-G720 MC12,"Android 15, up to 4 major Android upgrades, Funtouch 15",,"50 MP, f/2.0, 20mm (wide), 1/2.76"", 0.64µm, PDAF","4K@30/60fps, 1080p",No,,"Yes, with stereo speakers",,,Yes,,,,"Glass front, aluminum frame, glass back",,,1758 nits max brightness (measured),AnTuTu: 1805009 (v10) GeekBench: 6606 (v6) 3DMark: 4645 (Wild Life Extreme),,HDR,,,,,,,Active use score 15:16h,
vivo,vivo Y400 Pro,,Phone,https://www.gsmarena.com/vivo_y400_pro_5g-13941.php,2026-06-03 06:03 UTC,"2025, June 20",2025.0,"Available. Released 2025, June 27",,,,182.0,6.77,1080.0,2392.0,388.0,128GB | 256GB,8GB,50.0,32.0,5500.0,0.9,,0.85,,,,,,About 250 EUR,"90W wired, 50% in 19 min 6W reverse wired",,,Li-Ion 5500 mAh,IP65 dust tight and water resistant (low pressure water jets),163.8 x 75.0 x 7.5 or 7.7 mm,Nano-SIM + Nano-SIM,182 g (6.42 oz),,"5.4, A2DP, LE",No,"GPS, GLONASS, GALILEO, BDS, QZSS",No,"USB Type-C 2.0, OTG","Wi-Fi 802.11 a/b/g/n/ac, dual-band",,,1080 x 2392 pixels (~388 ppi density),"6.77 inches, 110.9 cm 2 (~90.3% screen-to-body ratio)","AMOLED, 120Hz, HDR, 1300 nits (HBM), 4500 nits (peak)",,,,,,,,,,,,,"Fingerprint (under display, optical), accelerometer, gyro, proximity, compass","2025, June 20","Available. Released 2025, June 27","50 MP, f/1.8, (wide), 1/1.95"", 0.8µm, PDAF Auxiliary lens","Ring-LED flash, panorama, HDR",,,"4K@30fps, 1080p@30fps, gyro-EIS",UFS 3.1,,No,"128GB 8GB RAM, 256GB 8GB RAM",,"Fest Gold, Freestyle White, Nebula Purple",,About 250 EUR,0.90 W/kg (head),0.85 W/kg (head),,,GSM 850 / 900 / 1800 / 1900,HSDPA 850 / 900 / 2100,"1, 3, 5, 8, 28, 38, 40, 41","1, 3, 5, 8, 28, 38, 40, 41, 77, 78 SA/NSA",,,"HSPA, LTE, 5G",GSM / HSPA / LTE / 5G,,Octa-core (4x2.5 GHz Cortex-A78 & 4x2.0 GHz Cortex-A55),Mediatek Dimensity 7300 (4 nm),Mali-G615 MC2,"Android 15, Funtouch 15",,"32 MP, f/2.5, (wide)","4K@30fps, 1080p@30fps",No,,"Yes, with stereo speakers",,,Yes,,,24-bit/192kHz Hi-Res & Hi-Res wireless audio,"Glass front, plastic back, plastic frame",,,,,,,,,,,,,,
Xiaomi,Xiaomi Redmi 15 4G,,Phone,https://www.gsmarena.com/xiaomi_redmi_15-14037.php,2026-06-03 06:03 UTC,"2025, August 01",2025.0,"Available. Released 2025, August 01",171.1,82.1,8.6,224.0,6.9,1080.0,2340.0,374.0,128GB | 256GB,4GB | 6GB | 8GB,50.0,8.0,7000.0,,,,,146.0,127.99,140.25,,$ 146.00 / £ 140.25 / € 127.99,33W wired,,,Si/C Li-Ion 7000 mAh,IP64 dust tight and water resistant (water splashes),171.1 x 82.1 x 8.6 mm (6.74 x 3.23 x 0.34 in),Nano-SIM + Nano-SIM,224 g (7.90 oz),,"5.0, A2DP, LE",Yes (market/region dependent),"GPS, GLONASS, GALILEO, BDS",No,USB Type-C 2.0,"Wi-Fi 802.11 b/g/n/ac, dual-band",,Mohs level 6,"1080 x 2340 pixels, 19.5:9 ratio (~374 ppi density)","6.9 inches, 116.9 cm 2 (~83.2% screen-to-body ratio)","IPS LCD, 144Hz","62:06h endurance, 1000 cycles",Class B,Class A (270 falls),Class C,Virtual proximity sensing,,,,,,,,"Fingerprint (side-mounted), accelerometer, compass","2025, August 01","Available. Released 2025, August 01","50 MP, f/1.8, (wide), PDAF Auxiliary lens","LED flash, HDR",,,1080p@30fps,,,microSDXC (uses shared SIM slot),"128GB 4GB RAM, 128GB 6GB RAM, 128GB 8GB RAM, 256GB 8GB RAM",,"Midnight Black, Titan Gray, Sandy Purple","24129PN74G, 25062RN2DE, 25062RN2DA",$ 146.00 / £ 140.25 / € 127.99,,,,,GSM 850 / 900 / 1800 / 1900,HSDPA 850 / 900 / 1900 / 2100,LTE,,,,"HSPA, LTE",GSM / HSPA / LTE,,Octa-core (4x2.8 GHz Cortex-A73 & 4x1.9 GHz Cortex-A53),Qualcomm SM6225 Snapdragon 685 (6 nm),Adreno 610,"Android 15, upgradable to Android 16, HyperOS 3",,"8 MP, f/2.0, (wide)",1080p@30fps,No,,Yes,,,Yes,,,,,,,,,,HDR,,,,,,,,
Xiaomi,Xiaomi Redmi 15,Not to be confused withXiaomi Redmi 15 4GAlso known as Xiaomi Redmi Note 15R in China,Phone,https://www.gsmarena.com/xiaomi_redmi_15_5g-14036.php,2026-06-03 06:03 UTC,"2025, August 01",2025.0,"Available. Released 2025, August 01",169.5,80.5,8.4,217.0,6.9,1080.0,2340.0,374.0,128GB | 256GB,4GB | 6GB | 8GB,50.0,8.0,7000.0,,,1.0,1.0,145.0,150.99,194.0,20499.0,"$ 145.00 / £ 194.00 / € 150.99 / ₹ 20,499","33W wired, PD 2.0, PPS, QC3 18W reverse wired",,,7000 mAh,IP64 dust tight and water resistant (water splashes),169.5 x 80.5 x 8.4 mm (6.67 x 3.17 x 0.33 in),Nano-SIM + Nano-SIM,217 g (7.65 oz),,"5.1, A2DP, LE, aptX",Yes (market/region dependent),"GPS, GLONASS, GALILEO, BDS",No,"USB Type-C 2.0, OTG","Wi-Fi 802.11 a/b/g/n/ac, dual-band, Wi-Fi Direct",,"Corning Gorilla Glass 3, Mohs level 6","1080 x 2340 pixels, 19.5:9 ratio (~374 ppi density)","6.9 inches, 116.9 cm 2 (~85.7% screen-to-body ratio)","IPS LCD, 144Hz, 600 nits (typ), 700 nits (HBM), 850 nits (peak)","67:03h endurance, 1000 cycles",Class B,Class D (45 falls),Class C,Virtual proximity sensing,,,,,,,,"Fingerprint (side-mounted), accelerometer, compass","2025, August 01","Available. Released 2025, August 01","50 MP, f/1.8, (wide), 1/2.88"" 0.61μm, PDAF Auxiliary lens","LED flash, HDR",,,1080p@30fps,UFS 2.2,,microSDXC (uses shared SIM slot),"128GB 4GB RAM, 128GB 6GB RAM, 128GB 8GB RAM, 256GB 4GB RAM, 256GB 8GB RAM",,"Midnight Black, Titan Gray, Ripple Green",25057RN09E,"$ 145.00 / £ 194.00 / € 150.99 / ₹ 20,499",,1.00 W/kg (head)     1.00 W/kg (body),,,GSM 850 / 900 / 1800 / 1900,HSDPA 800 / 850 / 900 / 1700(AWS) / 1900 / 2100,"1, 2, 3, 4, 5, 7, 8, 12, 13, 17, 18, 19, 20, 26, 28, 32, 38, 40, 41, 42, 48, 66, 71","1, 2, 3, 5, 7, 8, 12, 20, 26, 28, 38, 40, 41, 48, 66, 77, 78, 71 SA/NSA",,,"HSPA, LTE, 5G",GSM / HSPA / LTE / 5G,,Octa-core (2x2.3 GHz Cortex-A78 & 6x2.0 GHz Cortex-A55),Qualcomm SM6375 Snapdragon 6s Gen 3 (6 nm),Adreno 619,"Android 15, upgradable to Android 16, HyperOS 3",,"8 MP, f/2.0, (wide)",1080p@30fps,No,,Yes,,,Yes,,,24-bit/192kHz Hi-Res audio,"Glass front (Gorilla Glass 3), plastic frame, plastic back",,,,AnTuTu: 459712 (v10) GeekBench: 2179 (v6) 3DMark: 421 (Wild Life Extreme),,HDR,,,,,,,,
Xiaomi,Xiaomi Redmi 15C 4G,Not to be confused withXiaomi Redmi 15C 5G,Phone,https://www.gsmarena.com/xiaomi_redmi_15c_4g-14005.php,2026-06-03 06:03 UTC,"2025, August 01",2025.0,"Available. Released 2025, August 01",171.6,79.5,8.0,205.0,6.9,720.0,1600.0,254.0,128GB | 256GB,4GB | 6GB | 8GB,50.0,8.0,6000.0,,,0.85,0.94,119.5,104.99,110.0,,$ 119.50 / £ 110.00 / € 104.99,"33W wired, PD",,,6000 mAh,IP64 dust tight and water resistant (water splashes),171.6 x 79.5 x 8 mm (6.76 x 3.13 x 0.31 in),Nano-SIM + Nano-SIM,205 g (7.23 oz),,"5.4, A2DP, LE",Yes (market/region dependent),"GPS, GLONASS, GALILEO, BDS",FM radio,"USB Type-C 2.0, OTG","Wi-Fi 802.11 a/b/g/n/ac, dual-band",,Corning Gorilla Glass 3,"720 x 1600 pixels, 20:9 ratio (~254 ppi density)","6.9 inches, 114.9 cm 2 (~84.3% screen-to-body ratio)","IPS LCD, 120Hz",,,,,Virtual proximity sensing,,,,,,,,"Fingerprint (side-mounted), accelerometer, compass","2025, August 01","Available. Released 2025, August 01","50 MP, f/1.8, 28mm (wide), 1/2.76"", 0.64µm, PDAF Auxiliary lens","LED flash, HDR",,,1080p@30fps,,,microSDXC (dedicated slot),"128GB 4GB RAM, 128GB 6GB RAM, 128GB 8GB RAM, 256GB 4GB RAM, 256GB 8GB RAM",,"Moonlight Blue, Mint Green, Midnight Gray, Twilight Orange","25078RA3EA, 25078RA3EL, 25078RA3EY",$ 119.50 / £ 110.00 / € 104.99,,0.85 W/kg (head)     0.94 W/kg (body),,,GSM 850 / 900 / 1800 / 1900,HSDPA 850 / 900 / 2100,LTE,,,,"HSPA, LTE",GSM / HSPA / LTE,,Octa-core (2x2.0 GHz Cortex-A75 & 6x1.8 GHz Cortex-A55),Mediatek Helio G81 Ultra (12 nm),Mali-G52 MC2,"Android 15, HyperOS 2",,"8 MP, f/2.0, (wide), 1/4.0"", 1.12µm",1080p@30fps,Yes,,Yes,,,,,,,"Glass front (Gorilla Glass 3), plastic frame, glass back or silicone polymer (eco leather) back",,,,,,HDR,,,,,,,,
Xiaomi,Xiaomi Redmi K80 Ultra,Also known as Redmi K80 Extreme Edition,Phone,https://www.gsmarena.com/xiaomi_redmi_k80_ultra_5g-13965.php,2026-06-03 06:03 UTC,"2025, June 26",2025.0,"Available. Released 2025, June 26",163.1,77.9,8.2,219.0,6.83,1280.0,2772.0,447.0,1TB | 256GB | 512GB,12GB | 16GB,50.0,20.0,7410.0,,,,,,,,,About 310 EUR,"100W wired, PD3.0 Bypass charging",,,Si/C Li-Ion 7410 mAh,IP68 dust tight and water resistant (immersible up to 2m for 30 min),163.1 x 77.9 x 8.2 mm (6.42 x 3.07 x 0.32 in),Nano-SIM + Nano-SIM,219 g (7.72 oz),,"5.4, A2DP, LE, LHDC 5",Yes,"GPS (L1+L5), BDS (B1I+B1C+B2a+B2b), GALILEO (E1+E5a+E5b), QZSS (L1+L5), NavIC, GLONASS",Unspecified,USB Type-C,"Wi-Fi 802.11 a/b/g/n/ac/6/7, dual-band, Wi-Fi Direct",,Scratch/drop-resistant glass,"1280 x 2772 pixels, 19.5:9 ratio (~447 ppi density)","6.83 inches, 114.5 cm 2 (~90.2% screen-to-body ratio)","OLED, 68B colors, 144Hz, Dolby Vision, HDR10+, HDR Vivid, 1800 nits (HBM), 3200 nits (peak)",,,,,,,,,,,,,"Fingerprint (under display, ultrasonic), accelerometer, gyro, proximity, compass","2025, June 26","Available. Released 2025, June 26","50 MP, f/1.9, 23mm (wide), 1/1.55"", 1.0µm, PDAF, OIS 8 MP, 119˚ (ultrawide), 1/4.0"", 1.12µm","Color spectrum sensor, Dual-LED dual-tone flash, HDR, panorama",,,"8K@30fps, 4K@30/60fps, 1080p@30/60/120/240/960fps, gyro-EIS",UFS 4.1,,No,"256GB 12GB RAM, 256GB 16GB RAM, 512GB 12GB RAM, 512GB 16GB RAM, 1TB 16GB RAM",,"Gray, White, Blue, Green",,About 310 EUR,,,CDMA 800,CDMA2000 1x,GSM 850 / 900 / 1800 / 1900,HSDPA 800 / 850 / 900 / 1700(AWS) / 2100,"1, 3, 4, 5, 7, 8, 18, 19, 26, 28, 34, 38, 39, 40, 41, 42, 48, 66","1, 3, 5, 7, 8, 26, 28, 38, 40, 41, 48, 66, 77, 78 SA/NSA",,,"HSPA, LTE, 5G",GSM / CDMA / HSPA / CDMA2000 / LTE / 5G,,Octa-core (1x3.63 GHz Cortex-X925 & 3x3.3 GHz Cortex-X4 & 4x2.4 GHz Cortex-A720),Mediatek Dimensity 9400+ (3 nm),Immortalis-G925,"Android 15, HyperOS 2",,"20 MP, (wide), 1/2.0"", 0.8µm",1080p@30/60fps,No,,"Yes, with stereo speakers",,,Yes,,,24-bit/192kHz Hi-Res & Hi-Res Wireless audio,"Glass front, aluminum frame",,,,,,HDR,,,,,,,,
Xiaomi,Xiaomi Mix Flip 2,,Phone,https://www.gsmarena.com/xiaomi_mix_flip_2_5g-13980.php,2026-06-03 06:03 UTC,"2025, June 26",2025.0,"Available. Released 2025, June 26",166.9,73.8,7.6,199.0,6.86,1224.0,2912.0,460.0,1TB | 256GB | 512GB,12GB | 16GB,50.0,32.0,5165.0,,,,,,,,,About 720 EUR,"67W wired, PD3.0, QC4 50W wireless",,,Si/C Li-Ion 5165 mAh,,Unfolded: 166.9 x 73.8 x 7.6 mm Folded: 86.1 x 73.8 x 15.9 mm,Nano-SIM + Nano-SIM,199 g (7.02 oz),,"5.4, A2DP, LE, aptX HD, aptX Adaptive, LHDC",Yes,"GPS (L1+L5), BDS (B1I+B1c+B2a), GALILEO (E1+E5a), QZSS (L1+L5), NavIC (L5), GLONASS",No,USB Type-C 2.0,"Wi-Fi 802.11 a/b/g/n/ac/6/7, dual-band, Wi-Fi Direct","Second external AMOLED, 68B colors, Dolby Vision, HDR10+, HDR Vivid, 120Hz, 1600 nits (HBM), 3200 nits (peak) 4 inches, 1392 x 1208 pixels, 460 ppi Xiaomi Shield Glass",,1224 x 2912 pixels (~460 ppi density),"6.86 inches, 108.5 cm 2 (~88.1% screen-to-body ratio)","Foldable LTPO AMOLED, 1B colors, Dolby Vision, HDR10+, HDR Vivid, 120Hz, 3200 nits (peak)",,,,,,,,,,,,,"Fingerprint (side-mounted), accelerometer, gyro, proximity, compass, barometer","2025, June 26","Available. Released 2025, June 26","50 MP, f/1.7, 23mm (wide), 1/1.55"", 1.0µm, dual pixel PDAF, OIS 50 MP, f/2.2, 14mm, 115˚ (ultrawide), PDAF","Color spectrum sensor, LED flash, panorama, HDR, Leica lenses",,,"8K@24fps, 4K@30/60fps, 1080p@30/60/120/240/960fps, Dolby Vision HDR",UFS 4.1,,No,"256GB 12GB RAM, 512GB 12GB RAM, 1TB 16GB RAM",,"White, Purple, Green, Checkered Gold",2505APX7BC,About 720 EUR,,,CDMA 800,CDMA2000 1x,GSM 900 / 1800 / 1900,HSDPA 800 / 850 / 900 / 1700(AWS) / 1900 / 2100,"1, 2, 3, 4, 5, 7, 8, 12, 17, 18, 19, 20, 26, 28, 34, 38, 39, 40, 41, 42, 48, 66","1, 2, 3, 5, 7, 8, 12, 20, 26, 28, 38, 40, 41, 48, 66, 77, 78, 80, 81, 83, 84, 89 SA/NSA",,,"HSPA, LTE, 5G",GSM / CDMA / HSPA / CDMA2000 / LTE / 5G,,Octa-core (2x4.32 GHz Oryon V2 Phoenix L + 6x3.53 GHz Oryon V2 Phoenix M),Qualcomm SM8750-AB Snapdragon 8 Elite (3 nm),Adreno 830,"Android 15, HyperOS 2",,"32 MP, f/2.0, 21mm (wide), 0.7µm","4K@30/60fps, 1080p@30/60fps",No,,"Yes, with stereo speakers",,,Yes,,,24-bit/192kHz Hi-Res & Hi-Res Wireless audio,,,,,,,Dolby Vision HDR,,,,,,,,
Xiaomi,Xiaomi Watch S4 41mm,,Watch,https://www.gsmarena.com/xiaomi_watch_s4_41mm-13981.php,2026-06-03 06:03 UTC,"2025, June 26",2025.0,"Available. Released 2025, June 26",41.2,41.2,9.5,32.0,1.32,466.0,466.0,320.0,,,,,320.0,,,,,,,,,About 120 EUR,,,,Li-Po 320 mAh,Waterproof (5ATM),41.2 x 41.2 x 9.5 mm (1.62 x 1.62 x 0.37 in),No,32 g (1.13 oz),No,"5.4, A2DP, LE",Yes (market/region dependent),"GPS, GLONASS, GALILEO, BDS, QZSS",No,No,No,,Scratch/drop-proof glass,466 x 466 pixels (~320 ppi density),1.32 inches,"AMOLED, 1500 nits (HBM), 2200 nits (peak)",,,,,,,,,,,,,"Accelerometer, gyro, compass, barometer, heart rate, SpO2, thermometer (skin temperature)","2025, June 26","Available. Released 2025, June 26",,,,,,,,No,Unspecified,,"Black, Green, White, Gold",M2502W1,About 120 EUR,,,,,,,,,No,No,,No cellular connectivity,,,,,HyperOS 2,,,,No,,Yes,,,,,,,Stainless steel bezel and frame,,,,,,,,,,,,,,
Xiaomi,Xiaomi Pad 7S Pro 12.5,,Tablet,https://www.gsmarena.com/xiaomi_pad_7s_pro_12_5-13968.php,2026-06-03 06:03 UTC,"2025, June 26",2025.0,"Available. Released 2025, June 26",279.1,192.0,5.8,576.0,12.5,2136.0,3200.0,308.0,1TB | 256GB | 512GB,12GB | 16GB | 8GB,50.0,32.0,10610.0,,,,,,,,,About 400 EUR,"120W wired, PD3.0, QC3+ 7.5W reverse wired",,,10610 mAh,Stylus support (magnetic),279.1 x 192 x 5.8 mm (10.99 x 7.56 x 0.23 in),No,576 g or 585 g (1.27 lb),,"5.4, A2DP, LE, LHDC 5",No,No,No,"USB Type-C 3.2, OTG, magnetic accessory connector","Wi-Fi 802.11 a/b/g/n/ac/6e/7, dual-band, Wi-Fi Direct",,Corning Gorilla Glass 5 or Panda-X,"2136 x 3200 pixels, 3:2 ratio (~308 ppi density)","12.5 inches, 465.5 cm 2 (~86.9% screen-to-body ratio)","IPS LCD, 68B colors, 144Hz, HDR10, HDR Vivid, Dolby Vision, 1000 nits (peak)",,,,,,,,,,,,,"Fingerprint (side-mounted), accelerometer, gyro, proximity, compass","2025, June 26","Available. Released 2025, June 26",,"LED flash, HDR","50 MP, f/1.8, (wide), 1/2.76"", 0.64µm, PDAF",,"4K@30/60fps, 1080p@30/60fps",UFS 4.1,,No,"256GB 8GB RAM, 256GB 12GB RAM, 512GB 12GB RAM, 512GB 16GB RAM, 1TB 16GB RAM",,"Black, Purple, Titanium Silver, Basalt Gray",,About 400 EUR,,,,,,,,,,,,No cellular connectivity,,10-core (2x3.4GHz Cortex-X925 & 4x3.4GHz Cortex-A725 & 2x1.9GHz Cortex-A725 & 2x1.8GHz Cortex-A520),Xring O1 (3 nm),Immortalis-G925 MP16,"Android 15, HyperOS 2",,"32 MP, f/2.2, 19mm (ultrawide), 1/3.6"", 0.61µm",1080p@30fps,No,,"Yes, with stereo speakers (6 speakers, with Dolby Atmos)",,,Yes,,,24-bit/192kHz Hi-Res & Hi-Res Wireless audio,"Glass front, aluminum frame, aluminum back",,,,,,HDR,,,,,,,,
Tecno,Tecno Camon 16 Pro,,Phone,https://www.gsmarena.com/tecno_camon_16_pro-10634.php,2026-06-03 06:03 UTC,"2020, September 04. Released 2020, September",2020.0,Discontinued,170.9,77.2,9.2,207.0,6.8,720.0,1640.0,263.0,128GB,4GB | 6GB,64.0,16.0,5000.0,,,,,,,,,About 150 EUR,18W wired,,,5000 mAh,,170.9 x 77.2 x 9.2 mm (6.73 x 3.04 x 0.36 in),Nano-SIM + Nano-SIM,207 g (7.30 oz),,"5.0, A2DP, LE",No,"GPS, GLONASS, GALILEO, BDS",FM radio,"USB Type-C 2.0, OTG","Wi-Fi 802.11 b/g/n/ac, dual-band, Wi-Fi Direct",,Corning Gorilla Glass 3,720 x 1640 pixels (~263 ppi density),"6.8 inches, 109.8 cm 2 (~83.2% screen-to-body ratio)",IPS LCD,,,,,,,,,,,,,"Fingerprint (rear-mounted), accelerometer, proximity, compass","2020, September 04. Released 2020, September",Discontinued,,"Penta-LED flash, panorama, HDR",,,1080p@30fps,,,Unspecified,"128GB 4GB RAM, 128GB 6GB RAM",,"Onyx Black, Ice Crystal Blue",,About 150 EUR,,,"1, 3, 7, 8, 20, 28",,GSM 850 / 900 / 1800 / 1900,HSDPA 900 / 2100,"1, 3, 5, 7, 8, 20, 28, 38, 40, 41",,,,"HSPA, LTE",GSM / HSPA / LTE,,Octa-core (2x2.0 GHz Cortex-A75 & 6x1.7 GHz Cortex-A55),Mediatek MT6769V/CB Helio G70 (12 nm),Mali-G52 2EEMC2,"Android 10, HIOS 7.0",,,1080p@30fps,Yes,,Yes,,,,,,,,"64 MP, f/1.8, 26mm (wide), 1/2.0"", 0.7µm, PDAF 8 MP, f/2.3, 119˚ (ultrawide), 1/4.0"", 1.12µm 2 MP (macro) 4th unknown camera",,,,"16 MP, f/2.0, 27mm (wide), 1/3.0"", 1.0µm 2nd unknown camera","Dual-LED flash, HDR",,,,,,,,
Tecno,Tecno Camon 16 S,,Phone,https://www.gsmarena.com/tecno_camon_16_s-10635.php,2026-06-03 06:03 UTC,"2020, November 05. Released 2020, November 05",2020.0,Discontinued,164.5,76.5,9.0,,6.6,720.0,1600.0,266.0,128GB,4GB,48.0,8.0,5000.0,,,,,,,,,About 130 EUR,,,,5000 mAh,,164.5 x 76.5 x 9 mm (6.48 x 3.01 x 0.35 in),Nano-SIM + Nano-SIM,-,,"5.0, A2DP, LE",No,GPS,FM radio,microUSB 2.0,"Wi-Fi 802.11 b/g/n/ac, dual-band, Wi-Fi Direct",,Corning Gorilla Glass 3,"720 x 1600 pixels, 20:9 ratio (~266 ppi density)","6.6 inches, 105.2 cm 2 (~83.6% screen-to-body ratio)",IPS LCD,,,,,,,,,,,,,"Fingerprint (rear-mounted), accelerometer, proximity","2020, November 05. Released 2020, November 05",Discontinued,,"Quad-LED flash, panorama, HDR",,,1080p@30fps,,,Unspecified,128GB 4GB RAM,,"Ice Jadeite, Misty Grey, Blue Hawaii",,About 130 EUR,,,,,GSM 850 / 900 / 1800 / 1900,HSDPA 900 / 2100,"1, 3, 7, 8, 20, 28",,,,"HSPA, LTE",GSM / HSPA / LTE,,Octa-core 2.0 GHz Cortex-A53,Mediatek MT6762 Helio P22 (12 nm),PowerVR GE8320,"Android 10, HIOS 6.2",,8 MP,1080p@30fps,Yes,,Yes,,,,,,,,"48 MP, f/1.8, (wide), 1/2.0"", 0.8µm, PDAF 2 MP (macro) Auxiliary lenses",,,,,Dual-LED flash,,,,,,,,
Tecno,Tecno Camon 12,,Phone,https://www.gsmarena.com/tecno_camon_12-9864.php,2026-06-03 06:03 UTC,"2019, August. Released 2019, August",2019.0,Discontinued,166.0,75.8,8.2,170.7,6.52,720.0,1600.0,269.0,64GB,4GB,16.0,16.0,4000.0,,,,,,,,,,,,,"4000 mAh, non-removable",,166 x 75.8 x 8.2 mm (6.54 x 2.98 x 0.32 in),Nano-SIM + Nano-SIM,170.7 g (6.03 oz),,"5.0, A2DP, LE",No,GPS,FM radio,microUSB 2.0,Wi-Fi 802.11 a/b/g/n,,,"720 x 1600 pixels, 20:9 ratio (~269 ppi density)","6.52 inches, 102.6 cm 2 (~81.6% screen-to-body ratio)",IPS LCD,,,,,,,,,,,,,"Fingerprint (rear-mounted), accelerometer, proximity","2019, August. Released 2019, August",Discontinued,,"Quad-LED flash, panorama, HDR",,"16 MP, PDAF 8 MP Auxiliary lens",1080p@30fps,eMMC 5.1,,microSDXC (dedicated slot),64GB 4GB RAM,,"Dawn Blue, Dark Jade, Sky Cyan",CC7S,,,,,,GSM 850 / 900 / 1800 / 1900,HSDPA 850 / 900 / 1700(AWS) / 1900 / 2100,"1, 2, 3, 4, 5, 7, 8, 20, 28",,,,"HSPA 42.2/5.76 Mbps, LTE Cat4 150/50 Mbps",GSM / HSPA / LTE,,Octa-core 2.0 GHz Cortex-A53,Mediatek MT6762 Helio P22 (12 nm),PowerVR GE8320,"Android 9.0 (Pie), HIOS 5.5",,"16 MP, f/1.8, 26mm (wide), 1/3.06"", 1.0µm",1080p@30fps,Yes,,Yes,,,,,,,"Glass front, plastic back, plastic frame",,,,,,HDR,,,,,,,,
Tecno,Tecno Pouvoir 3 Air,,Phone,https://www.gsmarena.com/tecno_pouvoir_3_air-9868.php,2026-06-03 06:03 UTC,"2019, August. Released 2019, August",2019.0,Discontinued,163.0,78.2,9.3,,6.0,480.0,960.0,179.0,16GB,1GB,8.0,8.0,5000.0,,,,,,,,,,,,,"5000 mAh, non-removable",,163 x 78.2 x 9.3 mm (6.42 x 3.08 x 0.37 in),Nano-SIM + Nano-SIM,-,,"5.0, A2DP, LE",No,GPS,FM radio,microUSB 2.0,Wi-Fi 802.11 b/g/n,,,"480 x 960 pixels, 18:9 ratio (~179 ppi density)","6.0 inches, 92.9 cm 2 (~72.9% screen-to-body ratio)",IPS LCD,,,,,,,,,,,,,"Fingerprint (rear-mounted), accelerometer","2019, August. Released 2019, August",Discontinued,,LED flash,"8 MP, AF",,1080p@30fps,eMMC 5.1,,microSDXC (dedicated slot),16GB 1GB RAM,,"Champagne Gold, Midnight Black, Aqua Blue",,,,,"3, 7, 20",,GSM 850 / 900 / 1800 / 1900,HSDPA 850 / 900 / 2100,"1, 3, 5, 8, 38, 40, 41",,,,"HSPA 42.2/5.76 Mbps, LTE Cat4 150/50 Mbps",GSM / HSPA / LTE,,Quad-core 2.0 GHz Cortex-A53,Mediatek MT6761 Helio A22 (12 nm),PowerVR GE8320,"Android 9.0 Pie (Go edition), HIOS 5.0",,8 MP,1080p@30fps,Yes,,Yes,,,,,,,,,,,,,LED flash,,,,,,,,
Tecno,Tecno Pouvoir 3 Plus,,Phone,https://www.gsmarena.com/tecno_pouvoir_3_plus-9867.php,2026-06-03 06:03 UTC,"2019, August. Released 2019, August",2019.0,Discontinued,159.0,76.0,9.2,,6.35,720.0,1548.0,269.0,64GB,6GB,32.0,13.0,6000.0,,,,,,,,,,,,,"6000 mAh, non-removable",,159 x 76 x 9.2 mm (6.26 x 2.99 x 0.36 in),Nano-SIM + Nano-SIM,-,,"5.0, A2DP, LE",No,GPS,FM radio,USB Type-C 2.0,Wi-Fi 802.11 b/g/n,,,720 x 1548 pixels (~269 ppi density),"6.35 inches, 99.5 cm 2 (~82.3% screen-to-body ratio)",AMOLED,,,,,,,,,,,,,"Fingerprint (rear-mounted), accelerometer, proximity, compass","2019, August. Released 2019, August",Discontinued,,"Dual-LED flash, HDR, panorama","32 MP, AF",,1080p@30fps,eMMC 5.1,,microSDXC (dedicated slot),64GB 6GB RAM,,"Gold, Black, Blue","LB8, LB8a",,,,"1, 3, 5, 8, 38, 40, 41","3, 7, 20",GSM 850 / 900 / 1800 / 1900,HSDPA 850 / 900 / 2100,"1, 3, 7, 8, 20, 28",,,,"HSPA 42.2/5.76 Mbps, LTE Cat4 150/50 Mbps",GSM / HSPA / LTE,,Octa-core 2.0 GHz Cortex-A53,Mediatek MT6762 Helio P22 (12 nm),PowerVR GE8320,"Android 9.0 (Pie), HIOS 5.0",,"13 MP, 1/3.1"", 1.12µm",1080p@30fps,Yes,,Yes,,,,,,,"Glass front, plastic back, plastic frame",,,,,,"Dual-LED flash, HDR",,,,,,,,
Ulefone,Ulefone Armor 9,,Phone,https://www.gsmarena.com/ulefone_armor_9-10322.php,2026-06-03 06:03 UTC,"2020, June 29. Released 2020, June 29",2020.0,Discontinued,168.2,82.0,15.0,320.0,6.3,1080.0,2340.0,409.0,128GB,8GB,64.0,8.0,6600.0,,,,,,,,,About 550 EUR,18W wired,,,Li-Po 6600 mAh,IP68/IP69K dust tight and water resistant (high pressure water jets; immersible up to 1.5m for 30 min) Drop resistant up to 1.2m MIL-STD-810G compliant,168.2 x 82 x 15 mm (6.62 x 3.23 x 0.59 in),Nano-SIM + Nano-SIM,320 g (11.29 oz),,"5.0, A2DP, LE",Yes,"GPS, GLONASS, GALILEO, BDS","FM radio, RDS, recording","USB Type-C 2.0, OTG, accessory connector (endoscope)","Wi-Fi 802.11 a/b/g/n/ac, Wi-Fi Direct",,"Scratch-resistant glass, oleophobic coating","1080 x 2340 pixels, 19.5:9 ratio (~409 ppi density)","6.3 inches, 97.4 cm 2 (~70.6% screen-to-body ratio)",IPS LCD,,,,,,,,,,,,,"Fingerprint (side-mounted), accelerometer, gyro, proximity, compass, baroceptor, coulombmeter","2020, June 29. Released 2020, June 29",Discontinued,,"Thermal imaging, heat palettes, temp. spot meter, quad-LED flash, panorama",,"64 MP, f/1.9, 26mm (wide), 1/1.72"", 0.8µm, PDAF FLIR thermal camera (Lepton module) Auxiliary lens",1080p@30fps,UFS 2.1,,microSDXC (uses shared SIM slot),128GB 8GB RAM,,Black,,About 550 EUR,,,CDMA 800 / 1900,CDMA2000 1xEV-DO,GSM 850 / 900 / 1800 / 1900,HSDPA 850 / 900 / 1700(AWS) / 1900 / 2100,"1, 2, 3, 4, 5, 7, 8, 12, 13, 17, 18, 19, 20, 25, 26, 28, 34, 38, 39, 40, 41, 66",,,,"HSPA 42.2/11.5 Mbps, LTE Cat12 600/150 Mbps",GSM / CDMA / HSPA / EVDO / LTE,-30.1 LUFS (Below average),Octa-core (2x2.2 GHz Cortex-A75 & 6x2.0 GHz Cortex-A55),Mediatek MT6779 Helio P90 (12 nm),PowerVR GM9446,Android 10,,"8 MP, f/2.2",1080p@30fps,Yes,,Yes,,,,,Photo / Video,,"Front glass, aluminum back with rubber, aluminum frame",,Endurance rating 148h,Contrast ratio: 1541:1 (nominal),AnTuTu: 197000 (v8) GeekBench: 1498 (v5.1) GFXBench: 7.9fps (ES 3.1 onscreen),,,,,,,,,,
Ulefone,Ulefone Note 8P,,Phone,https://www.gsmarena.com/ulefone_note_8p-10294.php,2026-06-03 06:03 UTC,"2020, June 08. Released 2020, June 08",2020.0,Discontinued,141.7,66.5,12.0,153.0,5.5,442.0,960.0,192.0,16GB,2GB,8.0,5.0,2700.0,1.11,1.11,,,,,,,About 70 EUR,,,,Li-Ion 2700 mAh,,141.7 x 66.5 x 12 mm (5.58 x 2.62 x 0.47 in),Nano-SIM + Micro-SIM,153 g (5.40 oz),,"4.2, A2DP, LE",No,GPS,"Stereo FM radio, RDS, recording",microUSB 2.0,"Wi-Fi 802.11 a/b/g/n, Wi-Fi Direct",,,"442 x 960 pixels, 19.5:9 ratio (~192 ppi density)","5.5 inches, 74.1 cm 2 (~78.7% screen-to-body ratio)",IPS LCD,,,,,,,,,,,,,Accelerometer,"2020, June 08. Released 2020, June 08",Discontinued,"8 MP, f/2.0, AF 2 MP","LED flash, HDR",,,720p@30fps,eMMC 5.1,,microSDXC (dedicated slot),16GB 2GB RAM,,"Black, Amber Sunrise, Midnight Green",,About 70 EUR,1.11 W/kg (head)     1.11 W/kg (body),,,,GSM 850 / 900 / 1800 / 1900,HSDPA 850 / 900 / 1900 / 2100,"1, 3, 7, 8, 20",,,,"HSPA 21.1/5.76 Mbps, LTE Cat4 150/50 Mbps",GSM / HSPA / LTE,,Quad-core 1.3 GHz Cortex-A53,Mediatek MT6737 (28 nm),Mali-T720MP1,Android 10 (Go edition),,"5 MP, f/2.2",720p@30fps,Yes,,Yes,,,,,,,,,,,,,,,,,,,,,
Ulefone,Ulefone Armor X7 Pro,,Phone,https://www.gsmarena.com/ulefone_armor_x7_pro-10293.php,2026-06-03 06:03 UTC,"2020, June 08. Released 2020, June 08",2020.0,Discontinued,150.0,78.9,14.6,234.0,5.0,720.0,1280.0,294.0,32GB,4GB,13.0,5.0,4000.0,0.8,0.79,,,,,,,About 110 EUR,,,,Li-Po 4000 mAh,IP68/IP69K dust tight and water resistant (high pressure water jets; immersible up to 1.5m for 30 min) Drop resistant up to 1.2m MIL-STD-810G compliant,150 x 78.9 x 14.6 mm (5.91 x 3.11 x 0.57 in),Nano-SIM + Nano-SIM,234 g (8.25 oz),,"5.0, A2DP, LE",Yes,"GPS, GLONASS, GALILEO",FM radio,microUSB 2.0,"Wi-Fi 802.11 a/b/g/n/ac, Wi-Fi Direct",,,"720 x 1280 pixels, 16:9 ratio (~294 ppi density)","5.0 inches, 68.9 cm 2 (~58.2% screen-to-body ratio)",IPS LCD,,,,,,,,,,,,,"Fingerprint (rear-mounted), accelerometer, proximity, compass","2020, June 08. Released 2020, June 08",Discontinued,"13 MP, f/2.2, (wide), AF Auxiliary lens",Dual-LED flash,,,1080p@30fps,eMMC 5.1,,microSDXC (uses shared SIM slot),32GB 4GB RAM,,"Black, Orange",,About 110 EUR,0.80 W/kg (head)     0.79 W/kg (body),,,,GSM 850 / 900 / 1800 / 1900,HSDPA 850 / 900 / 1700(AWS) / 1900 / 2100,"1, 2, 3, 4, 5, 7, 8, 12, 17, 19, 20",,,,"HSPA 42.2/11.5 Mbps, LTE Cat6 300/150 Mbps",GSM / HSPA / LTE,,Quad-core 1.8 GHz Cortex-A53,Mediatek MT6761 Helio A20 (12 nm),PowerVR GE8320,Android 10,,"5 MP, f/2.2",720p@30fps,Yes,,Yes,,,,,,,,,,,,,,,,,,,,,
Ulefone,Ulefone Armor 7E,,Phone,https://www.gsmarena.com/ulefone_armor_7e-10165.php,2026-06-03 06:03 UTC,"2020, March 30. Released 2020, March 30",2020.0,Discontinued,165.9,81.0,13.6,290.0,6.3,1080.0,2340.0,409.0,128GB,4GB,48.0,16.0,5500.0,,,,,,,,,About 250 EUR,15W wired 10W wireless,,,Li-Po 5500 mAh,IP68 dust tight and water resistant Drop resistant up to 1.2m MIL-STD-810G compliant,165.9 x 81 x 13.6 mm (6.53 x 3.19 x 0.54 in),Nano-SIM + Nano-SIM,290 g (10.23 oz),,"5.0, A2DP, LE",Yes,"GPS, GLONASS, GALILEO, BDS","Stereo FM radio, RDS, recording","USB Type-C 2.0, OTG","Wi-Fi 802.11 a/b/g/n/ac, dual-band, Wi-Fi Direct",,,"1080 x 2340 pixels, 19.5:9 ratio (~409 ppi density)","6.3 inches, 97.4 cm 2 (~72.5% screen-to-body ratio)",IPS LCD,,,,,,,,,,,,,"Fingerprint (side-mounted), accelerometer, gyro, proximity, compass, heart rate, baroceptor, coulombmeter","2020, March 30. Released 2020, March 30",Discontinued,,"5-LED flash, HDR, panorama",,"48 MP, f/1.7, (wide), 1/2.0"", 0.8µm, PDAF 2 MP (macro) Auxiliary lens","4K@30fps, 1080p@30fps",,,microSDXC (uses shared SIM slot),128GB 4GB RAM,,Black,,About 250 EUR,,,CDMA 800 / 1900,CDMA2000 1xEV-DO,GSM 850 / 900 / 1800 / 1900,HSDPA 850 / 900 / 1700(AWS) / 1900 / 2100,"1, 2, 3, 4, 5, 7, 8, 12, 13, 17, 18, 19, 20, 25, 26, 28, 34, 38, 39, 40, 41, 66, 71",,,,"HSPA 42.2/11.5 Mbps, LTE (2CA) Cat13 600/150 Mbps",GSM / CDMA / HSPA / EVDO / LTE,,Octa-core (2x2.2 GHz Cortex-A75 & 6x2.0 GHz Cortex-A55),Mediatek MT6779 Helio P90 (12 nm),PowerVR GM9446,Android 9.0 (Pie),,"16 MP, f/2.0, (wide), 1/3.06"", 1.0µm",1080p@30fps,No,,Yes,,,,,,,,,,,,,,,,,,,,,
Ulefone,Ulefone Armor X7,,Phone,https://www.gsmarena.com/ulefone_armor_x7-10141.php,2026-06-03 06:03 UTC,"2020, March 19. Released 2020, March 19",2020.0,Discontinued,150.0,78.9,14.6,234.0,5.0,720.0,1280.0,294.0,16GB,2GB,13.0,5.0,4000.0,,,,,,,,,About 80 EUR,,,,Li-Po 4000 mAh,IP68/IP69K dust tight and water resistant (high pressure water jets; immersible up to 1.5m for 30 min) Drop resistant up to 1.2m MIL-STD-810G compliant,150 x 78.9 x 14.6 mm (5.91 x 3.11 x 0.57 in),Nano-SIM + Nano-SIM,234 g (8.25 oz),,"5.0, A2DP, LE",Yes,"GPS, GLONASS, GALILEO",FM radio,microUSB 2.0,"Wi-Fi 802.11 a/b/g/n/ac, Wi-Fi Direct",,,"720 x 1280 pixels, 16:9 ratio (~294 ppi density)","5.0 inches, 68.9 cm 2 (~58.2% screen-to-body ratio)",IPS LCD,,,,,,,,,,,,,"Fingerprint (rear-mounted), accelerometer, proximity, compass","2020, March 19. Released 2020, March 19",Discontinued,,Dual-LED flash,"13 MP, f/2.2, (wide), AF",,1080p@30fps,eMMC 5.1,,microSDXC (uses shared SIM slot),16GB 2GB RAM,,"Black, Orange",,About 80 EUR,,,,,GSM 850 / 900 / 1800 / 1900,HSDPA 850 / 900 / 1700(AWS) / 1900 / 2100,"1, 2, 3, 4, 5, 7, 8, 12, 17, 19, 20",,,,"HSPA 42.2/11.5 Mbps, LTE Cat6 300/150 Mbps",GSM / HSPA / LTE,,Quad-core 1.8 GHz Cortex-A53,Mediatek MT6761 Helio A20 (12 nm),PowerVR GE8320,Android 10,,"5 MP, f/2.2",720p@30fps,Yes,,Yes,,,,,,,,,,,,,,,,,,,,,
Ulefone,Ulefone Armor 7,,Phone,https://www.gsmarena.com/ulefone_armor_7-10020.php,2026-06-03 06:03 UTC,"2019, October. Released 2019, October",2019.0,Discontinued,165.9,81.0,13.6,290.0,6.3,1080.0,2340.0,409.0,128GB,8GB,48.0,16.0,5500.0,,,,,,,,,About 440 EUR,15W wired 10W wireless,,,Li-Po 5500 mAh,IP68/IP69K dust tight and water resistant (high pressure water jets; immersible up to 1.5m for 30 min) Drop resistant up to 1.2m MIL-STD-810G compliant,165.9 x 81 x 13.6 mm (6.53 x 3.19 x 0.54 in),Nano-SIM + Nano-SIM,290 g (10.23 oz),,"5.0, A2DP, LE",Yes,"GPS, GLONASS, GALILEO, BDS","Stereo FM radio, RDS, recording","USB Type-C 2.0, OTG","Wi-Fi 802.11 a/b/g/n/ac, dual-band, Wi-Fi Direct",,,"1080 x 2340 pixels, 19.5:9 ratio (~409 ppi density)","6.3 inches, 97.4 cm 2 (~72.5% screen-to-body ratio)",IPS LCD,,,,,,,,,,,,,"Fingerprint (side-mounted), accelerometer, gyro, proximity, compass, heart rate, baroceptor, coulombmeter","2019, October. Released 2019, October",Discontinued,,"5-LED flash, HDR, panorama",,"48 MP, f/1.7, (wide), 1/2.0"", 0.8µm, PDAF 16 MP, f/2.0, (wide), AF 8 MP, f/2.4, (telephoto)","4K@30fps, 1080p@30fps",,,microSDXC (uses shared SIM slot),128GB 8GB RAM,,Black,,About 440 EUR,,,CDMA 800 / 1900,CDMA2000 1xEV-DO,GSM 850 / 900 / 1800 / 1900,HSDPA 850 / 900 / 1700(AWS) / 1900 / 2100,"1, 2, 3, 4, 5, 7, 8, 12, 13, 17, 18, 19, 20, 25, 26, 28, 34, 38, 39, 40, 41, 66, 71",,,,"HSPA 42.2/11.5 Mbps, LTE (2CA) Cat13 600/150 Mbps",GSM / CDMA / HSPA / EVDO / LTE,-31.6 LUFS (Below average),Octa-core (2x2.2 GHz Cortex-A75 & 6x2.0 GHz Cortex-A55),Mediatek MT6779 Helio P90 (12 nm),PowerVR GM9446,Android 9.0 (Pie),,"16 MP, f/2.0, (wide), 1/3.06"", 1.0µm",1080p@30fps,No,,Yes,,,,Noise -93.6dB / Crosstalk -72.0dB,Photo / Video,,,,Endurance rating 140h,"1455:1 contrast ratio, 406 nits max brightness (measured)","AnTuTu: 163017 (v7), 216770 (v8) GeekBench: 6913 (v4.4), 1476 (v5.1) GFXBench: 7.5fps (ES 3.1 onscreen)",,,,,,,,,,
Ulefone,Ulefone Armor X6,,Phone,https://www.gsmarena.com/ulefone_armor_x6-10024.php,2026-06-03 06:03 UTC,"2019, December. Released 2019, December",2019.0,Discontinued,150.0,78.9,14.4,223.8,5.0,720.0,1280.0,294.0,16GB,2GB,8.0,5.0,4000.0,,,,,,,,,,,,,Li-Po 4000 mAh,IP68 dust tight and water resistant (immersible up to 1.5m for 30 min) Drop resistant up to 1.2m MIL-STD-810G compliant,150 x 78.9 x 14.4 mm (5.91 x 3.11 x 0.57 in),Nano-SIM + Nano-SIM,223.8 g (7.90 oz),,"4.0, A2DP",No,GPS,"Stereo FM radio, RDS, recording",microUSB 2.0,Wi-Fi 802.11 b/g/n,,,"720 x 1280 pixels, 16:9 ratio (~294 ppi density)","5.0 inches, 68.9 cm 2 (~58.2% screen-to-body ratio)",IPS LCD,,,,,,,,,,,,,"Accelerometer, proximity, compass","2019, December. Released 2019, December",Discontinued,,Dual-LED flash,"8 MP, f/2.2, (wide), AF",,720p@30fps,eMMC 5.1,,microSDXC (uses shared SIM slot),16GB 2GB RAM,,Black,,,,,,,GSM 850 / 900 / 1800 / 1900,HSDPA 850 / 900 / 1700(AWS) / 1900 / 2100,,,,,HSPA 42.2/11.5 Mbps,GSM / HSPA,,Quad-core 1.3 GHz Cortex-A7,Mediatek MT6580 (28 nm),Mali-400,Android 9.0 (Pie),,5 MP,720p@30fps,Yes,,Yes,,,,,,,,,,,,,,,,,,,,,
Ulefone,Ulefone Armor 6S,,Phone,https://www.gsmarena.com/ulefone_armor_6s-10021.php,2026-06-03 06:03 UTC,"2019, September. Released 2019, October",2019.0,Discontinued,166.0,83.0,13.3,270.0,6.2,1080.0,2246.0,402.0,128GB,6GB,16.0,8.0,5000.0,,,,,,,,,,18W wired 10W wireless,,,Li-Po 5000 mAh,IP68 dust tight and water resistant (immersible up to 1.5m for 30 min) Drop resistant up to 1.2m MIL-STD-810G compliant,166 x 83 x 13.3 mm (6.54 x 3.27 x 0.52 in),Nano-SIM + Nano-SIM,270 g (9.52 oz),,"4.2, A2DP, LE",Yes,"GPS, GLONASS, BDS","Stereo FM radio, RDS, recording","USB Type-C 2.0, OTG","Wi-Fi 802.11 a/b/g/n/ac, dual-band, Wi-Fi Direct",,,"1080 x 2246 pixels, 18.7:9 ratio (~402 ppi density)","6.2 inches, 96.9 cm 2 (~70.3% screen-to-body ratio)",IPS LCD,,,,,,,,,,,,,"Fingerprint (rear-mounted), accelerometer, gyro, proximity, compass, baroceptor, uv sensor","2019, September. Released 2019, October",Discontinued,"16 MP, f/2.0, (wide), AF 8 MP","Dual-LED flash, HDR, panorama",,,1080p@30fps,eMMC 5.1,,microSDXC (uses shared SIM slot),128GB 6GB RAM,,Black/Red,,,,,CDMA 800 / 1900,CDMA2000 1xEV-DO,GSM 850 / 900 / 1800 / 1900,HSDPA 850 / 900 / 1700(AWS) / 1900 / 2100,"1, 2, 3, 4, 5, 7, 8, 12, 13, 17, 18, 19, 20, 25, 26, 28, 34, 38, 39, 40, 41, 66",,,,"HSPA 42.2/11.5 Mbps, LTE (2CA) Cat7 300/150 Mbps",GSM / CDMA / HSPA / EVDO / LTE,,Octa-core (4x2.1 GHz Cortex-A73 & 4x2.1 GHz Cortex-A53),Mediatek MT6771 Helio P70 (12 nm),Mali-G72 MP3,Android 9.0 (Pie),,8 MP,1080p@30fps,No,,Yes,,,,,,,,,,,,,,,,,,,,,
Ulefone,Ulefone Armor 3W,,Phone,https://www.gsmarena.com/ulefone_armor_3w-10022.php,2026-06-03 06:03 UTC,"2019, September. Released 2019, September",2019.0,Discontinued,164.8,79.2,18.2,365.0,5.7,1080.0,2160.0,424.0,64GB,6GB,21.0,8.0,10300.0,,,,,,,,,,18W wired,,,Li-Po 10300 mAh,IP68 dust tight and water resistant (immersible up to 1.5m for 30 min) Drop resistant up to 1.2m MIL-STD-810G compliant,164.8 x 79.2 x 18.2 mm (6.49 x 3.12 x 0.72 in),Nano-SIM + Nano-SIM,365 g (12.87 oz),,"4.1, A2DP",Yes,"GPS, GLONASS, BDS","Stereo FM radio, RDS, recording","USB Type-C 2.0, OTG","Wi-Fi 802.11 a/b/g/n/ac, dual-band, Wi-Fi Direct",,,"1080 x 2160 pixels, 18:9 ratio (~424 ppi density)","5.7 inches, 83.8 cm 2 (~64.2% screen-to-body ratio)",IPS LCD,,,,,,,,,,,,,"Fingerprint (side-mounted), accelerometer, gyro, proximity, compass, barometer, coulombmeter","2019, September. Released 2019, September",Discontinued,,"Dual-LED dual-tone flash, HDR, panorama","21 MP, f/1.8, (wide), 1/2.4"", 1.12µm, PDAF",,1080p@30fps,eMMC 5.1,,microSDXC (dedicated slot),64GB 6GB RAM,,Black/Orange,,,,,CDMA 800 / 1900,CDMA2000 1xEV-DO,GSM 850 / 900 / 1800 / 1900,HSDPA 800 / 850 / 900 / 1700(AWS) / 1900 / 2100,"1, 2, 3, 4, 5, 7, 8, 12, 13, 17, 18, 19, 20, 25, 26, 28, 34, 38, 39, 40, 41",,,,"HSPA 42.2/11.5 Mbps, LTE (2CA) Cat7 300/150 Mbps",GSM / CDMA / HSPA / EVDO / LTE,,Octa-core (4x2.1 GHz Cortex-A73 & 4x2.1 GHz Cortex-A53),Mediatek MT6771 Helio P70 (12 nm),Mali-G72 MP3,Android 9.0 (Pie),,8 MP,1080p@30fps,No,,Yes,,,,,,,,,,,,,,,,,,,,,
vivo,vivo Pad5e,Also known as vivo iQOO Pad5e,Tablet,https://www.gsmarena.com/vivo_pad5e-14226.php,2026-06-03 06:03 UTC,"2025, October 13",2025.0,"Available. Released 2025, October 17",266.4,192.0,6.6,584.0,12.1,1968.0,2800.0,283.0,128GB | 256GB | 512GB,12GB | 16GB | 8GB,8.0,5.0,10000.0,,,,,,,,,About 240 EUR,"44W wired, PD 5W reverse wired",,,10000 mAh,Stylus support,266.4 x 192 x 6.6 mm (10.49 x 7.56 x 0.26 in),No,584 g or 591 g (1.29 lb),,"5.4, A2DP, LE",No,Unspecified,No,"USB Type-C 3.2, OTG, magnetic connector","Wi-Fi 802.11 a/b/g/n/ac/6, dual-band",,,1968 x 2800 pixels (~283 ppi density),"12.1 inches, 444.4 cm 2 (~86.9% screen-to-body ratio)","IPS LCD, 1B colors, 144Hz, HDR10, 900 nits (peak)",,,,,,,,,,,,,"Accelerometer, proximity (accessories only), gyro","2025, October 13","Available. Released 2025, October 17",,LED flash,8 MP,,1080p@30fps,UFS 3.1 - 128GB UFS 4.1 - 256/512GB,,No,"128GB 8GB RAM, 256GB 8GB RAM, 256GB 12GB RAM, 512GB 16GB RAM",,"Gray, Blue, Purple, Green, Gray, Silver",,About 240 EUR,,,,,,,,,No,No,,No cellular connectivity,,Octa-core (1x3.0 GHz Cortex-X4 & 4x2.8 GHz Cortex-A720 & 3x2.0 GHz Cortex-A520),Qualcomm SM8635 Snapdragon 8s Gen 3 (4 nm),Adreno 735,"Android 15, OriginOS 5 HD",,5 MP,1080p@30fps,No,,"Yes, with stereo speakers (4 speakers)",,,,,,,"Glass front, aluminum back, aluminum frame",,,,,,,,,,,,,,
vivo,vivo Watch GT 2,Versions: bluetooth only; eSIMAlso known as vivo IQOO Watch GT 2,Watch,https://www.gsmarena.com/vivo_watch_gt_2-14227.php,2026-06-03 06:03 UTC,"2025, October 13",2025.0,"Available. Released 2025, October 17",47.5,40.2,11.0,34.8,2.07,432.0,514.0,324.0,,,,,595.0,,,,,,,,,About 90 EUR,,,,· 595 mAh - eSIM version · 695 mAh - bluetooth version,2ATM water resistant Compatible with standard 22mm straps,47.5 x 40.2 x 11 mm (1.87 x 1.58 x 0.43 in),eSIM - cellular model only,34.8 g or 35.8 g (1.23 oz),No,"5.4, A2DP, LE",Yes,"GPS, GLONASS, GALILEO, BDS, QZSS",No,No,No,,,432 x 514 pixels (~324 ppi density),2.07 inches,"AMOLED, 2400 nits (peak)",,,,,,,,,,,,,"Accelerometer, gyro, heart rate, compass, SpO2","2025, October 13","Available. Released 2025, October 17",,,,,,,,No,Unspecified,,"Glossy Black (eSIM only), Matte Silver, Matte Dark Blue",WA2536B,About 90 EUR,,,,,,HSDPA 850 / 900 / 2100 - cellular model only,LTE - cellular model only,,,,"HSPA, LTE - cellular model only",HSPA / LTE,,,,,Blue OS 3.0,,,,No,,Yes,,,,,,,"Glass front, aluminum frame, plastic back",,,,,,,,,,,,,,
vivo,vivo V60e,,Phone,https://www.gsmarena.com/vivo_v60e_5g-14194.php,2026-06-03 06:03 UTC,"2025, October 07",2025.0,"Available. Released 2025, October 10",163.5,77.0,7.5,190.0,6.77,1080.0,2392.0,388.0,128GB | 256GB,12GB | 8GB,200.0,50.0,6500.0,,,1.11,0.91,,,,,About 290 EUR,90W wired Reverse wired Bypass charging,,,Si/C Li-Ion 6500 mAh,IP68/IP69 dust tight and water resistant (high pressure water jets; immersible up to 1.5m for 2 hours),163.5 x 77 x 7.5 mm (6.44 x 3.03 x 0.30 in),Nano-SIM + Nano-SIM,190 g (6.70 oz),,"5.4, A2DP, LE",Yes,"GPS, GALILEO, GLONASS, BDS, QZSS",No,"USB Type-C 2.0, OTG","Wi-Fi 802.11 a/b/g/n/ac, dual-band",,Diamond Shield Glass,1080 x 2392 pixels (~388 ppi density),"6.77 inches, 110.9 cm 2 (~88.1% screen-to-body ratio)","AMOLED, 1B colors, 120Hz, HDR10+, 1600 nits (HBM), 5000 nits (peak)",,,,,,,,,,,,,"Fingerprint (under display, optical), accelerometer, gyro, proximity, compass","2025, October 07","Available. Released 2025, October 10","200 MP, f/1.9, 23mm (wide), 1/1.56"", PDAF, OIS 8 MP, f/2.2, 120˚ (ultrawide)","Ring-LED flash, panorama, HDR",,,"4K, 1080p, HDR, gyro-EIS, OIS",UFS 2.2,,No,"128GB 8GB RAM, 256GB 8GB RAM, 256GB 12GB RAM",,"Elite Purple, Noble Gold",,About 290 EUR,,1.11 W/kg (head)     0.91 W/kg (body),,,GSM 850 / 900 / 1800 / 1900,HSDPA 850 / 900 / 2100,"1, 3, 5, 8, 28, 38, 40, 41","1, 3, 5, 8, 28, 38, 40, 41, 77, 78 SA/NSA",,,"HSPA, LTE, 5G",GSM / HSPA / LTE / 5G,,Octa-core (4x2.5 GHz Cortex-A78 & 4x2.0 GHz Cortex-A55),Mediatek Dimensity 7360 Turbo (4 nm),Mali-G615 MC2,"Android 15, up to 3 major Android upgrades, Funtouch 15",,"50 MP, f/2.0, 22mm (wide), 1/2.76"", 0.64µm, AF","4K, 1080p",No,,"Yes, with stereo speakers",,,Yes,,,,"Glass front (Diamond Shield Glass), plastic back, plastic frame",,,,,,,,,,,,,,
vivo,vivo V60 Lite,Also known as vivo iQOO Z10R for the international marketNot to be confused withVivo V60 Lite 4G,Phone,https://www.gsmarena.com/vivo_v60_lite_5g-14180.php,2026-06-03 06:03 UTC,"2025, September 24",2025.0,"Available. Released 2025, September 24",163.8,76.3,7.6,194.0,6.77,1080.0,2392.0,388.0,256GB | 512GB,12GB | 8GB,50.0,32.0,6500.0,,,,,,367.42,,,€ 367.42,"90W wired, 100% in 52 min 6W reverse wired Bypass charging",,,Si/C Li-Ion 6500 mAh,IP65 dust tight and water resistant (low pressure water jets) MIL-STD-810H compliant* * does not guarantee ruggedness or use in extreme conditions,163.8 x 76.3 x 7.6 mm (6.45 x 3.00 x 0.30 in),Nano-SIM + Nano-SIM,194 g (6.84 oz),,"5.4, A2DP, LE",Yes,"GPS, GLONASS, GALILEO, BDS, QZSS",No,"USB Type-C 2.0, OTG","Wi-Fi 802.11 a/b/g/n/ac/6, dual-band",,Mohs level 4,1080 x 2392 pixels (~388 ppi density),"6.77 inches, 110.9 cm 2 (~88.7% screen-to-body ratio)","AMOLED, 1B colors, 120Hz, HDR10+","61:53h endurance, 1600 cycles",Class B,Class A (270 falls),Class C,,,,,,,,,"Fingerprint (under display, optical), accelerometer, gyro, proximity, compass","2025, September 24","Available. Released 2025, September 24","50 MP, f/1.8, (wide), 1/1.95"", 0.8µm, PDAF 8 MP, f/2.2, 120˚ (ultrawide)","Ring-LED flash, panorama, HDR",,,"4K@30fps, 1080p@30/60fps, gyro-EIS",UFS 3.1,,No,"256GB 8GB RAM, 256GB 12GB RAM, 512GB 8GB RAM, 512GB 12GB RAM",,"Vitality Pink, Titanium Mist Blue, Ocean Night Black",V2529,€ 367.42,,,,,GSM 850 / 900 / 1800 / 1900,HSDPA 850 / 900 / 1700(AWS) / 1900 / 2100,"1, 2, 3, 4, 5, 7, 8, 19, 20, 28, 38, 39, 40, 41","1, 3, 5, 7, 8, 20, 28, 38, 40, 41, 77, 78 SA/NSA",,,"HSPA, LTE, 5G",GSM / HSPA / LTE / 5G,,Octa-core (4x2.5 GHz Cortex-A78 & 4x2.0 GHz Cortex-A55),Mediatek Dimensity 7360 Turbo (4 nm),Mali-G615 MC2,"Android 15, Funtouch 15",,"32 MP, f/2.5, (wide), 1/3.1""","4K@30fps, 1080p@30fps, gyro-EIS",No,,"Yes, with stereo speakers",,,,,,,"Glass front, plastic back, plastic frame",,,,,,,,,,,,,,
vivo,vivo V60 Lite 4G,,Phone,https://www.gsmarena.com/vivo_v60_lite-14172.php,2026-06-03 06:03 UTC,"2025, September 25",2025.0,"Available. Released 2025, October 08",163.8,76.3,7.6,194.0,6.77,1080.0,2392.0,388.0,128GB | 256GB,8GB,50.0,32.0,6500.0,,,,,,,,,About 290 EUR,"90W wired, 100% in 55 min 6W reverse wired Bypass charging",,,Si/C Li-Ion 6500 mAh,IP65 dust tight and water resistant (low pressure water jets) MIL-STD-810H compliant* * does not guarantee ruggedness or use in extreme conditions,163.8 x 76.3 x 7.6 mm (6.45 x 3.00 x 0.30 in),· Nano-SIM · Nano-SIM + Nano-SIM,194 g (6.84 oz),,"5.0, A2DP, LE",Yes (market/region dependent),"GPS, GLONASS, GALILEO, BDS, QZSS",No,"USB Type-C 2.0, OTG","Wi-Fi 802.11 a/b/g/n/ac, dual-band",,,1080 x 2392 pixels (~388 ppi density),"6.77 inches, 110.9 cm 2 (~88.7% screen-to-body ratio)","AMOLED, 1B colors, 120Hz",,,,,,,,,,,,,"Fingerprint (under display, optical), accelerometer, gyro, proximity, compass","2025, September 25","Available. Released 2025, October 08","50 MP, f/1.8, (wide), 1/1.95"", 0.8µm, PDAF 8 MP, f/2.2, 120˚ (ultrawide)","Ring-LED flash, panorama, HDR",,,1080p@30fps,UFS 2.2,,No,"128GB 8GB RAM, 256GB 8GB RAM",,"Black, Blue","V2530, V2549, V2441U",About 290 EUR,,,HSDPA 850 / 900 / 1700(AWS) / 1900 / 2100 - V2549,"1, 2, 3, 4, 5, 7, 8, 13, 18, 19, 26, 28, 38, 40, 41, 66 - V2549",GSM 850 / 900 / 1800 / 1900,HSDPA 850 / 900 / 2100 - V2530,"1, 3, 5, 7, 8, 20, 28, 38, 40, 41 - V2530",,,,"HSPA, LTE",GSM / HSPA / LTE,,Octa-core (4x2.8 GHz Cortex-A73 & 4x1.9 GHz Cortex-A53) - V2530 Octa-core (4x2.9 GHz Cortex-A73 & 4x1.9 GHz Cortex-A53) - V2549,Qualcomm SM6225 Snapdragon 685 (6 nm) - V2530 Qualcomm Snapdragon 6s 4G Gen 2 - V2549,Adreno 610,"Android 15, Funtouch 15",,"32 MP, f/2.5, (wide), 1/3.1""",1080p@30fps,No,,"Yes, with stereo speakers",,,,,,,"Glass front, plastic back, plastic frame",,,,,,,,,,,,,,
vivo,vivo Y31 Pro,,Phone,https://www.gsmarena.com/vivo_y31_pro_5g-14144.php,2026-06-03 06:03 UTC,"2025, September 15",2025.0,"Available. Released 2025, September 15",165.7,76.3,8.1,204.0,6.72,1080.0,2408.0,393.0,128GB | 256GB,8GB,50.0,8.0,6500.0,0.98,0.94,,,,,,,About 180 EUR,"44W wired, 50% in 40 min Reverse wired",,,Li-Ion 6500 mAh,IP64 dust tight and water resistant (water splashes) MIL-STD-810H compliant* * does not guarantee ruggedness or use in extreme conditions,165.7 x 76.3 x 8.1 mm (6.52 x 3.00 x 0.32 in),Nano-SIM + Nano-SIM,204 g or 208 g (7.20 oz),,"5.4, A2DP, LE",No,"GPS, GLONASS, GALILEO, BDS, QZSS",No,"USB Type-C 2.0, OTG","Wi-Fi 802.11 a/b/g/n/ac, dual-band",,,"1080 x 2408 pixels, 20:9 ratio (~393 ppi density)","6.72 inches, 108.8 cm 2 (~86.0% screen-to-body ratio)","IPS LCD, 120Hz, 960Hz PWM, 1050 nits (HBM)",,,,,,,,,,,,,"Fingerprint (side-mounted), accelerometer, gyro, proximity, compass","2025, September 15","Available. Released 2025, September 15","50 MP, f/1.8, (wide), PDAF Auxiliary lens","Ring-LED flash, panorama",,,"4K@30fps, 1080p@30fps, gyro-EIS",UFS 3.1,,No,"128GB 8GB RAM, 256GB 8GB RAM",,"Dreamy White, Mocha Brown",,About 180 EUR,0.98 W/kg (head)     0.94 W/kg (body),,,,GSM 850 / 900 / 1800 / 1900,HSDPA 850 / 900 / 2100,"1, 3, 5, 8, 28, 38, 40, 41","1, 3, 5, 8, 28, 40, 77, 78 SA/NSA",,,"HSPA, LTE, 5G",GSM / HSPA / LTE / 5G,,Octa-core (4x2.5 GHz Cortex-A78 & 4x2.0 GHz Cortex-A55),Mediatek Dimensity 7300 (4 nm),Mali-G615 MC2,"Android 15, Funtouch 15",,"8 MP, (wide)",1080p@30fps,No,,"Yes, with stereo speakers",,,Yes,,,24-bit/192kHz Hi-Res audio,"Glass front, plastic back, plastic frame",,,,,,,,,,,,,,
vivo,vivo Y31,,Phone,https://www.gsmarena.com/vivo_y31_5g-14143.php,2026-06-03 06:03 UTC,"2025, September 15",2025.0,"Available. Released 2025, September 15",166.1,77.0,8.4,209.0,6.68,720.0,1608.0,264.0,128GB | 256GB | 512GB,4GB | 6GB | 8GB,50.0,8.0,6500.0,1.13,0.99,,,,,,,About 150 EUR,"44W wired, 50% in 38 min Reverse wired",,,Li-Ion 6500 mAh,IP68/IP69 dust tight and water resistant (high pressure water jets; immersible up to 1.5m for 30 min) MIL-STD-810H compliant* * does not guarantee ruggedness or use in extreme conditions,166.1 x 77 x 8.4 mm (6.54 x 3.03 x 0.33 in),Nano-SIM + Nano-SIM,209 g (7.37 oz),,"4.2, A2DP, LE",No,"GPS, GLONASS, GALILEO, BDS, QZSS",No,"USB Type-C 2.0, OTG","Wi-Fi 802.11 a/b/g/n/ac, dual-band",,Guardian Glass (ion-strengthened),"720 x 1608 pixels, 20:9 ratio (~264 ppi density)","6.68 inches, 107.4 cm 2 (~84.0% screen-to-body ratio)","IPS LCD, 120Hz, 1000 nits (HBM)",,,,,,,,,,,,,"Fingerprint (side-mounted), accelerometer, proximity, compass","2025, September 15","Available. Released 2025, September 15",,"Ring-LED flash, panorama","50 MP, f/1.8, (wide), PDAF Auxiliary lens",,1080p@30fps,eMMC 5.1,,microSDXC (uses shared SIM slot),"128GB 4GB RAM, 128GB 6GB RAM, 128GB 8GB RAM, 256GB 6GB RAM, 256GB 8GB RAM, 512GB 6GB RAM",,"Rose Red, Diamond Green",,About 150 EUR,1.13 W/kg (head)     0.99 W/kg (body),,,,GSM 850 / 900 / 1800 / 1900,HSDPA 850 / 900 / 2100,"1, 3, 5, 8, 28, 38, 40, 41","1, 3, 5, 8, 28, 40, 77, 78 SA/NSA",,,"HSPA, LTE, 5G",GSM / HSPA / LTE / 5G,,Octa-core (2x2.2 GHz Cortex-A78 & 6x1.95 GHz Cortex-A55),Qualcomm SM4450 Snapdragon 4 Gen 2 (4 nm),Adreno 613,"Android 15, Funtouch 15",,"8 MP, f/2.0, (wide)",1080p@30fps,No,,"Yes, with stereo speakers",,,,,,24-bit/192kHz Hi-Res audio,,,,,,,,,,,,,,,
vivo,vivo Y500 (China),,Phone,https://www.gsmarena.com/vivo_y500_5g_(china)-14097.php,2026-06-03 06:03 UTC,"2025, September 01",2025.0,"Available. Released 2025, September 05",163.1,75.9,8.2,213.0,6.77,1080.0,2392.0,388.0,128GB | 256GB | 512GB,12GB | 8GB,50.0,8.0,8200.0,,,,,,,,,About 170 EUR,90W wired Reverse wired,,,Si/C Li-Ion 8200 mAh,IP68/IP69+ dust tight and water resistant (high pressure water jets; immersible up to 1.5m for 24 hours) Drop resistant up to 1.7m,163.1 x 75.9 x 8.2 mm (6.42 x 2.99 x 0.32 in),Nano-SIM + Nano-SIM,213 g (7.51 oz),,"5.4, A2DP, LE, aptX HD",Yes,"GPS, GALILEO, GLONASS, QZSS, BDS",No,"USB Type-C 2.0, OTG","Wi-Fi 802.11 a/b/g/n/ac/6, dual-band",,Diamond Shield Glass,1080 x 2392 pixels (~388 ppi density),"6.77 inches, 110.9 cm 2 (~89.6% screen-to-body ratio)","AMOLED, 1B colors, 120Hz, 3840Hz PWM, 5000 nits (peak)",,,,,,,,,,,,,"Fingerprint (under display, optical), accelerometer, gyro, proximity, compass","2025, September 01","Available. Released 2025, September 05","50 MP, f/1.8, (wide), PDAF Auxiliary lens","Ring-LED flash, panorama, HDR",,,"4K@30fps, 1080p@30fps, gyro-EIS",UFS 3.1,,No,"128GB 8GB RAM, 256GB 8GB RAM, 256GB 12GB RAM, 512GB 12GB RAM",,"Black, Blue, Purple",V2506A,About 170 EUR,,,CDMA 800,,GSM 850 / 900 / 1800 / 1900,HSDPA 850 / 900 / 2100,"1, 3, 5, 8, 28, 34, 38, 39, 40, 41","1, 3, 5, 8, 28, 38, 40, 41, 77, 78 SA/NSA",,,"HSPA, LTE, 5G",GSM / CDMA / HSPA / LTE / 5G,,Octa-core (4x2.5 GHz Cortex-A78 & 4x2.0 GHz Cortex-A55),Mediatek Dimensity 7300 (4 nm),Mali-G615 MC2,"Android 15, OriginOS 5",,"8 MP, f/2.1, (wide)",1080p@30fps,No,,"Yes, with stereo speakers",,,,,,24-bit/192kHz Hi-Res & Hi-Res Wireless audio 3D Panoramic Audio speaker,,,,,,,Panorama,,,,,,,,
vivo,vivo T4 Pro,,Phone,https://www.gsmarena.com/vivo_t4_pro_5g-14095.php,2026-06-03 06:03 UTC,"2025, August 26",2025.0,"Available. Released 2025, August 26",163.5,77.0,7.5,192.0,6.77,1080.0,2392.0,388.0,128GB | 256GB,12GB | 8GB,50.0,32.0,6500.0,0.99,0.93,,,,,,29299.0,"₹ 29,299","90W wired, PD 7.5W reverse wired Bypass charging",,,Si/C Li-Ion 6500 mAh,IP68/IP69 dust tight and water resistant (high pressure water jets; immersible up to 1.5m for 30 min) Manufacturer-rated water-resistant (up to 120 min) MIL-STD-810H compliant* * does not guarantee ruggedness or use in extreme conditions,163.5 x 77 x 7.5 mm (6.44 x 3.03 x 0.30 in),Nano-SIM + Nano-SIM,192 g (6.77 oz),,"5.4, A2DP, LE",No,"GPS, GALILEO, GLONASS, QZSS, BDS, NavIC",No,"USB Type-C 2.0, OTG","Wi-Fi 802.11 a/b/g/n/ac/6, dual-band",,Diamond Shield Glass,1080 x 2392 pixels (~388 ppi density),"6.77 inches, 110.9 cm 2 (~88.1% screen-to-body ratio)","AMOLED, 1B colors, HDR10+, 120Hz, 1500 nits (HBM), 5000 nits (peak)",,,,,,,,,,,,,"Fingerprint (under display, optical), accelerometer, gyro, proximity, compass","2025, August 26","Available. Released 2025, August 26",,"Ring-LED flash, panorama, HDR",,"50 MP, f/1.8, 26mm (wide), 1/1.95"", 0.8µm, PDAF, OIS 50 MP, f/2.7, 73mm (periscope telephoto), 1/1.95"", 0.8µm, PDAF, OIS, 3x optical zoom Auxiliary lens","4K@30fps, 1080p@30fps, gyro-EIS, OIS",UFS 2.2,,No,"128GB 8GB RAM, 256GB 8GB RAM, 256GB 12GB RAM",,"Nitro Blue, Blaze Gold",V2510,"₹ 29,299",0.99 W/kg (head)     0.93 W/kg (body),,,,GSM 850 / 900 / 1800 / 1900,HSDPA 800 / 850 / 900 / 1700(AWS) / 1900 / 2100,"1, 3, 4, 5, 7, 8, 18, 19, 20, 26, 28, 38, 39, 40, 41, 42, 66","1, 3, 5, 8, 28, 38, 40, 41, 66, 77, 78 SA/NSA",,,"HSPA, LTE, 5G",GSM / HSPA / LTE / 5G,,Octa-core (1x2.8 GHz Cortex-720 & 4x2.4 GHz Cortex-720 & 3x1.8 GHz Cortex-520),Qualcomm SM7750-AB Snapdragon 7 Gen 4 (4 nm),Adreno 722,"Android 15, up to 4 major Android upgrades, Funtouch 15",,"32 MP, f/2.5, 30mm (wide)","4K@30fps, 1080p@30fps",No,,"Yes, with stereo speakers",,,Yes,,,,"Glass front, plastic frame, plastic back",,,,,,,,,,,,,,
vivo,vivo V60,,Phone,https://www.gsmarena.com/vivo_v60_5g-14021.php,2026-06-03 06:03 UTC,"2025, August 12",2025.0,"Available. Released 2025, August 19",163.5,77.0,7.5,192.0,6.77,1080.0,2392.0,388.0,128GB | 256GB | 512GB,12GB | 16GB | 8GB,50.0,50.0,6500.0,0.99,0.93,,,,,,,About 360 EUR,"90W wired, PD Reverse wired Bypass charging",,,Si/C Li-Ion 6500 mAh,IP68/IP69 dust tight and water resistant (high pressure water jets; immersible up to 1.5m for 120 min),163.5 x 77 x 7.5 mm or 7.8 mm,Nano-SIM + Nano-SIM,192 g or 201 g (6.77 oz),,"5.4, A2DP, LE",Yes,"GPS, GALILEO, GLONASS, QZSS, BDS, NavIC",No,"USB Type-C 2.0, OTG","Wi-Fi 802.11 a/b/g/n/ac/6, dual-band",,Schott Xensation Core,1080 x 2392 pixels (~388 ppi density),"6.77 inches, 110.9 cm 2 (~88.1% screen-to-body ratio)","AMOLED, 1B colors, HDR10+, 120Hz, 1500 nits (HBM), 5000 nits (peak)",,,,,Virtual proximity sensing,,,,,,,,"Fingerprint (under display, optical), accelerometer, gyro, compass","2025, August 12","Available. Released 2025, August 19",,"Zeiss optics, Ring-LED flash, panorama, HDR",,"50 MP, f/1.9, 23mm (wide), 1/1.56"", 1.0µm, PDAF, OIS 50 MP, f/2.7, 73mm (periscope telephoto), 1/1.95"", 0.8µm, PDAF, OIS, 3x optical zoom 8 MP, f/2.0, 15mm, 120˚ (ultrawide)","4K@30fps, 1080p@30/60fps, gyro-EIS, OIS",UFS 2.2,,No,"128GB 8GB RAM, 256GB 8GB RAM, 256GB 12GB RAM, 512GB 12GB RAM, 512GB 16GB RAM",,"Mist Grey, Moonlit Blue, Ocean Blue, Auspicious Gold, Berry Purple",V2511,About 360 EUR,0.99 W/kg (head)     0.93 W/kg (body),,"1, 3, 4, 5, 8, 18, 19, 26, 28, 38, 39, 40, 41, 42, 66 - India","1, 3, 5, 8, 28, 38, 40, 41, 66, 77, 78 SA/NSA - India",GSM 850 / 900 / 1800 / 1900,HSDPA 800 / 850 / 900 / 1700(AWS) / 1900 / 2100,"1, 2, 3, 4, 5, 7, 8, 12, 17, 18, 19, 20, 26, 28, 38, 39, 40, 41, 42, 66 - International","1, 3, 5, 7, 8, 20, 26, 28, 38, 40, 41, 66, 77, 78 SA/NSA - International",,,"HSPA, LTE, 5G",GSM / HSPA / LTE / 5G,-24.7 LUFS (Very good),Octa-core (1x2.8 GHz Cortex-720 & 4x2.4 GHz Cortex-720 & 3x1.8 GHz Cortex-520),Qualcomm SM7750-AB Snapdragon 7 Gen 4 (4 nm),Adreno 722,"Android 15, up to 4 major Android upgrades, Funtouch 15",,"50 MP, f/2.2, 21mm (wide), 1/2.76"", 0.64µm, AF","4K@30fps, 1080p@30/60fps",No,,"Yes, with stereo speakers",,,Yes,,,,"Glass front, plastic frame, plastic back or glass back",,,1456 nits max brightness (measured),AnTuTu: 1009011 (v10) GeekBench: 3568 (v6) 3DMark: 1795 (Wild Life Extreme),,"Zeiss optics, HDR",,,,,,,Active use score 15:52h,
vivo,vivo iQOO Z10 Turbo+,,Phone,https://www.gsmarena.com/vivo_iqoo_z10_turbo+_5g-14038.php,2026-06-03 06:03 UTC,"2025, August 07",2025.0,"Available. Released 2025, August 07",163.7,75.9,8.2,212.0,6.78,1260.0,2800.0,453.0,256GB | 512GB,12GB | 16GB,50.0,16.0,8000.0,,,,,,,,,About 250 EUR,"90W wired, 55W PD/PPS Reverse wired",,,Si/C Li-Ion 8000 mAh,IP65 dust tight and water resistant (low pressure water jets),163.7 x 75.9 x 8.2 mm (6.44 x 2.99 x 0.32 in),Nano-SIM + Nano-SIM,212 g (7.48 oz),,"5.4, A2DP, LE, aptX HD, LHDC 5",Yes,"GPS (L1+L5), BDS (B1I+B1C+B2a+B2b), GALILEO (E1+E5a+E5b), QZSS (L1+L5), NavIC (L5), GLONASS",No,"USB Type-C 2.0, OTG","Wi-Fi 802.11 a/b/g/n/ac/6/7, dual-band",,,"1260 x 2800 pixels, 20:9 ratio (~453 ppi density)","6.78 inches, 111.0 cm 2 (~89.3% screen-to-body ratio)","AMOLED, 1B colors, 144Hz, HDR, 4320Hz PWM, 2000 nits (HBM), 5500 nits (peak)",,,,,,,,,,,,,"Fingerprint (under display, optical), accelerometer, gyro, proximity, compass","2025, August 07","Available. Released 2025, August 07","50 MP, f/1.8, (wide), 1/1.95"", 0.8µm, PDAF, OIS 8 MP, f/2.2, (ultrawide)","Color spectrum sensor, LED flash, HDR, panorama",,,"4K, 1080p, gyro-EIS, OIS",UFS 4.1,,No,"256GB 12GB RAM, 256GB 16GB RAM, 512GB 12GB RAM, 512GB 16GB RAM",,"White, Gray, Gold",V2507A,About 250 EUR,,,,,GSM 850 / 900 / 1800 / 1900,HSDPA 800 / 850 / 900 / 2100,"1, 3, 5, 8, 18, 19, 26, 28, 34, 38, 39, 40, 41, 42, 43, 48","1, 3, 5, 8, 18, 26, 28, 34, 38, 39, 40, 41, 48, 77, 78 SA/NSA",,,"HSPA, LTE, 5G",GSM / HSPA / LTE / 5G,,Octa-core (1x3.73 GHz Cortex-X925 & 3x3.3 GHz Cortex-X4 & 4x2.4 GHz Cortex-A720),Mediatek Dimensity 9400+ (3 nm),Immortalis-G925,"Android 15, OriginOS 5",,"16 MP, f/2.5, (wide), 1/3.0"", 1.0µm","1080p@30fps, gyro-EIS",No,,"Yes, with stereo speakers",,,Yes,,,,,,,,,,,,,,,,,,
vivo,vivo Y19s GT,,Phone,https://www.gsmarena.com/vivo_y19s_gt_5g-14045.php,2026-06-03 06:03 UTC,"2025, July 13",2025.0,"Available. Released 2025, July",167.3,77.0,8.2,199.0,6.74,720.0,1600.0,260.0,128GB | 256GB,6GB | 8GB,50.0,5.0,5500.0,,,,,,,,,About 110 EUR,15W wired,,,Li-Ion 5500 mAh,IP64 dust tight and water resistant (water splashes) MIL-STD-810H compliant* * does not guarantee ruggedness or use in extreme conditions,167.3 x 77 x 8.2 mm (6.59 x 3.03 x 0.32 in),Nano-SIM + Nano-SIM,199 g (7.02 oz),,"5.4, A2DP, LE",Yes,"GPS, GALILEO, GLONASS, BDS, QZSS",FM radio,"USB Type-C 2.0, OTG","Wi-Fi 802.11 a/b/g/n/ac, dual-band",,,"720 x 1600 pixels, 20:9 ratio (~260 ppi density)","6.74 inches, 109.7 cm 2 (~85.1% screen-to-body ratio)","IPS LCD, 90Hz, 570 nits (HBM)",,,,,,,,,,,,,"Fingerprint (side-mounted), accelerometer, proximity","2025, July 13","Available. Released 2025, July",,"LED flash, panorama","50 MP, f/1.8, (wide), PDAF Auxiliary lens",,1080p@30fps,eMMC 5.1,,microSDXC (dedicated slot),"128GB 6GB RAM, 128GB 8GB RAM, 256GB 8GB RAM",,"Jade Green, Crystal Purple",V2459,About 110 EUR,,,,,GSM 850 / 900 / 1800 / 1900,HSDPA 850 / 900 / 2100,"1, 3, 5, 7, 8, 20, 28, 38, 40, 41","1, 3, 5, 7, 8, 20, 28, 38, 40, 41, 77, 78 SA/NSA",,,"HSPA, LTE",GSM / HSPA / LTE / 5G,,Octa-core (2x2.4 GHz Cortex-A76 & 6x2.0 GHz Cortex-A55),Mediatek Dimensity 6300 (6 nm),Mali-G57 MC2,"Android 15, Funtouch 15",,"5 MP, f/2.2, (wide)",Yes,Yes,,Yes,,,,,,,"Glass front, plastic frame, plastic back",,,,,,,,,,,,,,
vivo,vivo Y400,Not to be confused withvivo Y400 4G,Phone,https://www.gsmarena.com/vivo_y400_5g-14043.php,2026-06-03 06:03 UTC,"2025, August 04",2025.0,"Available. Released 2025, August 07",162.3,75.3,7.9,197.0,6.67,1080.0,2400.0,395.0,128GB | 256GB,8GB,50.0,32.0,6000.0,0.99,0.8,,,,,,,About 220 EUR,"90W wired, 50% in 20 min Reverse wired Bypass Charging",,,Li-Ion 6000 mAh,IP68/IP69 dust tight and water resistant (high pressure water jets; immersible up to 2m for 30 min) MIL-STD-810H compliant* * does not guarantee ruggedness or use in extreme conditions,162.3 x 75.3 x 7.9 mm (6.39 x 2.96 x 0.31 in),Nano-SIM + Nano-SIM,197 g (6.95 oz),,"5.0, A2DP, LE",No,"GPS, GLONASS, GALILEO, BDS, QZSS",No,"USB Type-C 2.0, OTG","Wi-Fi 802.11 a/b/g/n/ac, dual-band",,,"1080 x 2400 pixels, 20:9 ratio (~395 ppi density)","6.67 inches, 107.4 cm 2 (~87.9% screen-to-body ratio)","AMOLED, 120Hz, 1200 nits (HBM), 1800 nits (peak)",,,,,,,,,,,,,"Fingerprint (under display, optical), accelerometer, gyro, proximity, compass","2025, August 04","Available. Released 2025, August 07","50 MP, f/1.8, (wide), 1/2.96"", PDAF Auxiliary lens","Ring-LED flash, panorama, HDR",,,1080p@30fps,UFS 3.1,,Unspecified,"128GB 8GB RAM, 256GB 8GB RAM",,"Glam White, Olive Green",,About 220 EUR,0.99 W/kg (head)     0.80 W/kg (body),,,,GSM 850 / 900 / 1800 / 1900,HSDPA 800 / 850 / 900 / 2100,"1, 3, 4, 5, 8, 18, 19, 26, 28, 38, 40, 41, 42, 48","1, 3, 5, 8, 28, 40, 77, 78 SA/NSA",,,"HSPA, LTE, 5G",GSM / HSPA / LTE / 5G,,Octa-core (2x2.2 GHz Cortex-A78 & 6x1.95 GHz Cortex-A55),Qualcomm SM4450 Snapdragon 4 Gen 2 (4 nm),Adreno 613,"Android 15, Funtouch 15",,"32 MP, f/2.5, (wide)",1080p@30fps,No,,"Yes, with stereo speakers",,,,,,24-bit/192kHz Hi-Res audio,"Glass front, plastic back, plastic frame",,,,,,,,,,,,,,
vivo,vivo Y400 4G,Not to be confused withvivo Y400 5GAlso known as Vivo Z10 Lite 4G,Phone,https://www.gsmarena.com/vivo_y400-14040.php,2026-06-03 06:03 UTC,"2025, July 28",2025.0,"Available. Released 2025, July 28",162.3,75.3,7.9,196.0,6.67,1080.0,2400.0,395.0,128GB | 256GB,8GB,50.0,8.0,6000.0,,,,,,,,,About 200 EUR,44W wired Reverse wired,,,Si/C Li-Ion 6000 mAh,IP68/IP69 dust tight and water resistant (high pressure water jets; immersible up to 2m for 30 min) MIL-STD-810H compliant* * does not guarantee ruggedness or use in extreme conditions,162.3 x 75.3 x 7.9 mm (6.39 x 2.96 x 0.31 in),Nano-SIM + Nano-SIM,196 g or 198 g (6.91 oz),,"5.0, A2DP, LE",Yes (market/region dependent),"GPS, GLONASS, GALILEO, BDS, QZSS",No,"USB Type-C 2.0, OTG","Wi-Fi 802.11 a/b/g/n/ac, dual-band",,,"1080 x 2400 pixels, 20:9 ratio (~395 ppi density)","6.67 inches, 107.4 cm 2 (~87.9% screen-to-body ratio)","AMOLED, 120Hz, 1200 nits (HBM), 1800 nits (peak)",,,,,,,,,,,,,"Fingerprint (under display, optical), accelerometer, gyro, proximity, compass","2025, July 28","Available. Released 2025, July 28","50 MP, f/1.8, (wide), 1/2.96"", PDAF Auxiliary lens","Ring-LED flash, panorama, HDR",,,1080p@30fps,UFS 2.2,,No,"128GB 8GB RAM, 256GB 8GB RAM",,"Purple Twilight, Tropical Green (Dynamic Green), Pearl White",I2502,About 200 EUR,,,,,GSM 850 / 900 / 1800 / 1900,HSDPA 850 / 900 / 2100,"1, 3, 5, 7, 8, 20, 28, 38, 40, 41",,,,"HSPA, LTE",GSM / HSPA / LTE,,Octa-core (4x2.8 GHz Cortex-A73 & 4x1.9 GHz Cortex-A53),Qualcomm SM6225 Snapdragon 685 (6 nm),Adreno 610,"Android 15, Funtouch 15",,"8 MP, f/2.1, (wide)",1080p@30fps,No,,"Yes, with stereo speakers",,,,,,24-bit/192kHz Hi-Res audio,"Glass front, plastic back, plastic frame",,,,,,,,,,,,,,
